paper_id,venue,year,title,score,tier,matched_groups,abstract,evidence,penalties,pdf,url,has_abstract,source_file
iclr2026_papers:6710,ICLR,2026,Can Exploration Save Us from Adversarial Attacks? A Reinforcement Learning Approach to Adversarial Robustness,11,C-Foundation,adversarial_core;classification_context;vision_context,"Although considerable progress has been made toward enhancing the robustness of deep neural networks (DNNs), they continue to exhibit significant vulnerability to gradient-based adversarial attacks in supervised learning (SL) settings. We investigate adversarial robustness under reinforcement learning (RL), training image classifiers with policy-gradient objectives and $\epsilon$-greedy exploration. When training models with several architectures on CIFAR-10, CIFAR-100, and ImageNet-100 datasets, RL consistently improves adversarial accuracy under white-box gradient-based attacks. Our results show that on a representative 6-layer CNN, adversarial accuracy increases from approximately 5\% to 55\% on CIFAR-10, 2\% to 25\% on CIFAR-100, and 5\% to 18\% on ImageNet-100, while clean accuracy decreases only 3–5\% relative to SL. However, transfer analysis reveals that adversarial examples crafted on RL models transfer poorly: both SL and RL retain approximately 43\% accuracy against these attacks. In contrast, adversarial examples crafted on SL models transfer effectively, reducing both SL and plain RL to around 8\% accuracy. This indicates that while plain RL can prevent the generation of strong adversarial examples, it remains vulnerable to transferred attacks from other models, thus requiring adversarial training (RL-adv, $\sim$30\% adversarial accuracy) for comprehensive defense against cross-model attacks. Analysis of loss geometry and gradient dynamics show that RL induces smaller gradient norms and rapidly changing input-gradient directions, reducing exploitable information for gradient-based attackers. Despite higher computational overhead, these findings suggest RL-based training can complement existing defenses by naturally smoothing loss landscapes, motivating hybrid approaches that combine SL efficiency with RL-induced gradient regularization.","{""adversarial_core"": [""Can Exploration Save Us from Adversarial Attacks? A Reinforcement Learning Approach to Adversarial Robu""], ""vision_context"": [""robustness under reinforcement learning (RL), training image classifiers with policy-gradient objectives and $\\epsi"", ""on. When training models with several architectures on CIFAR-10, CIFAR-100, and ImageNet-100 datasets, RL consistently"", ""with several architectures on CIFAR-10, CIFAR-100, and ImageNet-100 datasets, RL consistently improves adversarial acc"", ""dient-based attacks reinforcement learning exploration image classification transfer attacks robustness analysis""], ""classification_context"": [""robustness under reinforcement learning (RL), training image classifiers with policy-gradient objectives and $\\epsilon$-greedy"", ""cks. Our results show that on a representative 6-layer CNN, adversarial accuracy increases from approximately 5\\%"", ""on. When training models with several architectures on CIFAR-10, CIFAR-100, and ImageNet-100 datasets, RL consistently"", ""with several architectures on CIFAR-10, CIFAR-100, and ImageNet-100 datasets, RL consistently improves adversarial acc""]}",{},https://openreview.net/pdf/6cdcea68df3dc0d8413f6182f7655dfe51136ab3.pdf,https://openreview.net/forum?id=L3xLWvPZhb,True,iclr2026_papers.json
neurips2025_papers:4980,NEURIPS,2025,Consensus-Robust Transfer Attacks via Parameter and Representation Perturbations,11,C-Foundation,adversarial_core;classification_context;vision_context,"Adversarial examples crafted on one model often exhibit poor transferability to others, hindering their effectiveness in black-box settings. This limitation arises from two key factors: (i) \emph{decision-boundary variation} across models and (ii) \emph{representation drift} in feature space. We address these challenges through a new perspective that frames transferability for \emph{untargeted attacks} as a \emph{consensus-robust optimization} problem: adversarial perturbations should remain effective across a neighborhood of plausible target models. To model this uncertainty, we introduce two complementary perturbation channels: a \emph{parameter channel}, capturing boundary shifts via weight perturbations, and a \emph{representation channel}, addressing feature drift via stochastic blending of clean and adversarial activations. We then propose \emph{CORTA} (COnsensus--Robust Transfer Attack), a lightweight attack instantiated from this robust formulation using two first-order strategies: (i) sensitivity regularization based on the squared Frobenius norm of logits’ Jacobian with respect to weights, and (ii) Monte Carlo sampling for blended feature representations. Our theoretical analysis provides a certified lower bound linking these approximations to the robust objective. Extensive experiments on CIFAR-100 and ImageNet show that CORTA significantly outperforms state-of-the-art transfer-based methods---including ensemble approaches---across CNN and Vision Transformer targets. Notably, CORTA achieves a \emph{19.1 percentage-point gain in transfer success rate over the best prior method} while using only a single surrogate model.","{""adversarial_core"": [""Attacks via Parameter and Representation Perturbations Adversarial examples crafted on one model often exhibit poor transferabilit""], ""vision_context"": [""thods---including ensemble approaches---across CNN and Vision Transformer targets. Notably, CORTA achieves a \\emph{1"", ""ions to the robust objective. Extensive experiments on CIFAR-100 and ImageNet show that CORTA significantly outperforms"", ""bust objective. Extensive experiments on CIFAR-100 and ImageNet show that CORTA significantly outperforms state-of-the""], ""classification_context"": [""based methods---including ensemble approaches---across CNN and Vision Transformer targets. Notably, CORTA achieve"", ""ions to the robust objective. Extensive experiments on CIFAR-100 and ImageNet show that CORTA significantly outperforms"", ""bust objective. Extensive experiments on CIFAR-100 and ImageNet show that CORTA significantly outperforms state-of-the""]}",{},https://openreview.net/pdf/ce358373fc8c2b3e8f92517157365bfbe90225f0.pdf,https://openreview.net/forum?id=NCzNOKjKnD,True,neurips2025_papers.json
icml2025_papers:3046,ICML,2025,"One Stone, Two Birds: Enhancing Adversarial Defense Through the Lens of Distributional Discrepancy",11,C-Foundation,adversarial_core;classification_context;vision_context,"Statistical adversarial data detection(SADD) detects whether an upcoming batch containsadversarial examples(AEs) by measuring the distributional discrepancies betweenclean examples(CEs) and AEs. In this paper, we explore the strength of SADD-based methods by theoretically showing that minimizing distributional discrepancy can help reduce the expected loss on AEs. Despite these advantages, SADD-based methods have a potential limitation: they discard inputs that are detected as AEs, leading to the loss of clean information within those inputs. To address this limitation, we propose a two-pronged adversarial defense method, namedDistributional-discrepancy-basedAdversarialDefense (DAD). In the training phase, DAD first optimizes the test power of themaximum mean discrepancy(MMD) to derive MMD-OPT, which isa stone that kills two birds. MMD-OPT first serves as aguiding signalto minimize the distributional discrepancy between CEs and AEs to train a denoiser. Then, it serves as adiscriminatorto differentiate CEs and AEs during inference. Overall, in the inference stage, DAD consists of a two-pronged process: (1) directly feeding the detected CEs into the classifier, and (2) removing noise from the detected AEs by the distributional-discrepancy-based denoiser. Extensive experiments show that DAD outperforms currentstate-of-the-art(SOTA) defense methods bysimultaneouslyimproving clean and robust accuracy on CIFAR-10 and ImageNet-1K against adaptive white-box attacks. Codes are publicly available at: https://github.com/tmlr-group/DAD.","{""adversarial_core"": [""One Stone, Two Birds: Enhancing Adversarial Defense Through the Lens of Distributional Discrepancy Statist"", ""A) defense methods bysimultaneouslyimproving clean and robust accuracy on CIFAR-10 and ImageNet-1K against adaptive white-box""], ""vision_context"": [""bysimultaneouslyimproving clean and robust accuracy on CIFAR-10 and ImageNet-1K against adaptive white-box attacks. Co"", ""slyimproving clean and robust accuracy on CIFAR-10 and ImageNet-1K against adaptive white-box attacks. Codes are publi""], ""classification_context"": [""bysimultaneouslyimproving clean and robust accuracy on CIFAR-10 and ImageNet-1K against adaptive white-box attacks. Co"", ""slyimproving clean and robust accuracy on CIFAR-10 and ImageNet-1K against adaptive white-box attacks. Codes are publi"", ""A) defense methods bysimultaneouslyimproving clean and robust accuracy on CIFAR-10 and ImageNet-1K against adaptive white-box""]}",{},https://raw.githubusercontent.com/mlresearch/v267/main/assets/zhang25bn/zhang25bn.pdf,,True,icml2025_papers.json
cvpr2026_papers:1037,CVPR,2026,Robustness Under Data Scarcity: Few-Shot Continual Adversarial Training for Evolving Threats,11,C-Foundation,adversarial_core;classification_context;vision_context,"Deep learning models remain highly vulnerable to evolving adversarial attacks. While existing continual adversarial training approaches often assume abundant adversarial data at each stage, real-world scenarios frequently involve limited data availability. This paper addresses the setting of Few-shot Continual Adversarial Training, where only a small number of adversarial examples are available per stage, presenting major challenges in achieving robust generalization and mitigating catastrophic forgetting. To tackle these challenges, we propose a novel continual adversarial training framework that incorporates three key components: (i) an Adversarial Margin loss that explicitly pushes clean samples away from decision boundaries to enhance feature discrimination; (ii) a Gaussian mixture model Prototype Replay strategy that synthesizes representative pseudo-features to preserve knowledge of past adversarial domains; and (iii) a Multi-Domain Balanced loss that guides updates to stabilize learning across diverse attack distributions. Extensive experiments on ImageNet-1K and CIFAR-100 demonstrate that our approach consistently outperforms state-of-the-art methods in both clean and robust accuracy across a variety of adversarial settings. The code will be released.","{""adversarial_core"": [""Robustness Under Data Scarcity: Few-Shot Continual Adversarial Training for Evolving Threats Deep learning models remain highl"", ""outperforms state-of-the-art methods in both clean and robust accuracy across a variety of adversarial settings. The code wil""], ""vision_context"": [""istributions. Extensive experiments on ImageNet-1K and CIFAR-100 demonstrate that our approach consistently outperforms"", ""diverse attack distributions. Extensive experiments on ImageNet-1K and CIFAR-100 demonstrate that our approach consist""], ""classification_context"": [""istributions. Extensive experiments on ImageNet-1K and CIFAR-100 demonstrate that our approach consistently outperforms"", ""diverse attack distributions. Extensive experiments on ImageNet-1K and CIFAR-100 demonstrate that our approach consist"", ""outperforms state-of-the-art methods in both clean and robust accuracy across a variety of adversarial settings. The code wil""]}",{},https://openaccess.thecvf.com/content/CVPR2026/papers/Wang_Robustness_Under_Data_Scarcity_Few-Shot_Continual_Adversarial_Training_for_Evolving_CVPR_2026_paper.pdf,https://cvpr.thecvf.com/virtual/2026/poster/36533,True,cvpr2026_papers.json
iclr2026_papers:7013,ICLR,2026,SINAI: Strategic Injection of Noise for Adversarial Defense with Improved Accuracy–Robustness Tradeoffs,11,C-Foundation,adversarial_core;classification_context;vision_context,"Vision models are widely used for edge deployment, but they are highly vulnerable to query-based black-box adversarial attacks. Existing noise injection defenses, while promising, often overlook the unique characteristics of vision models, such as the heterogeneity between attention and feedforward modules, which fundamentally shape how injected noise propagates. Thus, previous methods yield suboptimal trade-offs between clean and robust accuracy. In this work, we scrutinize noise injection methods to vision models and provide two insights: (1) noise injection should explicitly consider the activation function, as attention modules with Softmax respond differently from FFN and CNN modules with GeLU or ReLU, and (2) gradient norms vary across logits within the same layer, so uniform noise injection for all the logits can perturb high-gradient logits and hurt clean accuracy, which motivates a fine-grained, logit-aware allocation strategy. Building on these observations, we propose an adaptive noise injection defense that combines module-level and logit-level noise allocation: injecting stronger noise to attention with softmax, while applying fine-grained, logit-aware noise in GeLU/ReLU based FFN and convolutional modules. We then formulate the search process of noise injection hyperparameters as a constrained optimization problem, in which the clean accuracy drop is bounded, and solve it via Bayesian optimization. Experiments on ViT-B-16-224 with ImageNet show that our method improves average robust accuracy by 4.2\% over feature noise defense under three 10k steps query-based black-box attacks with $\approx$2\% clean accuracy drop.","{""adversarial_core"": [""SINAI: Strategic Injection of Noise for Adversarial Defense with Improved Accuracy–Robustness Tradeoffs Vision mod"", ""methods yield suboptimal trade-offs between clean and robust accuracy. In this work, we scrutinize noise injection methods t""], ""vision_context"": [""al Defense with Improved Accuracy–Robustness Tradeoffs Vision models are widely used for edge deployment, but they a"", ""ayesian optimization. Experiments on ViT-B-16-224 with ImageNet show that our method improves average robust accuracy""], ""classification_context"": [""modules with Softmax respond differently from FFN and CNN modules with GeLU or ReLU, and (2) gradient norms vary"", ""ayesian optimization. Experiments on ViT-B-16-224 with ImageNet show that our method improves average robust accuracy"", ""methods yield suboptimal trade-offs between clean and robust accuracy. In this work, we scrutinize noise injection methods t""]}",{},https://openreview.net/pdf/ca51a9f0101abdb5bac536d3138357ec3a232348.pdf,https://openreview.net/forum?id=FKmSQWLcCF,True,iclr2026_papers.json
neurips2025_papers:1947,NEURIPS,2025,Alias-Free ViT: Fractional Shift Invariance via Linear Attention,10,C-Foundation,adversarial_core;classification_context;vision_context,"Transformers have emerged as a competitive alternative to convnets in vision tasks, yet they lack the architectural inductive bias of convnets, which may hinder their potential performance. Specifically, Vision Transformers (ViTs) are not translation‑invariant and are more sensitive to minor image translations than standard convnets. Previous studies have shown, however, that convnets are also not perfectly shift‑invariant, due to aliasing in downsampling and nonlinear layers. Consequently, anti‑aliasing approaches have been proposed to certify convnets translation robustness. Building on this line of work, we propose an Alias‑Free ViT, which combines two main components. First, it uses alias-free downsampling and nonlinearities. Second, it uses linear cross‑covariance attention that is shift‑equivariant to both integer and fractional translations, enabling a shift-invariant global representation. Our model maintains competitive performance in image classification and outperforms similar‑sized models in terms of robustness to adversarial translations.","{""adversarial_core"": [""ation and outperforms similar‑sized models in terms of robustness to adversarial translations. Vision Transformers alias‑free aliasing""], ""vision_context"": [""translation‑invariant and are more sensitive to minor image translations than standard convnets. Previous studies"", ""ve emerged as a competitive alternative to convnets in vision tasks, yet they lack the architectural inductive bias"", ""tion cross‑covariance attention translation robustness ImageNet XCiT"", ""tation. Our model maintains competitive performance in image classification and outperforms similar‑sized models in terms of robus""], ""classification_context"": [""tation. Our model maintains competitive performance in image classification and outperforms similar‑sized models in terms of robus"", ""tion cross‑covariance attention translation robustness ImageNet XCiT""]}",{},https://openreview.net/pdf/925f55288388a80ea7c08817dc8615b52273dfb8.pdf,https://openreview.net/forum?id=R3YQrZYnQa,True,neurips2025_papers.json
iclr2026_papers:2719,ICLR,2026,BIRD: Behavior Induction via Representation-structure Distillation,10,C-Foundation,adversarial_core;classification_context;vision_context,"Human-aligned deep learning models exhibit behaviors consistent with human values, such as robustness, safety, and fairness. Transferring these behavioral properties to models trained on different tasks or data distributions remains challenging: aligned behavior is easily forgotten during fine-tuning, and collecting task-specific data that preserves this behavior can be prohibitively costly. We introduce BIRD, a flexible framework for transferring aligned behavior by matching the internal representation structure of a student model to that of a teacher. Applied to out-of-distribution robustness in image classification, BIRD outperforms fine-tuning, transfer learning, and continual learning methods, improving robust accuracy by up to 18\% over the next strongest baseline. It remains effective even when the teacher is trained on a much simpler dataset and is $25\times$ smaller in parameter count than the student. In a large-scale study of over 400 teacher-student pairs, we show that three interpretable and computable properties of the teacher's representations explain up to 85\% of the variance in transfer success, offering practical guidance for teacher selection and design. We further show that BIRD generalizes beyond applications in vision by enhancing safety alignment in language models when paired with Direct Preference Optimization and improving weak-to-strong generalization when combined with soft-label distillation. BIRD turns small, well-aligned models into scalable alignment seeds, mitigating challenges from key bottlenecks in deploying safe AI systems.","{""adversarial_core"": [""er learning, and continual learning methods, improving robust accuracy by up to 18\\% over the next strongest baseline. It rem""], ""vision_context"": [""teacher. Applied to out-of-distribution robustness in image classification, BIRD outperforms fine-tuning, transfer"", ""ther show that BIRD generalizes beyond applications in vision by enhancing safety alignment in language models when"", ""teacher. Applied to out-of-distribution robustness in image classification, BIRD outperforms fine-tuning, transfer learning, and""], ""classification_context"": [""teacher. Applied to out-of-distribution robustness in image classification, BIRD outperforms fine-tuning, transfer learning, and"", ""er learning, and continual learning methods, improving robust accuracy by up to 18\\% over the next strongest baseline. It rem""]}",{},https://openreview.net/pdf/284b70a37166ef5fea152095837c2edfafa25b7e.pdf,https://openreview.net/forum?id=jbJGhHpwmJ,True,iclr2026_papers.json
neurips2025_papers:4028,NEURIPS,2025,Certifying Deep Network Risks and Individual Predictions with PAC-Bayes Loss via Localized Priors,10,C-Foundation,adversarial_core;classification_context;vision_context,"As machine learning increasingly relies on large, opaque foundation models powering generative and agentic AI, deploying these systems in safety-critical settings demands rigorous guarantees on their generalization beyond training data. PAC-Bayes theory offers principled certificates linking training performance to generalization risk, yet existing approaches are rarely practical: simple theoretical priors yield vacuous bounds, while data-dependent priors trained separately are computationally costly or introduce bias. To bridge this fundamental gap, we propose a localized PAC-Bayes prior—a structured, computationally efficient prior softly concentrated near parameters favored during standard training, enabling effective exploration without costly data splits. By integrating this localized prior directly into standard training loss, we produce practically tight generalization certificates without workflow disruption. Theoretically, under standard neural tangent kernel assumptions, our bound shrinks as networks widen and datasets grow, becoming negligible in practical regimes. Empirically, we certify generalization across image classification, NLP fine-tuning, and semantic segmentation, typically within three percentage points of test errors at ImageNet scale, while providing rigorous guarantees for individual predictions, selective rejection, and robustness.","{""adversarial_core"": [""ization Data-dependent bounds Bayesian neural networks Adversarial robustness Model calibration Trustworthy AI""], ""vision_context"": [""regimes. Empirically, we certify generalization across image classification, NLP fine-tuning, and semantic segmenta"", ""cally within three percentage points of test errors at ImageNet scale, while providing rigorous guarantees for individ"", ""regimes. Empirically, we certify generalization across image classification, NLP fine-tuning, and semantic segmentation, typically""], ""classification_context"": [""regimes. Empirically, we certify generalization across image classification, NLP fine-tuning, and semantic segmentation, typically"", ""cally within three percentage points of test errors at ImageNet scale, while providing rigorous guarantees for individ""]}",{},https://openreview.net/pdf/8e68876776135a21a8c1d64d587cb43d2e7b340f.pdf,https://openreview.net/forum?id=T6d5IYr8PJ,True,neurips2025_papers.json
cvpr2026_papers:1447,CVPR,2026,DASH: A Meta-Attack Framework for Synthesizing Effective and Stealthy Adversarial Examples,10,C-Foundation,adversarial_core;classification_context;vision_context,"Numerous techniques have been proposed for generating adversarial examples under strict $\ \ell_p \$-norm constraints. However, such norm-bounded examples often fail to align well with human perception, and only recently have a few methods begun specifically exploring perceptually aligned adversarial examples. Moreover, it remains unclear whether insights from $\ \ell_p \$-constrained attacks can be effectively leveraged to improve perceptual efficacy. In this paper, we introduce DASH, a differentiable meta-attack framework that generates effective and perceptually aligned adversarial examples by strategically composing existing $\ \ell_p \$-based attack methods. DASH operates in a multi-stage fashion: at each stage, it aggregates candidate adversarial examples from multiple base attacks using learned, adaptive weights and propagates the result to the next stage. A novel meta-loss function guides this process by jointly minimizing misclassification loss and perceptual distortion, enabling the framework to dynamically modulate the contribution of each base attack throughout the stages. We evaluate DASH on adversarially trained robust models across CIFAR-10, CIFAR-100, and ImageNet while considering visual perception metrics (e.g. SSIM, FID, LPIPS) in the perturbation budget (instead of $\ \ell_p \$-norm). Despite relying solely on $\ \ell_p \$-constrained based methods, DASH significantly outperforms state-of-the-art perceptual attacks such as AdvAD, achieving higher attack success rates (e.g., 20.63\% improvement) and superior visual quality, as measured by SSIM, LPIPS, and FID (improvements of $\approx11$, 0.015, and 5.7, respectively). DASH generalizes well to unseen defenses and different white-box/black-box scenarios, making it a practical and strong baseline for evaluating robustness.","{""adversarial_core"": [""tack Framework for Synthesizing Effective and Stealthy Adversarial Examples Numerous techniques have been proposed for generating""], ""vision_context"": [""ss CIFAR-10, CIFAR-100, and ImageNet while considering visual perception metrics (e.g. SSIM, FID, LPIPS) in the pert"", ""ate DASH on adversarially trained robust models across CIFAR-10, CIFAR-100, and ImageNet while considering visual perc"", ""trained robust models across CIFAR-10, CIFAR-100, and ImageNet while considering visual perception metrics (e.g. SSIM""], ""classification_context"": [""ate DASH on adversarially trained robust models across CIFAR-10, CIFAR-100, and ImageNet while considering visual perc"", ""trained robust models across CIFAR-10, CIFAR-100, and ImageNet while considering visual perception metrics (e.g. SSIM""]}",{},https://openaccess.thecvf.com/content/CVPR2026/papers/Al_Nomaan_Nafi_DASH_A_Meta-Attack_Framework_for_Synthesizing_Effective_and_Stealthy_Adversarial_CVPR_2026_paper.pdf,https://cvpr.thecvf.com/virtual/2026/poster/40017,True,cvpr2026_papers.json
iclr2026_papers:5180,ICLR,2026,LipNeXt: Scaling up Lipschitz-based Certified Robustness to Billion-parameter Models,10,C-Foundation,adversarial_core;classification_context;vision_context,"Lipschitz-based certification offers efficient, deterministic robustness guarantees but has struggled to scale in model size, training efficiency, and ImageNet performance. We introduce \emph{LipNeXt}, the first \emph{constraint-free} and \emph{convolution-free} 1-Lipschitz architecture for certified robustness. LipNeXt is built using two techniques: (1) a manifold optimization procedure that updates parameters directly on the orthogonal manifold and (2) a \emph{Spatial Shift Module} to model spatial pattern without convolutions. The full network uses orthogonal projections, spatial shifts, a simple 1-Lipschitz $\beta$-Abs nonlinearity, and $L_2$ spatial pooling to maintain tight Lipschitz control while enabling expressive feature mixing. Across CIFAR-10/100 and Tiny-ImageNet, LipNeXt achieves state-of-the-art clean and certified robust accuracy (CRA), and on ImageNet it scales to 1–2B large models, improving CRA over prior Lipschitz models (e.g., up to $+8\%$ at $\varepsilon{=}1$) while retaining efficient, stable low-precision training. These results demonstrate that Lipschitz-based certification can benefit from modern scaling trends without sacrificing determinism or efficiency.","{""adversarial_core"": [""LipNeXt achieves state-of-the-art clean and certified robust accuracy (CRA), and on ImageNet it scales to 1–2B large models,""], ""vision_context"": [""ntrol while enabling expressive feature mixing. Across CIFAR-10/100 and Tiny-ImageNet, LipNeXt achieves state-of-the-a"", ""ggled to scale in model size, training efficiency, and ImageNet performance. We introduce \\emph{LipNeXt}, the first \\e""], ""classification_context"": [""ntrol while enabling expressive feature mixing. Across CIFAR-10/100 and Tiny-ImageNet, LipNeXt achieves state-of-the-a"", ""ggled to scale in model size, training efficiency, and ImageNet performance. We introduce \\emph{LipNeXt}, the first \\e"", ""LipNeXt achieves state-of-the-art clean and certified robust accuracy (CRA), and on ImageNet it scales to 1–2B large models,""]}",{},https://openreview.net/pdf/c0a68ad12a8d21a0b40e1adf0d54f97ce684fc8c.pdf,https://openreview.net/forum?id=2fgzEJPH02,True,iclr2026_papers.json
icml2025_papers:574,ICML,2025,Not All Wrong is Bad: Using Adversarial Examples for Unlearning,10,C-Foundation,adversarial_core;classification_context;vision_context,"Machine unlearning, where users can request the deletion of a forget dataset, is becoming increasingly important because of numerous privacy regulations. Initial works on ""exact” unlearning (e.g., retraining) incur large computational overheads. However, while computationally inexpensive, ""approximate” methods have fallen short of reaching the effectiveness of exact unlearning: models produced fail to obtain comparable accuracy and prediction confidence on both the forget and test (i.e., unseen) dataset. Exploiting this observation, we propose a new unlearning method, Adversarial Machine UNlearning (AMUN), that outperforms prior state-of-the-art (SOTA) methods for image classification. AMUN lowers the confidence of the model on the forget samples by fine-tuning the model on their corresponding adversarial examples. Adversarial examples naturally belong to the distribution imposed by the model on the input space; fine-tuning the model on the adversarial examples closest to the corresponding forget samples (a) localizes the changes to the decision boundary of the model around each forget sample and (b) avoids drastic changes to the global behavior of the model, thereby preserving the model’s accuracy on test samples. Using AMUN for unlearning a random 10% of CIFAR-10 samples, we observe that even SOTA membership inference attacks cannot do better than random guessing.","{""adversarial_core"": [""Not All Wrong is Bad: Using Adversarial Examples for Unlearning Machine unlearning, where users can req""], ""vision_context"": [""outperforms prior state-of-the-art (SOTA) methods for image classification. AMUN lowers the confidence of the mode"", ""est samples. Using AMUN for unlearning a random 10% of CIFAR-10 samples, we observe that even SOTA membership inferenc"", ""outperforms prior state-of-the-art (SOTA) methods for image classification. AMUN lowers the confidence of the model on the forget""], ""classification_context"": [""outperforms prior state-of-the-art (SOTA) methods for image classification. AMUN lowers the confidence of the model on the forget"", ""est samples. Using AMUN for unlearning a random 10% of CIFAR-10 samples, we observe that even SOTA membership inferenc""]}",{},https://raw.githubusercontent.com/mlresearch/v267/main/assets/ebrahimpour-boroojeny25a/ebrahimpour-boroojeny25a.pdf,,True,icml2025_papers.json
icml2024_papers:2378,ICML,2024,Purify Unlearnable Examples via Rate-Constrained Variational Autoencoders,10,C-Foundation,adversarial_core;classification_context;vision_context,"Unlearnable examples (UEs) seek to maximize testing error by making subtle modifications to training examples that are correctly labeled. Defenses against these poisoning attacks can be categorized based on whether specific interventions are adopted during training. The first approach is training-time defense, such as adversarial training, which can mitigate poisoning effects but is computationally intensive. The other approach is pre-training purification, e.g., image short squeezing, which consists of several simple compressions but often encounters challenges in dealing with various UEs. Our work provides a novel disentanglement mechanism to build an efficient pre-training purification method. Firstly, we uncover rate-constrained variational autoencoders (VAEs), demonstrating a clear tendency to suppress the perturbations in UEs. We subsequently conduct a theoretical analysis for this phenomenon. Building upon these insights, we introduce a disentangle variational autoencoder (D-VAE), capable of disentangling the perturbations with learnable class-wise embeddings. Based on this network, a two-stage purification approach is naturally developed. The first stage focuses on roughly eliminating perturbations, while the second stage produces refined, poison-free results, ensuring effectiveness and robustness across various scenarios. Extensive experiments demonstrate the remarkable performance of our method across CIFAR-10, CIFAR-100, and a 100-class ImageNet-subset. Code is available at https://github.com/yuyi-sd/D-VAE.","{""adversarial_core"": ["". The first approach is training-time defense, such as adversarial training, which can mitigate poisoning effects but is computati""], ""vision_context"": [""The other approach is pre-training purification, e.g., image short squeezing, which consists of several simple comp"", ""strate the remarkable performance of our method across CIFAR-10, CIFAR-100, and a 100-class ImageNet-subset. Code is a"", ""our method across CIFAR-10, CIFAR-100, and a 100-class ImageNet-subset. Code is available at https://github.com/yuyi-s""], ""classification_context"": [""strate the remarkable performance of our method across CIFAR-10, CIFAR-100, and a 100-class ImageNet-subset. Code is a"", ""our method across CIFAR-10, CIFAR-100, and a 100-class ImageNet-subset. Code is available at https://github.com/yuyi-s""]}",{},https://raw.githubusercontent.com/mlresearch/v235/main/assets/yu24m/yu24m.pdf,,True,icml2024_papers.json
neurips2025_papers:4574,NEURIPS,2025,Quantifying Task-relevant Similarities in Representations Using Decision Variable Correlations,10,C-Foundation,adversarial_core;classification_context;vision_context,"Previous studies have compared neural activities in the visual cortex to representations in deep neural networks trained on image classification. Interestingly, while some suggest that their representations are highly similar, others argued the opposite. Here, we propose a new approach to characterize the similarity of the decision strategies of two observers (models or brains) using decision variable correlation (DVC). DVC quantifies the image-by-image correlation between the decoded decisions based on the internal neural representations in a classification task. Thus, it can capture task-relevant information rather than general representational alignment. We evaluate DVC using monkey V4/IT recordings and network models trained on image classification tasks. We find that model–model similarity is comparable to monkey-monkey similarity, whereas model–monkey similarity is consistently lower. Strikingly, DVC decreases with increasing network performance on ImageNet-1k. Adversarial training does not improve model–monkey similarity in task-relevant dimensions assessed using DVC, although it markedly increases the model–model similarity. Similarly, pre-training on larger datasets does not improve model–monkey similarity. These results suggest a divergence between the task-relevant representations in monkey V4/IT and those learned by models trained on image classification tasks.","{""adversarial_core"": [""es with increasing network performance on ImageNet-1k. Adversarial training does not improve model–monkey similarity in task-relev""], ""vision_context"": [""to representations in deep neural networks trained on image classification. Interestingly, while some suggest that"", ""revious studies have compared neural activities in the visual cortex to representations in deep neural networks trai"", "", DVC decreases with increasing network performance on ImageNet-1k. Adversarial training does not improve model–monkey"", ""to representations in deep neural networks trained on image classification. Interestingly, while some suggest that their represen""], ""classification_context"": [""to representations in deep neural networks trained on image classification. Interestingly, while some suggest that their represen"", "", DVC decreases with increasing network performance on ImageNet-1k. Adversarial training does not improve model–monkey""]}",{},https://openreview.net/pdf/e94afb2fde6f4bf72c6d69cbc2d2a6c85b7e4b8d.pdf,https://openreview.net/forum?id=cZzA2Z0ehX,True,neurips2025_papers.json
iclr2026_papers:397,ICLR,2026,Scalable Energy-Based Models via Adversarial Training: Unifying Discrimination and Generation,10,C-Foundation,adversarial_core;classification_context;vision_context,"Simultaneously achieving robust classification and high-fidelity generative modeling within a single framework presents a significant challenge. Hybrid approaches, such as Joint Energy-Based Models (JEM), interpret classifiers as EBMs but are often limited by the instability and poor sample quality inherent in training based on Stochastic Gradient Langevin Dynamics (SGLD). We address these limitations by proposing a novel training framework that integrates adversarial training (AT) principles for both discriminative robustness and stable generative learning. The proposed method introduces three key innovations: (1) the replacement of SGLD-based JEM learning with a stable, AT-based approach that optimizes the energy function through a Binary Cross-Entropy (BCE) loss that discriminates between real data and contrastive samples generated via Projected Gradient Descent (PGD); (2) adversarial training for the discriminative component that enhances classification robustness while implicitly providing the gradient regularization needed for stable EBM training; and (3) a two-stage training strategy that addresses normalization-related instabilities and enables leveraging pretrained robust classifiers, generalizing effectively across architectures. Experiments on CIFAR-10/100 and ImageNet demonstrate that our approach: (1) is the first EBM-based hybrid to scale to high-resolution datasets with high training stability, simultaneously achieving state-of-the-art discriminative and generative performance on ImageNet 256$\times$256; (2) uniquely combines generative quality with adversarial robustness, enabling faithful counterfactual explanations; and (3) functions as a competitive standalone generative model, matching state-of-the-art autoregressive models (VAR-d16) and surpassing strong diffusion baselines (ADM-G, LDM-4-G), while additionally supporting diverse image synthesis tasks and compositional generation within a single model.","{""adversarial_core"": [""Scalable Energy-Based Models via Adversarial Training: Unifying Discrimination and Generation Simultaneously""], ""vision_context"": [""ADM-G, LDM-4-G), while additionally supporting diverse image synthesis tasks and compositional generation within a"", ""izing effectively across architectures. Experiments on CIFAR-10/100 and ImageNet demonstrate that our approach: (1) is"", ""across architectures. Experiments on CIFAR-10/100 and ImageNet demonstrate that our approach: (1) is the first EBM-ba""], ""classification_context"": [""izing effectively across architectures. Experiments on CIFAR-10/100 and ImageNet demonstrate that our approach: (1) is"", ""across architectures. Experiments on CIFAR-10/100 and ImageNet demonstrate that our approach: (1) is the first EBM-ba""]}",{},https://openreview.net/pdf/9cf68926f25a8d4b3304840f93cd2645c87a7f7c.pdf,https://openreview.net/forum?id=I9iai932rK,True,iclr2026_papers.json
iclr2026_papers:8640,ICLR,2026,TESSER: Transfer-Enhancing Adversarial Attacks from Vision Transformers via Spectral and Semantic Regularization,10,C-Foundation,adversarial_core;classification_context;vision_context,"Adversarial transferability remains a critical challenge in evaluating the robustness of deep neural networks. In security-critical applications, transferability enables black-box attacks without access to model internals, making it a key concern for real-world adversarial threat assessment. While Vision Transformers (ViTs) have demonstrated strong adversarial performance, existing attacks often fail to transfer effectively across architectures, especially from ViTs to Convolutional Neural Networks (CNNs) or hybrid models. In this paper, we introduce \textbf{TESSER}, a novel adversarial attack framework that enhances transferability via two key strategies: (1) \textit{Feature-Sensitive Gradient Scaling (FSGS)}, which modulates gradients based on token-wise importance derived from intermediate feature activations, and (2) \textit{Spectral Smoothness Regularization (SSR)}, which suppresses high-frequency noise in perturbations using a differentiable Gaussian prior. These components work in tandem to generate perturbations that are both semantically meaningful and spectrally smooth. Extensive experiments on ImageNet across 14 diverse architectures demonstrate that TESSER achieves +10.9\% higher attack succes rate (ASR) on CNNs and +7.2\% on ViTs compared to the state-of-the-art Adaptive Token Tuning (ATT) method. Moreover, TESSER significantly improves robustness against defended models, achieving 53.55\% ASR on adversarially trained CNNs and +15\% higher ASR on robust ViTs. Qualitative analysis shows strong alignment between TESSER's perturbations and salient visual regions identified via Grad-CAM, while frequency-domain analysis reveals a 12\% reduction in high-frequency energy, confirming the effectiveness of spectral regularization.","{""adversarial_core"": [""TESSER: Transfer-Enhancing Adversarial Attacks from Vision Transformers via Spectral and Semantic Reg""], ""vision_context"": [""TESSER: Transfer-Enhancing Adversarial Attacks from Vision Transformers via Spectral and Semantic Regularization"", ""g alignment between TESSER's perturbations and salient visual regions identified via Grad-CAM, while frequency-domai"", ""ingful and spectrally smooth. Extensive experiments on ImageNet across 14 diverse architectures demonstrate that TESSE""], ""classification_context"": [""especially from ViTs to Convolutional Neural Networks (CNNs) or hybrid models. In this paper, we introduce \\textbf"", ""ingful and spectrally smooth. Extensive experiments on ImageNet across 14 diverse architectures demonstrate that TESSE""]}",{},https://openreview.net/pdf/828cf82c3131150aec54afeb910456addb05af26.pdf,https://openreview.net/forum?id=CVmLl9P1W6,True,iclr2026_papers.json
iclr2026_papers:5921,ICLR,2026,Towards Reliable Transferability of Targeted Adversarial Attacks against Model Discrepancy,10,C-Foundation,adversarial_core;classification_context;vision_context,"Adversarial attacks pose a serious threat to deep neural networks, especially in black-box scenarios where transferability plays a key role. Targeted transfer attacks, where an attacker induces a specific misclassification on an unseen black-box model, remains significantly more challenging than non-targeted attacks. We attribute this gap to model discrepancies between surrogate and target models, including mismatches in feature representations, classifier heads, and Jacobians. To address these challenges, we define a unified uncertainty set capturing these model discrepancies and propose a principled robust objective over this set. While intractable in full form, this view leads to a tractable relaxation: the Targeted Attack toward Reliable Transferability (TART). TART integrates three components: (1) expectation over transforms to cover representation and Jacobian variability; (2) latent mixing to model attenuation and clean-feature leakage; and (3) feature matching}to guide perturbations toward semantically robust regions. Extensive experiments on ImageNet and CIFAR-10 show that TART consistently outperforms state-of-the-art transfer-based black-box targeted attacks, across both convolutional and transformer architectures. For example, when transferring from ResNet-50 to Swin-S on ImageNet, TART achieves a 42.7\% higher attack success rate than the strongest baseline. Our approach establishes a new benchmark for robust black-box adversarial evaluation.","{""adversarial_core"": [""Towards Reliable Transferability of Targeted Adversarial Attacks against Model Discrepancy Adversarial attacks pose a s""], ""vision_context"": [""robust regions. Extensive experiments on ImageNet and CIFAR-10 show that TART consistently outperforms state-of-the-a"", ""semantically robust regions. Extensive experiments on ImageNet and CIFAR-10 show that TART consistently outperforms s""], ""classification_context"": [""mer architectures. For example, when transferring from ResNet-50 to Swin-S on ImageNet, TART achieves a 42.7\\% highe"", ""robust regions. Extensive experiments on ImageNet and CIFAR-10 show that TART consistently outperforms state-of-the-a"", ""semantically robust regions. Extensive experiments on ImageNet and CIFAR-10 show that TART consistently outperforms s""]}",{},https://openreview.net/pdf/b56bae3c50e5d4594de090dd32b63a33f6f22ce7.pdf,https://openreview.net/forum?id=737cqDj4ah,True,iclr2026_papers.json
neurips2025_papers:1129,NEURIPS,2025,TRiCo: Triadic Game-Theoretic Co-Training for Robust Semi-Supervised Learning,10,C-Foundation,adversarial_core;classification_context;vision_context,"We introduce TRiCo, a novel triadic game-theoretic co-training framework that rethinks the structure of semi-supervised learning by incorporating a teacher, two students, and an adversarial generator into a unified training paradigm. Unlike existing co-training or teacher-student approaches, TRiCo formulates SSL as a structured interaction among three roles: (i) two student classifiers trained on frozen, complementary representations, (ii) a meta-learned teacher that adaptively regulates pseudo-label selection and loss balancing via validation-based feedback, and (iii) a non-parametric generator that perturbs embeddings to uncover decision boundary weaknesses. Pseudo-labels are selected based on mutual information rather than confidence, providing a more robust measure of epistemic uncertainty. This triadic interaction is formalized as a Stackelberg game, where the teacher leads strategy optimization and students follow under adversarial perturbations. By addressing key limitations in existing SSL frameworks—such as static view interactions, unreliable pseudo-labels, and lack of hard sample modeling—TRiCo provides a principled and generalizable solution. Extensive experiments on CIFAR-10, SVHN, STL-10, and ImageNet demonstrate that TRiCo consistently achieves state-of-the-art performance in low-label regimes, while remaining architecture-agnostic and compatible with frozen vision backbones.","{""adversarial_core"": [""leads strategy optimization and students follow under adversarial perturbations. By addressing key limitations in existing SSL framewo""], ""vision_context"": [""ining architecture-agnostic and compatible with frozen vision backbones. Semi-supervised learning"", ""d and generalizable solution. Extensive experiments on CIFAR-10, SVHN, STL-10, and ImageNet demonstrate that TRiCo con"", "". Extensive experiments on CIFAR-10, SVHN, STL-10, and ImageNet demonstrate that TRiCo consistently achieves state-of-"", ""ralizable solution. Extensive experiments on CIFAR-10, SVHN, STL-10, and ImageNet demonstrate that TRiCo consisten""], ""classification_context"": [""d and generalizable solution. Extensive experiments on CIFAR-10, SVHN, STL-10, and ImageNet demonstrate that TRiCo con"", "". Extensive experiments on CIFAR-10, SVHN, STL-10, and ImageNet demonstrate that TRiCo consistently achieves state-of-""]}",{},https://openreview.net/pdf/3b508525dc69a096768c23ce298ddd4813330eb5.pdf,https://openreview.net/forum?id=yZy6f3icew,True,neurips2025_papers.json
iclr2026_papers:7859,ICLR,2026,A margin-based replacement for cross-entropy loss,9,C-Foundation,adversarial_core;classification_context;vision_context,"Cross-entropy (CE) loss is the de-facto standard for training deep neural networks (DNNs) to perform classification. Here, we propose an alternative loss, high error margin (HEM), that is more effective than CE across a range of image-based tasks: unknown class rejection, adversarial robustness, learning with imbalanced data, continual learning, and semantic segmentation (a pixel-wise classification task). HEM loss is evaluated extensively using a wide range of DNN architectures and benchmark datasets. Despite all the experimental settings, such as the training hyper-parameters, being chosen for CE loss, HEM is inferior to CE only in terms of clean and corrupt image classification with balanced training data, and this difference is small. We also compare HEM to specialised losses that have previously been proposed to improve performance for specific vision tasks. LogitNorm, a loss achieving state-of-the-art performance on unknown class rejection, produces similar performance to HEM for this task, but is much poorer for continual learning and semantic segmentation. Logit-adjusted loss, designed for imbalanced data, has superior results to HEM for that task, but performs worse on unknown class rejection and semantic segmentation. DICE, a popular loss for semantic segmentation, is inferior to HEM loss on all tasks, including semantic segmentation. Thus, HEM often out-performs specialised losses, and in contrast to them, is a general-purpose replacement for CE loss.","{""adversarial_core"": [""a range of image-based tasks: unknown class rejection, adversarial robustness, learning with imbalanced data, continual learning, an""], ""vision_context"": [""HEM), that is more effective than CE across a range of image-based tasks: unknown class rejection, adversarial robu"", ""usly been proposed to improve performance for specific vision tasks. LogitNorm, a loss achieving state-of-the-art pe"", ""data, continual learning, and semantic segmentation (a pixel-wise classification task). HEM loss is evaluated exten"", ""M is inferior to CE only in terms of clean and corrupt image classification with balanced training data, and this difference is sm""], ""classification_context"": [""M is inferior to CE only in terms of clean and corrupt image classification with balanced training data, and this difference is sm""]}",{},https://openreview.net/pdf/a89affba3ea1515e4b4b7aaa2c7cc3419f7913ec.pdf,https://openreview.net/forum?id=HYNvvzGUXT,True,iclr2026_papers.json
cvpr2026_papers:777,CVPR,2026,A Provable Energy-Guided Test-Time Defense Boosting Adversarial Robustness of Large Vision-Language Models,9,C-Foundation,adversarial_core;vision_context,"Despite the rapid progress in multimodal models and Large Visual-Language Models (LVLM), they remain highly susceptible to adversarial perturbations, raising serious concerns about their reliability in real-world use. While adversarial training has become the leading paradigm for building models that are robust to adversarial attacks, Test-Time Transformations (TTT) have emerged as a promising strategy to boost robustness at inference.In light of this, we proposeEnergy-Guided Test-Time Transformation (ET3), a lightweight, training-free defense that enhances the robustness by minimizing the energy of the input samples.Our method is grounded in a theory that proves our transformation succeeds in classification under reasonable assumptions. We present extensive experiments demonstrating that ET3 provides a strong defense for classifiers, zero-shot classification with CLIP, and also for boosting the robustness of LVLMs in tasks such as Image Captioning and Visual Question Answering. Code will be released upon acceptance of the paper.","{""adversarial_core"": [""A Provable Energy-Guided Test-Time Defense Boosting Adversarial Robustness of Large Vision-Language Models Despite the rapid prog"", ""come the leading paradigm for building models that are robust to adversarial attacks, Test-Time Transformations (TTT) have emerged""], ""vision_context"": [""for boosting the robustness of LVLMs in tasks such as Image Captioning and Visual Question Answering. Code will be"", ""-Time Defense Boosting Adversarial Robustness of Large Vision-Language Models Despite the rapid progress in multimod"", ""pite the rapid progress in multimodal models and Large Visual-Language Models (LVLM), they remain highly susceptible""]}",{},https://openaccess.thecvf.com/content/CVPR2026/papers/Mirza_A_Provable_Energy-Guided_Test-Time_Defense_Boosting_Adversarial_Robustness_of_Large_CVPR_2026_paper.pdf,https://cvpr.thecvf.com/virtual/2026/poster/37688,True,cvpr2026_papers.json
icml2025_papers:1912,ICML,2025,Adversarial Perturbations Are Formed by Iteratively Learning Linear Combinations of the Right Singular Vectors of the Adversarial Jacobian,9,C-Foundation,adversarial_core;classification_context;vision_context,"White-box targeted adversarial attacks reveal core vulnerabilities in Deep Neural Networks (DNNs), yet two key challenges persist: (i) How many target classes can be attacked simultaneously in a specified order, known as theordered top-$K$ attackproblem ($K \geq 1$)? (ii) How to compute the corresponding adversarial perturbations for a given benign image directly in the image space? We address both by showing thatordered top-$K$ perturbations can be learned via iteratively optimizing linear combinations of the $\underline{ri}ght\text{ } \underline{sing}ular$ vectors of the adversarial Jacobian(i.e., the logit-to-image Jacobian constrained by target ranking). These vectors span an orthogonal, informative subspace in the image domain. We introduceRisingAttacK, a novel Sequential Quadratic Programming (SQP)-based method that exploits this structure. We propose a holistic figure-of-merits (FoM) metric combining attack success rates (ASRs) and $\ell_p$-norms ($p=1,2,\infty$). Extensive experiments on ImageNet-1k across six ordered top-$K$ levels ($K=1, 5, 10, 15, 20, 25, 30$) and four models (ResNet-50, DenseNet-121, ViT-B, DEiT-B) show RisingAttacK consistently surpasses the state-of-the-art QuadAttacK.","{""adversarial_core"": [""Adversarial Perturbations Are Formed by Iteratively Learning Linear Combinations""], ""vision_context"": [""esponding adversarial perturbations for a given benign image directly in the image space? We address both by showin"", ""ll_p$-norms ($p=1,2,\\infty$). Extensive experiments on ImageNet-1k across six ordered top-$K$ levels ($K=1, 5, 10, 15,""], ""classification_context"": [""levels ($K=1, 5, 10, 15, 20, 25, 30$) and four models (ResNet-50, DenseNet-121, ViT-B, DEiT-B) show RisingAttacK con"", ""ll_p$-norms ($p=1,2,\\infty$). Extensive experiments on ImageNet-1k across six ordered top-$K$ levels ($K=1, 5, 10, 15,""]}",{},https://raw.githubusercontent.com/mlresearch/v267/main/assets/paniagua25a/paniagua25a.pdf,,True,icml2025_papers.json
iclr2026_papers:6574,ICLR,2026,Certifiably Robust Classifiers: Bridging the Gap Between Theory and Practice,9,C-Foundation,adversarial_core;classification_context;vision_context,"Deep learning models are vulnerable to adversarial attacks, raising important concerns for their use in safety-critical applications. Existing defense methods such as empirical defenses are effective in practice but lack theoretical guarantees, while provable defenses provide a certified robustness radius which is significantly smaller than that achieved by empirical defenses. In this work, we design robust classifiers that leverage the structure of the underlying data distribution, bridging the gap between theoretical certification and strong practical performance. First, we focus on a simple setting where the data distribution is a Gaussian mixture and provide necessary and sufficient conditions under which a robust classifier is guaranteed to exist. We also propose a provably robust classifier along with its certificate of robustness and a generalization guarantee for the learnt certified radius. Next, we generalize our approach to any complex data distribution by using an encoder network to map the input data to a mixture of Gaussians. We also provide a robust classifier with a guaranteed certificate of robustness. Experiments on benchmark datasets indicate that our method outperforms existing top baselines for certified accuracy on CIFAR-10 dataset, while achieving competitive performance on ImageNet even against computationally demanding prior methods.","{""adversarial_core"": [""ry and Practice Deep learning models are vulnerable to adversarial attacks, raising important concerns for their use in safety-cr""], ""vision_context"": [""forms existing top baselines for certified accuracy on CIFAR-10 dataset, while achieving competitive performance on Im"", ""10 dataset, while achieving competitive performance on ImageNet even against computationally demanding prior methods.""], ""classification_context"": [""forms existing top baselines for certified accuracy on CIFAR-10 dataset, while achieving competitive performance on Im"", ""10 dataset, while achieving competitive performance on ImageNet even against computationally demanding prior methods.""]}",{},https://openreview.net/pdf/3374ee968bf194d42217aee8f343aab88f04365e.pdf,https://openreview.net/forum?id=hshp5RGaxn,True,iclr2026_papers.json
iclr2026_papers:1682,ICLR,2026,CERTIFIED VS. EMPIRICAL ADVERSARIAL ROBUSTNESS VIA HYBRID CONVOLUTIONS WITH ATTENTION STOCHASTICITY,9,C-Foundation,adversarial_core;classification_context;vision_context,"We introduce Hybrid Convolutions with Attention Stochasticity (HyCAS), an adversarial defense that narrows the long-standing gap between provable robustness under ℓ2 certificates and empirical robustness against strong ℓ∞ attacks, while preserving strong generalization across diverse imaging benchmarks. HyCAS unifies deterministic and randomized principles by coupling 1-Lipschitz, spectrally normalized convolutions with two stochastic components—spectral normalized random-projection filters and a randomized attention-noise mechanism—to realize a randomized defense. Injecting smoothing randomness inside the architecture yields an overall ≤ 2-Lipschitz network with formal certificates. Extensive experiments on diverse imaging benchmarks—including CIFAR-10/100, ImageNet-1k, NIH Chest X-ray, HAM10000—show that HyCAS surpasses prior leading certified and empirical defenses, boosting certified accuracy by up to ≈ 7.3% (on NIH Chest X-ray) and empirical robustness by up to ≈ 3.1% (on HAM10000), without sacrificing clean accuracy. These results show that a randomized Lipschitz constrained architecture can simultaneously improve both certified ℓ2 and empirical ℓ∞ adversarial robustness, thereby supporting safer deployment of deep models in high-stakes applications.","{""adversarial_core"": [""CERTIFIED VS. EMPIRICAL ADVERSARIAL ROBUSTNESS VIA HYBRID CONVOLUTIONS WITH ATTENTION STOCHASTICITY W""], ""vision_context"": [""ve experiments on diverse imaging benchmarks—including CIFAR-10/100, ImageNet-1k, NIH Chest X-ray, HAM10000—show that"", ""on diverse imaging benchmarks—including CIFAR-10/100, ImageNet-1k, NIH Chest X-ray, HAM10000—show that HyCAS surpasse""], ""classification_context"": [""ve experiments on diverse imaging benchmarks—including CIFAR-10/100, ImageNet-1k, NIH Chest X-ray, HAM10000—show that"", ""on diverse imaging benchmarks—including CIFAR-10/100, ImageNet-1k, NIH Chest X-ray, HAM10000—show that HyCAS surpasse""]}",{},https://openreview.net/pdf/b26ac6943fcab906d363a623d6fa207b80ba3787.pdf,https://openreview.net/forum?id=sYk9GaFHEf,True,iclr2026_papers.json
icml2024_papers:831,ICML,2024,Deep Networks Always Grok and Here is Why,9,C-Foundation,adversarial_core;classification_context;vision_context,"Grokking, or delayed generalization, is a phenomenon where generalization in a deep neural network (DNN) occurs long after achieving near zero training error. Previous studies have reported the occurrence of grokking in specific controlled settings, such as DNNs initialized with large-norm parameters or transformers trained on algorithmic datasets. We demonstrate that grokking is actually much more widespread and materializes in a wide range of practical settings, such as training of a convolutional neural network (CNN) on CIFAR10 or a Resnet on Imagenette. We introduce the new concept of delayed robustness, whereby a DNN groks adversarial examples and becomes robust, long after interpolation and/or generalization. We develop an analytical explanation for the emergence of both delayed generalization and delayed robustness based on the local complexity of a DNN’s input-output mapping. Our local complexity measures the density of so-called “linear regions’’ (aka, spline partition regions) that tile the DNN input space and serves as a utile progress measure for training. We provide the first evidence that, for classification problems, the linear regions undergo a phase transition during training whereafter they migrate away from the training samples (making the DNN mapping smoother there) and towards the decision boundary (making the DNN mapping less smooth there). Grokking occurs post phase transition as a robust partition of the input space thanks to the linearization of the DNN mapping around the training points. Web: https://bit.ly/grok-adversarial.","{""adversarial_core"": [""new concept of delayed robustness, whereby a DNN groks adversarial examples and becomes robust, long after interpolation and/or ge""], ""vision_context"": [""as training of a convolutional neural network (CNN) on CIFAR10 or a Resnet on Imagenette. We introduce the new concep""], ""classification_context"": [""s, such as training of a convolutional neural network (CNN) on CIFAR10 or a Resnet on Imagenette. We introduce th"", ""f a convolutional neural network (CNN) on CIFAR10 or a Resnet on Imagenette. We introduce the new concept of delayed"", ""as training of a convolutional neural network (CNN) on CIFAR10 or a Resnet on Imagenette. We introduce the new concep""]}",{},https://raw.githubusercontent.com/mlresearch/v235/main/assets/humayun24a/humayun24a.pdf,,True,icml2024_papers.json
iclr2026_papers:625,ICLR,2026,Dual Randomized Smoothing: Beyond Global Noise Variance,9,C-Foundation,adversarial_core;classification_context;vision_context,"Randomized Smoothing (RS) is a prominent technique for certifying the robustness of neural networks against adversarial perturbations. With RS, achieving high accuracy at small radii requires a small noise variance, while achieving high accuracy at large radii requires a large noise variance. However, the global noise variance used in the standard RS formulation leads to a fundamental limitation: there exists no global noise variance that simultaneously achieves strong performance at both small and large radii. To break through the global variance limitation, we propose a dual RS framework which enables input-dependent noise variances. To achieve that, we first prove that RS remains valid with input-dependent noise variances, provided the variance is locally constant around each input. Building on this result, we introduce two components which form our dual RS framework: (i) a variance estimator first predicts an optimal noise variance for each input, (ii) this estimated variance is then used by a standard RS classifier. The variance estimator is independently smoothed via RS to ensure local constancy, enabling flexible design. We also introduce efficient training strategies to iteratively optimize the two components involved in the framework. Extensive experiments on the CIFAR-10 dataset demonstrate that our dual RS method provides strong performance for both small and large radii—unattainable with global noise variance—while incurring only a 60\% computational overhead at inference. Moreover, it consistently outperforms prior input-dependent noise approaches across most radii, with particularly large gains at radii 0.5, 0.75, and 1.0, achieving relative improvements of 15.6\%, 20.0\%, and 15.7\%, respectively. On ImageNet, dual RS remains effective across all radii, with 8.6\%, 17.1\% and 9.1\% performance advantages at radii 0.5, 1.0 and 1.5 respectively. Additionally, the proposed dual RS framework naturally provides a routing perspective for certified robustness, improving the accuracy-robustness trade-off with off-the-shelf expert RS models. Our code is available at https://github.com/eth-sri/Dual-Randomized-Smoothing.","{""adversarial_core"": [""r certifying the robustness of neural networks against adversarial perturbations. With RS, achieving high accuracy at small radii requi""], ""vision_context"": [""nvolved in the framework. Extensive experiments on the CIFAR-10 dataset demonstrate that our dual RS method provides s"", ""ements of 15.6\\%, 20.0\\%, and 15.7\\%, respectively. On ImageNet, dual RS remains effective across all radii, with 8.6\\""], ""classification_context"": [""nvolved in the framework. Extensive experiments on the CIFAR-10 dataset demonstrate that our dual RS method provides s"", ""ements of 15.6\\%, 20.0\\%, and 15.7\\%, respectively. On ImageNet, dual RS remains effective across all radii, with 8.6\\""]}",{},https://openreview.net/pdf/4861c528156f30ce3fa820b03c23410196b4611c.pdf,https://openreview.net/forum?id=syvfsHSqm2,True,iclr2026_papers.json
neurips2025_papers:1621,NEURIPS,2025,Enhancing CLIP Robustness via Cross-Modality Alignment,9,C-Foundation,adversarial_core;classification_context;vision_context,"Vision-language models (VLMs) such as CLIP demonstrate strong generalization in zero-shot classification but remain highly vulnerable to adversarial perturbations. Existing methods primarily focus on adversarial fine-tuning or prompt optimization, they often overlook the gaps in CLIP’s encoded features, which is shown as the text and image features lie far apart from each other. This misalignment is significantly amplified under adversarial perturbations, leading to severe degradation in classification performance. To address this problem, we propose **C**r**O**ss-moda**L**ity **A**lignment, dubbed **COLA**, an optimal transport-based framework that explicitly addresses adversarial misalignment by restoring both global image-text alignment and local structural consistency in the feature space. (1) COLA first projects adversarial image embeddings onto a subspace spanned by class text features, effectively filtering out non-semantic distortions while preserving discriminative information. (2) It then models images and texts as discrete distributions over multiple augmented views and refines their alignment via OT, with the subspace projection seamlessly integrated into the cost computation. This design ensures stable cross-modal alignment even under adversarial conditions. COLA is training-free and compatible with existing fine-tuned models. Extensive evaluations across 14 zero-shot classification benchmarks demonstrate the effectiveness of COLA, especially with an average improvement of 6.7% on ImageNet and its variants under PGD adversarial attacks, while maintaining high accuracy on clean samples.","{""adversarial_core"": [""ro-shot classification but remain highly vulnerable to adversarial perturbations. Existing methods primarily focus on adversarial fine-""], ""vision_context"": [""LIP’s encoded features, which is shown as the text and image features lie far apart from each other. This misalignm"", ""Enhancing CLIP Robustness via Cross-Modality Alignment Vision-language models (VLMs) such as CLIP demonstrate strong"", ""OLA, especially with an average improvement of 6.7% on ImageNet and its variants under PGD adversarial attacks, while""], ""classification_context"": [""OLA, especially with an average improvement of 6.7% on ImageNet and its variants under PGD adversarial attacks, while""]}",{},https://openreview.net/pdf/dc3c597c4582c1c1bd3227699978f9977eeee1c7.pdf,https://openreview.net/forum?id=t77EZLjvd5,True,neurips2025_papers.json
iclr2026_papers:8265,ICLR,2026,eXIAA: eXplainable Injections for Adversarial Attack,9,C-Foundation,adversarial_core;classification_context;vision_context,"Post-hoc explainability methods are a subset of Machine Learning (ML) that aim to provide a reason for why a model behaves in a certain way. In this paper, we show a new black-box model-agnostic adversarial attack for post-hoc explainable Artificial Intelligence (XAI), particularly in the image domain. The goal of the attack is to modify the original explanations while being undetected by the human eye and maintain the same predicted class. In contrast to previous methods, we do not require any access to the model or its weights, but only to the model's computed predictions and explanations. Additionally, the attack is accomplished in a single step while significantly changing the provided explanations, as demonstrated by empirical evaluation. The low requirements of our method expose a critical vulnerability in current explainability methods, raising concerns about their reliability in safety-critical applications. We systematically generate attacks based on the explanations generated by post-hoc explainability methods (saliency maps, integrated gradients, and DeepLIFT SHAP) for pretrained ResNet-18 and ViT-B16 on ImageNet. The results show that our attacks could lead to dramatically different explanations without changing the predictive probabilities. We validate the effectiveness of our attack, compute the induced change based on the explanation with mean absolute difference, and verify the closeness of the original image and the corrupted one with the Structural Similarity Index Measure (SSIM).","{""adversarial_core"": [""eXIAA: eXplainable Injections for Adversarial Attack Post-hoc explainability methods are a subset of Machin""], ""vision_context"": [""ble Artificial Intelligence (XAI), particularly in the image domain. The goal of the attack is to modify the origin"", ""DeepLIFT SHAP) for pretrained ResNet-18 and ViT-B16 on ImageNet. The results show that our attacks could lead to drama""], ""classification_context"": [""ntegrated gradients, and DeepLIFT SHAP) for pretrained ResNet-18 and ViT-B16 on ImageNet. The results show that our"", ""DeepLIFT SHAP) for pretrained ResNet-18 and ViT-B16 on ImageNet. The results show that our attacks could lead to drama""]}",{},https://openreview.net/pdf/c17fb4d95eb307d8c42aa52536ee46e54ef21f39.pdf,https://openreview.net/forum?id=o19umAWBsM,True,iclr2026_papers.json
neurips2025_papers:4258,NEURIPS,2025,Explicitly Modeling Subcortical Vision with a Neuro-Inspired Front-End Improves CNN Robustness,9,C-Foundation,adversarial_core;classification_context;vision_context,"Convolutional neural networks (CNNs) trained on object recognition achieve high task performance but continue to exhibit vulnerability under a range of visual perturbations and out-of-domain images, when compared with biological vision. Prior work has demonstrated that coupling a standard CNN with a front-end (VOneBlock) that mimics the primate primary visual cortex (V1) can improve overall model robustness. Expanding on this, we introduce Early Vision Networks (EVNets), a new class of hybrid CNNs that combine the VOneBlock with a novel SubcorticalBlock, whose architecture draws from computational models in neuroscience and is parameterized to maximize alignment with subcortical responses reported across multiple experimental studies. Without being optimized to do so, the assembly of the SubcorticalBlock with the VOneBlock improved V1 alignment across most standard V1 benchmarks, and better modeled extra-classical receptive field phenomena. In addition, EVNets exhibit stronger emergent shape bias and outperform the base CNN architecture by 9.3\% on an aggregate benchmark of robustness evaluations, including adversarial perturbations, common corruptions, and domain shifts. Finally, we show that EVNets can be further improved when paired with a state-of-the-art data augmentation technique, surpassing the performance of the isolated data augmentation approach by 6.2\% on our robustness benchmark. This result reveals complementary benefits between changes in architecture to better mimic biology and training-based machine learning approaches.","{""adversarial_core"": [""gregate benchmark of robustness evaluations, including adversarial perturbations, common corruptions, and domain shifts. Finally, we sh""], ""vision_context"": [""nder a range of visual perturbations and out-of-domain images, when compared with biological vision. Prior work has"", ""Explicitly Modeling Subcortical Vision with a Neuro-Inspired Front-End Improves CNN Robustnes"", ""but continue to exhibit vulnerability under a range of visual perturbations and out-of-domain images, when compared""], ""classification_context"": [""rtical Vision with a Neuro-Inspired Front-End Improves CNN Robustness Convolutional neural networks (CNNs) traine""]}",{},https://openreview.net/pdf/d79ac9c0ce2e61f61f1b0c83c5224fbe824dbfa7.pdf,https://openreview.net/forum?id=YEakcHa98a,True,neurips2025_papers.json
neurips2025_papers:3053,NEURIPS,2025,Exploring and Leveraging Class Vectors for Classifier Editing,9,C-Foundation,adversarial_core;classification_context;vision_context,"Image classifiers play a critical role in detecting diseases in medical imaging and identifying anomalies in manufacturing processes. However, their predefined behaviors after extensive training make post hoc model editing difficult, especially when it comes to forgetting specific classes or adapting to distribution shifts. Existing classifier editing methods either focus narrowly on correcting errors or incur extensive retraining costs, creating a bottleneck for flexible editing. Moreover, such editing has seen limited investigation in image classification. To overcome these challenges, we introduce class vectors, which capture class-specific representation adjustments during fine-tuning. Whereas task vectors encode task-level changes in weight space, class vectors disentangle each class’s adaptation in the latent space. We show that class vectors capture each class’s semantic shift and that classifier editing can be achieved either by steering latent features along these vectors or by mapping them into weight space to update the decision boundaries. We also demonstrate that the inherent linearity and orthogonality of class vectors support efficient, flexible, and high-level concept editing via simple class arithmetic. Finally, we validate their utility in applications such as unlearning, environmental adaptation, adversarial defense, and adversarial trigger optimization.","{""adversarial_core"": [""ications such as unlearning, environmental adaptation, adversarial defense, and adversarial trigger optimization. Classifier Edit""], ""vision_context"": [""ng and Leveraging Class Vectors for Classifier Editing Image classifiers play a critical role in detecting diseases"", ""d adversarial trigger optimization. Classifier Editing Vision Transformer Class Vector"", ""reover, such editing has seen limited investigation in image classification. To overcome these challenges, we introduce class vect""], ""classification_context"": [""ng and Leveraging Class Vectors for Classifier Editing Image classifiers play a critical role in detecting diseases in medical""]}",{},https://openreview.net/pdf/8e5821199fe92549a92ddf630702d8feb2a1ad76.pdf,https://openreview.net/forum?id=jWrDyknUZ8,True,neurips2025_papers.json
neurips2025_papers:722,NEURIPS,2025,Harnessing the Computation Redundancy in ViTs to Boost Adversarial Transferability,9,C-Foundation,adversarial_core;classification_context;vision_context,"Vision Transformers (ViTs) have demonstrated impressive performance across a range of applications, including many safety-critical tasks. Many previous studies have observed that adversarial examples crafted on ViTs exhibit higher transferability than those crafted on CNNs, indicating that ViTs contain structural characteristics favorable for transferable attacks. In this work, we take a further step to deeply investigate the role of computational redundancy brought by its unique characteristics in ViTs and its impact on adversarial transferability. Specifically, we identify two forms of redundancy, including the data-level and model-level, that can be harnessed to amplify attack effectiveness. Building on this insight, we design a suite of techniques, including attention sparsity manipulation, attention head permutation, clean token regularization, ghost MoE diversification, and learn to robustify before the attack. A dynamic online learning strategy is also proposed to fully leverage these operations to enhance the adversarial transferability. Extensive experiments on the ImageNet-1k dataset validate the effectiveness of our approach, showing that our methods significantly outperform existing baselines in both transferability and generality across diverse model architectures, including different variants of ViTs and mainstream Vision Large Language Models (VLLMs).","{""adversarial_core"": [""itical tasks. Many previous studies have observed that adversarial examples crafted on ViTs exhibit higher transferability than th""], ""vision_context"": [""edundancy in ViTs to Boost Adversarial Transferability Vision Transformers (ViTs) have demonstrated impressive perfo"", ""ersarial transferability. Extensive experiments on the ImageNet-1k dataset validate the effectiveness of our approach,""], ""classification_context"": [""s exhibit higher transferability than those crafted on CNNs, indicating that ViTs contain structural characteristi"", ""ersarial transferability. Extensive experiments on the ImageNet-1k dataset validate the effectiveness of our approach,""]}",{},https://openreview.net/pdf/f6f4d0afe19dc70237a65ecf6cfad246cd439120.pdf,https://openreview.net/forum?id=ZW2BADJKGU,True,neurips2025_papers.json
icml2024_papers:2452,ICML,2024,Improving Accuracy-robustness Trade-off via Pixel Reweighted Adversarial Training,9,C-Foundation,adversarial_core;classification_context;vision_context,"Adversarial training (AT) trains models using adversarial examples (AEs), which are natural images modified with specific perturbations to mislead the model. These perturbations are constrained by a predefined perturbation budget $\epsilon$ and are equally applied to each pixel within an image. However, in this paper, we discover that not all pixels contribute equally to the accuracy on AEs (i.e., robustness) and accuracy on natural images (i.e., accuracy). Motivated by this finding, we propose Pixel-reweighted AdveRsarial Training (PART), a new framework that partially reduces $\epsilon$ for less influential pixels, guiding the model to focus more on key regions that affect its outputs. Specifically, we first use class activation mapping (CAM) methods to identify important pixel regions, then we keep the perturbation budget for these regions while lowering it for the remaining regions when generating AEs. In the end, we use these pixel-reweighted AEs to train a model. PART achieves a notable improvement in accuracy without compromising robustness on CIFAR-10, SVHN and TinyImagenet-200, justifying the necessity to allocate distinct weights to different pixel regions in robust classification.","{""adversarial_core"": [""ing Accuracy-robustness Trade-off via Pixel Reweighted Adversarial Training Adversarial training (AT) trains models using adversar""], ""vision_context"": [""ls using adversarial examples (AEs), which are natural images modified with specific perturbations to mislead the mo"", ""Improving Accuracy-robustness Trade-off via Pixel Reweighted Adversarial Training Adversarial training ("", ""ovement in accuracy without compromising robustness on CIFAR-10, SVHN and TinyImagenet-200, justifying the necessity t"", ""accuracy without compromising robustness on CIFAR-10, SVHN and TinyImagenet-200, justifying the necessity to allo""], ""classification_context"": [""ovement in accuracy without compromising robustness on CIFAR-10, SVHN and TinyImagenet-200, justifying the necessity t""]}",{},https://raw.githubusercontent.com/mlresearch/v235/main/assets/zhang24am/zhang24am.pdf,,True,icml2024_papers.json
neurips2025_papers:3314,NEURIPS,2025,LORE: Lagrangian-Optimized Robust Embeddings for Visual Encoders,9,C-Foundation,adversarial_core;vision_context,"Visual encoders have become fundamental components in modern computer vision pipelines. However, ensuring robustness against adversarial perturbations remains a critical challenge. Recent efforts have explored both supervised and unsupervised adversarial fine-tuning strategies. We identify two key limitations in these approaches: (i) they often suffer from instability, especially during the early stages of fine-tuning, resulting in suboptimal convergence and degraded performance on clean data, and (ii) they exhibit a suboptimal trade-off between robustness and clean data accuracy, hindering the simultaneous optimization of both objectives. To overcome these challenges, we propose **L**agrangian-**O**ptimized **R**obust **E**mbeddings (LORE), a novel unsupervised adversarial fine-tuning framework. LORE utilizes constrained optimization, which offers a principled approach to balancing competing goals, such as improving robustness while preserving nominal performance. By enforcing embedding-space proximity constraints, LORE effectively maintains clean data performance throughout adversarial fine-tuning. Extensive experiments show that LORE stabilizes training and significantly improves zero-shot adversarial robustness with minimal degradation in clean data accuracy. Furthermore, we demonstrate the effectiveness of the adversarially fine-tuned image encoder in out-of-distribution generalization and enhancing the interpretability of image embeddings. The code is available on [GitHub](https://github.com/Theborna/LORE-Lagrangian-Optimized-Robust-Embeddings).","{""adversarial_core"": [""vision pipelines. However, ensuring robustness against adversarial perturbations remains a critical challenge. Recent efforts have expl"", ""in modern computer vision pipelines. However, ensuring robustness against adversarial perturbations remains a critical challenge. Recent eff""], ""vision_context"": [""rate the effectiveness of the adversarially fine-tuned image encoder in out-of-distribution generalization and enha"", ""have become fundamental components in modern computer vision pipelines. However, ensuring robustness against advers"", ""LORE: Lagrangian-Optimized Robust Embeddings for Visual Encoders Visual encoders have become fundamental compo""]}",{},https://openreview.net/pdf/3ee1d1ea76e94dc335c9fc4ee9259212009f3ac0.pdf,https://openreview.net/forum?id=IOO3nJtvbY,True,neurips2025_papers.json
icml2024_papers:2276,ICML,2024,Robust Universal Adversarial Perturbations,9,C-Foundation,adversarial_core;classification_context;vision_context,"Universal Adversarial Perturbations (UAPs) are imperceptible, image-agnostic vectors that cause deep neural networks (DNNs) to misclassify inputs with high probability. In practical attack scenarios, adversarial perturbations may undergo transformations such as changes in pixel intensity, scaling, etc. before being added to DNN inputs. Existing methods do not create UAPs robust to these real-world transformations, thereby limiting their applicability in practical attack scenarios. In this work, we introduce and formulate UAPs robust against real-world transformations. We build an iterative algorithm using probabilistic robustness bounds and construct UAPs robust to transformations generated by composing arbitrary sub-differentiable transformation functions. We perform an extensive evaluation on the popular CIFAR-10 and ILSVRC 2012 datasets measuring our UAPs’ robustness under a wide range common, real-world transformations such as rotation, contrast changes, etc. We further show that by using a set of primitive transformations our method generalizes well to unseen transformations such as fog, JPEG compression, etc. Our results show that our method can generate UAPs up to 23% more robust than state-of-the-art baselines.","{""adversarial_core"": [""Robust Universal Adversarial Perturbations Universal Adversarial Perturbations (UAPs) are imperce""], ""vision_context"": [""al Adversarial Perturbations (UAPs) are imperceptible, image-agnostic vectors that cause deep neural networks (DNNs"", ""bations may undergo transformations such as changes in pixel intensity, scaling, etc. before being added to DNN inp"", ""ons. We perform an extensive evaluation on the popular CIFAR-10 and ILSVRC 2012 datasets measuring our UAPs’ robustnes""], ""classification_context"": [""ons. We perform an extensive evaluation on the popular CIFAR-10 and ILSVRC 2012 datasets measuring our UAPs’ robustnes""]}",{},https://raw.githubusercontent.com/mlresearch/v235/main/assets/xu24v/xu24v.pdf,,True,icml2024_papers.json
icml2025_papers:3057,ICML,2025,Splitting & Integrating: Out-of-Distribution Detection via Adversarial Gradient Attribution,9,C-Foundation,adversarial_core;classification_context;vision_context,"Out-of-distribution (OOD) detection is essential for enhancing the robustness and security of deep learning models in unknown and dynamic data environments. Gradient-based OOD detection methods, such as GAIA, analyse the explanation pattern representations of in-distribution (ID) and OOD samples by examining the sensitivity of model outputs w.r.t. model inputs, resulting in superior performance compared to traditional OOD detection methods. However, we argue that the non-zero gradient behaviors of OOD samples do not exhibit significant distinguishability, especially when ID samples are perturbed by random perturbations in high-dimensional spaces, which negatively impacts the accuracy of OOD detection. In this paper, we propose a novel OOD detection method calledS & Ibased on layerSplitting and gradientIntegration via Adversarial Gradient Attribution. Specifically, our approach involves splitting the model’s intermediate layers and iteratively updating adversarial examples layer-by-layer. We then integrate the attribution gradients from each intermediate layer along the attribution path from adversarial examples to the actual input, yielding true explanation pattern representations for both ID and OOD samples. Experiments demonstrate that our S & I algorithm achieves state-of-the-art results, with the average FPR95 of 29.05% (ResNet34)/38.61% (WRN40) and 37.31% (BiT-S) on the CIFAR100 and ImageNet benchmarks, respectively. Our code is available at: https://github.com/LMBTough/S-Ihttps://github.com/LMBTough/S-I","{""adversarial_core"": [""e model’s intermediate layers and iteratively updating adversarial examples layer-by-layer. We then integrate the attribution grad""], ""vision_context"": [""5% (ResNet34)/38.61% (WRN40) and 37.31% (BiT-S) on the CIFAR100 and ImageNet benchmarks, respectively. Our code is ava"", ""/38.61% (WRN40) and 37.31% (BiT-S) on the CIFAR100 and ImageNet benchmarks, respectively. Our code is available at: ht""], ""classification_context"": [""5% (ResNet34)/38.61% (WRN40) and 37.31% (BiT-S) on the CIFAR100 and ImageNet benchmarks, respectively. Our code is ava"", ""/38.61% (WRN40) and 37.31% (BiT-S) on the CIFAR100 and ImageNet benchmarks, respectively. Our code is available at: ht""]}",{},https://raw.githubusercontent.com/mlresearch/v267/main/assets/zhang25by/zhang25by.pdf,,True,icml2025_papers.json
iclr2026_papers:2027,ICLR,2026,Stretching Beyond the Obvious: A Gradient-Free Framework to Unveil the Hidden Landscape of Visual Invariance,9,C-Foundation,adversarial_core;classification_context;vision_context,"Uncovering which feature combinations are encoded by visual units is critical to understanding how images are transformed into representations that support recognition. While existing feature visualization approaches typically infer a unit's most exciting images, this is insufficient to reveal the manifold of transformations under which responses remain invariant, which is critical to generalization in vision. Here we introduce Stretch-and-Squeeze (SnS), an unbiased, model-agnostic, and gradient-free framework to systematically characterize a unit’s maximally invariant stimuli, and its vulnerability to adversarial perturbations, in both biological and artificial visual systems. SnS frames these transformations as bi-objective optimization problems. To probe invariance, SnS seeks image perturbations that maximally alter (stretch) the representation of a reference stimulus in a given processing stage while preserving unit activation downstream (squeeze). To probe adversarial sensitivity, stretching and squeezing are reversed to maximally perturb unit activation while minimizing changes to the upstream representation. Applied to CNNs, SnS revealed invariant transformations that were farther from a reference image in pixel-space than those produced by affine transformations, while more strongly preserving the target unit's response. The discovered invariant images differed depending on the stage of the image representation used for optimization: pixel-level changes primarily affected luminance and contrast, while stretching mid- and late-layer representations mainly altered texture and pose. By measuring how well the hierarchical invariant images obtained for $L_2$-robust (i.e., adversarially trained) networks were classified by humans and other observer networks, we discovered a substantial drop in their interpretability when the representation was stretched in deep layers, while the opposite trend was found for standard (i.e., not robustified) models. This indicates that $L_2$ adversarial training fails to increase the interpretability of high-level invariances, despite good perceptual alignment between humans and robustified models at the pixel level. This demonstrates how SnS can be used as a powerful new tool to measure the alignment between artificial and biological vision.","{""adversarial_core"": [""maximally invariant stimuli, and its vulnerability to adversarial perturbations, in both biological and artificial visual systems. SnS""], ""vision_context"": [""coded by visual units is critical to understanding how images are transformed into representations that support reco"", ""main invariant, which is critical to generalization in vision. Here we introduce Stretch-and-Squeeze (SnS), an unbia"", ""dient-Free Framework to Unveil the Hidden Landscape of Visual Invariance Uncovering which feature combinations are e"", ""formations that were farther from a reference image in pixel-space than those produced by affine transformations, w""], ""classification_context"": [""ing changes to the upstream representation. Applied to CNNs, SnS revealed invariant transformations that were fart""]}",{},https://openreview.net/pdf/6789114c0b6b87aa5837ea81c90c8c18294ebbfd.pdf,https://openreview.net/forum?id=jv1a8MPymM,True,iclr2026_papers.json
iclr2026_papers:7358,ICLR,2026,StyleAT: Defending Face Recognition Against Semantic Attacks,9,C-Foundation,adversarial_core;classification_context;vision_context,"With face-recognition models now embedded in everyday authentication and surveillance, recent works have pinpointed a critical weakness: these models remain acutely vulnerable to adversarial semantic edits. I.e., adversarially produced semantic alterations to the input, such as slight aging or pose changes, can induce misclassifications. Certain existing attacks are powerful, but they can be computationally costly, rendering them inadequate for developing defenses (e.g., through adversarial training). To fill the gap, we introduce BoundStyle, a potent semantic attack operating in StyleGAN’s rich latent space to maximize misclassification rates. Notably, BoundStyle is significantly more efficient than equally powerful attacks, making it suitable for adversarial training. Building on BoundStyle, we develop StyleAT, an efficient adversarial training scheme that incorporates low-budget attack variants yet defends against stronger and unseen semantic attacks. We evaluate on two datasets unseen during training (LFW and VGG-Face) and five models, and find that StyleAT boosts robust accuracy against state-of-the-art attacks (DiffPrivate and BoundStyle) and outperforms common defenses (DOA and classical filters) in various settings.","{""adversarial_core"": [""them inadequate for developing defenses (e.g., through adversarial training). To fill the gap, we introduce BoundStyle, a potent s"", ""GG-Face) and five models, and find that StyleAT boosts robust accuracy against state-of-the-art attacks (DiffPrivate and Boun""], ""vision_context"": [""s Defense Adversarial Machine Learning Attack Computer Vision Vision Transformer CNN Deep Learning Machine Learning""], ""classification_context"": [""ine Learning Attack Computer Vision Vision Transformer CNN Deep Learning Machine Learning Privacy Security"", ""GG-Face) and five models, and find that StyleAT boosts robust accuracy against state-of-the-art attacks (DiffPrivate and Boun""]}",{},https://openreview.net/pdf/49445a9cc76f759ffa0fae5ec3a0487a242e8f70.pdf,https://openreview.net/forum?id=bso6S1JNOd,True,iclr2026_papers.json
icml2025_papers:2623,ICML,2025,TtBA: Two-third Bridge Approach for Decision-Based Adversarial Attack,9,C-Foundation,adversarial_core;classification_context;vision_context,"A key challenge in black-box adversarial attacks is the high query complexity in hard-label settings, where only the top-1 predicted label from the target deep model is accessible. In this paper, we propose a novel normal-vector-based method called Two-third Bridge Attack (TtBA). A innovative bridge direction is introduced which is a weighted combination of the current unit perturbation direction and its unit normal vector, controlled by a weight parameter $k$. We further use binary search to identify $k=k_\text{bridge}$, which has identical decision boundary as the current direction. Notably, we observe that $k=2/3 k_\text{bridge}$ yields a near-optimal perturbation direction, ensuring the stealthiness of the attack. In addition, we investigate the critical importance of local optima during the perturbation direction optimization process and propose a simple and effective approach to detect and escape such local optima. Experimental results on MNIST, FASHION-MNIST, CIFAR10, CIFAR100, and ImageNet datasets demonstrate the strong performance and scalability of our approach. Compared to state-of-the-art non-targeted and targeted attack methods, TtBA consistently delivers superior performance across most experimented datasets and deep learning models. Code is available at https://anonymous.4open.science/r/TtBA-6ECF.","{""adversarial_core"": [""TtBA: Two-third Bridge Approach for Decision-Based Adversarial Attack A key challenge in black-box adversarial attacks is th""], ""vision_context"": [""optima. Experimental results on MNIST, FASHION-MNIST, CIFAR10, CIFAR100, and ImageNet datasets demonstrate the stron"", ""esults on MNIST, FASHION-MNIST, CIFAR10, CIFAR100, and ImageNet datasets demonstrate the strong performance and scalab""], ""classification_context"": [""optima. Experimental results on MNIST, FASHION-MNIST, CIFAR10, CIFAR100, and ImageNet datasets demonstrate the stron"", ""esults on MNIST, FASHION-MNIST, CIFAR10, CIFAR100, and ImageNet datasets demonstrate the strong performance and scalab""]}",{},https://raw.githubusercontent.com/mlresearch/v267/main/assets/wang25fg/wang25fg.pdf,,True,icml2025_papers.json
neurips2025_papers:5281,NEURIPS,2025,Vulnerable Data-Aware Adversarial Training,9,C-Foundation,adversarial_core;classification_context;vision_context,"Fast adversarial training (FAT) has been considered as one of the most effective alternatives to the computationally-intensive adversarial training. Generally, FAT methods pay equal attention to each sample of the target task. However, the distance between each sample and the decision boundary is different, learning samples which are far from the decision boundary (i.e., less important to adversarial robustness) brings additional training cost and leads to sub-optimal results. To tackle this issue, we present vulnerable data-aware adversarial training (VDAT) in this study. Specifically, we first propose a margin-based vulnerability calculation method to measure the vulnerability of data samples. Moreover, we propose a vulnerability-aware data filtering method to reduce the training data for adversarial training thus improve the training efficiency. The experiments are conducted in terms of adversarial training and robust neural architecture search on CIFAR-10, CIFAR-100, and ImageNet-1K. The results demonstrate that VDAT is up to 76% more efficient than state-of-the-art FAT methods, while achieving improvements regarding the natural accuracy and adversarial accuracy in both scenarios. Furthermore, the visualizations and ablation studies show the effectiveness of both core components designed in VDAT.","{""adversarial_core"": [""Vulnerable Data-Aware Adversarial Training Fast adversarial training (FAT) has been considered as""], ""vision_context"": [""rial training and robust neural architecture search on CIFAR-10, CIFAR-100, and ImageNet-1K. The results demonstrate t"", ""neural architecture search on CIFAR-10, CIFAR-100, and ImageNet-1K. The results demonstrate that VDAT is up to 76% mor""], ""classification_context"": [""rial training and robust neural architecture search on CIFAR-10, CIFAR-100, and ImageNet-1K. The results demonstrate t"", ""neural architecture search on CIFAR-10, CIFAR-100, and ImageNet-1K. The results demonstrate that VDAT is up to 76% mor""]}",{},https://openreview.net/pdf/0c873f68a38655feeef37be13f358ee0fb16d4da.pdf,https://openreview.net/forum?id=yrrU5YChQr,True,neurips2025_papers.json
cvpr2026_papers:4518,CVPR,2026,"Your Classifier Can Do More: Towards Balancing the Gaps in Classification, Robustness, and Generation",9,C-Foundation,adversarial_core;classification_context;vision_context,"Joint Energy-based Models (JEMs) are well known for their ability to unify classification and generation within a single framework. Despite their promising generative and discriminative performance, their robustness remains far inferior to adversarial training (AT), which, conversely, achieves strong robustness but sacrifices clean accuracy and lacks generative ability. This inherent trilemma—balancing classification accuracy, robustness, and generative capability—raises a fundamental question: \textit{Can a single model achieve all three simultaneously?} To answer this, we conduct a systematic energy landscape analysis of clean, adversarial, and generated samples across various JEM and AT variants. We observe that AT reduces the energy gap between clean and adversarial samples, while JEMs narrow the gap between clean and synthetic ones. This observation suggests a key insight: if the energy distributions of all three data types can be aligned, we might bridge their performance disparities. Building on this idea, we propose Energy-based Joint Distribution Adversarial Training (EB-JDAT), a unified generative-discriminative-robust framework that maximizes the joint probability of clean and adversarial distribution. EB-JDAT introduces a novel min–max energy optimization to explicitly aligning energies across clean, adversarial, and generated samples. Extensive experiments on CIFAR-10, CIFAR-100, and ImageNet subsets demonstrate that EB-JDAT achieves state-of-the-art robustness while maintaining near-original accuracy and generation quality of JEMs, effectively resolving the triple trade-off between accuracy, robustness, and generation.","{""adversarial_core"": [""performance, their robustness remains far inferior to adversarial training (AT), which, conversely, achieves strong robustness bu""], ""vision_context"": [""arial, and generated samples. Extensive experiments on CIFAR-10, CIFAR-100, and ImageNet subsets demonstrate that EB-J"", ""les. Extensive experiments on CIFAR-10, CIFAR-100, and ImageNet subsets demonstrate that EB-JDAT achieves state-of-the""], ""classification_context"": [""arial, and generated samples. Extensive experiments on CIFAR-10, CIFAR-100, and ImageNet subsets demonstrate that EB-J"", ""les. Extensive experiments on CIFAR-10, CIFAR-100, and ImageNet subsets demonstrate that EB-JDAT achieves state-of-the""]}",{},https://openaccess.thecvf.com/content/CVPR2026/papers/Jiang_Your_Classifier_Can_Do_More_Towards_Balancing_the_Gaps_in_CVPR_2026_paper.pdf,https://cvpr.thecvf.com/virtual/2026/poster/36867,True,cvpr2026_papers.json
iclr2026_papers:1839,ICLR,2026,A General Framework for Black-Box Attacks Under Cost Asymmetry,8,C-Foundation,adversarial_core;classification_context;vision_context,"Traditional decision-based black-box adversarial attacks on image classifiers aim to generate adversarial examples by slightly modifying input images while keeping the number of queries low, where each query involves sending an input to the model and observing its output. Most existing methods assume that all queries have equal cost. However, in practice, queries may incur *asymmetric costs*; for example, in content moderation systems, certain output classes may trigger additional review, enforcement, or penalties, making them more costly than others. While prior work has considered such asymmetric cost settings, effective algorithms for this scenario remain underdeveloped. In this paper, we introduce asymmetric black-box attacks, a new family of decision-based attacks that generalize to the asymmetric query-cost setup. We develop new methods for boundary search and gradient estimation when crafting adversarial examples. Specifically, we propose *Asymmetric Search (AS)*, a more conservative alternative to binary search that reduces reliance on high-cost queries, and *Asymmetric Gradient Estimation (AGREST)*, which shifts the sampling distribution in Monte Carlo style gradient estimation to favor low-cost queries. We design efficient algorithms that reduce total attack cost by balancing different query types, in contrast to earlier methods such as *stealthy attacks* that focus only on limiting expensive (high-cost) queries. We perform both theoretical analysis and empirical evaluation on standard image classification benchmarks. Across various cost regimes, our method consistently achieves lower total query cost and smaller perturbations than existing approaches, reducing the perturbation norm by up to 40\% in some settings.","{""adversarial_core"": [""er Cost Asymmetry Traditional decision-based black-box adversarial attacks on image classifiers aim to generate adversarial examp""], ""vision_context"": [""tional decision-based black-box adversarial attacks on image classifiers aim to generate adversarial examples by sl"", ""oretical analysis and empirical evaluation on standard image classification benchmarks. Across various cost regimes, our method co""], ""classification_context"": [""tional decision-based black-box adversarial attacks on image classifiers aim to generate adversarial examples by slightly modif""]}",{},https://openreview.net/pdf/71951fe4212df2e827d0c0735206268ac54220ea.pdf,https://openreview.net/forum?id=G1fFulgfd8,True,iclr2026_papers.json
iclr2026_papers:3253,ICLR,2026,A Unified Total Variation Framework for Membrane Potential Perturbation Dynamic,8,C-Foundation,adversarial_core;classification_context;vision_context,"Membrane potential perturbation dynamic (MPPD) is an emerging approach to capture perturbation intensity and stabilize the performance of spiking neural networks (SNN). It discards the neuronal reset part to intuitively reduce fluctuations of dynamics, but this treatment may be insufficient in perturbation characterization. In this study, we prove that MPPD is total variation (TV), which is a widely-used methodology for robust signal reconstruction. Moreover, we propose a novel TV-$\ell_1$ framework for MPPD, which allows for a wider range of network functions and has better denoising advantage than the existing TV-$\ell_2$ framework, based on the coarea formula. Experiments show that MPPD-TV-$\ell_1$ achieves robust performance in both Gaussian noise training and adversarial training for image classification tasks. This finding may provide a new insight into the essence of perturbation characterization.","{""adversarial_core"": [""robust performance in both Gaussian noise training and adversarial training for image classification tasks. This finding may provi""], ""vision_context"": [""h Gaussian noise training and adversarial training for image classification tasks. This finding may provide a new i"", ""h Gaussian noise training and adversarial training for image classification tasks. This finding may provide a new insight into the""], ""classification_context"": [""h Gaussian noise training and adversarial training for image classification tasks. This finding may provide a new insight into the""]}",{},https://openreview.net/pdf/cef4f5caf97b88af216795b6b7def6d0a0341cec.pdf,https://openreview.net/forum?id=LDo9numrx6,True,iclr2026_papers.json
icml2025_papers:460,ICML,2025,Adapting to Evolving Adversaries with Regularized Continual Robust Training,8,C-Foundation,adversarial_core;classification_context;vision_context,"Robust training methods typically defend against specific attack types, such as $\ell_p$ attacks with fixed budgets, and rarely account for the fact that defenders may encounter new attacks over time. A natural solution is to adapt the defended model to new adversaries as they arise via fine-tuning, a method which we call continual robust training (CRT). However, when implemented naively, fine-tuning on new attacks degrades robustness on previous attacks. This raises the question:how can we improve the initial training and fine-tuning of the model to simultaneously achieve robustness against previous and new attacks?We present theoretical results which show that the gap in a model’s robustness against different attacks is bounded by how far each attack perturbs a sample in the model’s logit space, suggesting that regularizing with respect to this logit space distance can help maintain robustness against previous attacks. Extensive experiments on 3 datasets (CIFAR-10, CIFAR-100, and ImageNette) and over 100 attack combinations demonstrate that the proposed regularization improves robust accuracy with little overhead in training time. Our findings and open-source code lay the groundwork for the deployment of models robust to evolving attacks.","{""adversarial_core"": [""demonstrate that the proposed regularization improves robust accuracy with little overhead in training time. Our findings an""], ""vision_context"": [""previous attacks. Extensive experiments on 3 datasets (CIFAR-10, CIFAR-100, and ImageNette) and over 100 attack combin""], ""classification_context"": [""previous attacks. Extensive experiments on 3 datasets (CIFAR-10, CIFAR-100, and ImageNette) and over 100 attack combin"", ""demonstrate that the proposed regularization improves robust accuracy with little overhead in training time. Our findings an""]}",{},https://raw.githubusercontent.com/mlresearch/v267/main/assets/dai25c/dai25c.pdf,,True,icml2025_papers.json
iclr2026_papers:1999,ICLR,2026,AdPO: Enhancing the Adversarial Robustness of Large Vision-Language Models with Preference Optimization,8,C-Foundation,adversarial_core;vision_context,"Large Vision-Language Models (LVLMs), such as GPT-4o and LLaVA, have recently witnessed remarkable advancements and are increasingly being deployed in real-world applications. However, inheriting the sensitivity of visual neural networks, LVLMs remain vulnerable to adversarial attacks, which can result in erroneous or malicious outputs. While existing efforts utilize adversarial fine-tuning to enhance robustness, they often suffer from significant performance degradation on clean inputs. In this paper, we propose AdPO, a novel adversarial defense strategy for LVLMs based on preference optimization. For the first time, we reframe adversarial training as a preference optimization problem, aiming to enhance the model’s preference for generating normal outputs on clean inputs while rejecting the potential misleading outputs for adversarial examples. Notably, AdPO achieves this by solely modifying the image encoder, e.g., CLIP ViT, resulting in superior clean and adversarial performance in a variety of downstream tasks. Due to the computational cost of training large language models, we show that training on smaller LVLMs and transferring to larger ones achieves state-of-the-art performance with efficiency comparable to previous methods. Our comprehensive experiments confirm the effectiveness of the proposed AdPO which highlights the potential of preference-based learning in adversarially robust multimodal systems.","{""adversarial_core"": [""AdPO: Enhancing the Adversarial Robustness of Large Vision-Language Models with Preference Optimi""], ""vision_context"": [""s. Notably, AdPO achieves this by solely modifying the image encoder, e.g., CLIP ViT, resulting in superior clean a"", ""AdPO: Enhancing the Adversarial Robustness of Large Vision-Language Models with Preference Optimization Large Vis"", ""d applications. However, inheriting the sensitivity of visual neural networks, LVLMs remain vulnerable to adversaria""]}",{},https://openreview.net/pdf/05981e17c573e4ff40431b7dd159babbd64046e7.pdf,https://openreview.net/forum?id=FEMv4lHJ2C,True,iclr2026_papers.json
cvpr2026_papers:243,CVPR,2026,AGFT: Alignment-Guided Fine-Tuning for Zero-Shot Adversarial Robustness of Vision-Language Models,8,C-Foundation,adversarial_core;vision_context,"Pre-trained vision-language models (VLMs) have exhibited exceptional generalization capabilities in zero-shot tasks, yet remain vulnerable to adversarial examples. Conventional classification-guided adversarial fine-tuning often compromises the pre-trained cross-modal alignment, undermining the intricate visual-textual correspondence essential for zero-shot performance. To mitigate this, we introduce Alignment-Guided Fine-Tuning (AGFT), a novel framework that preserves semantic integrity while enhancing robustness. AGFT leverages the output distribution of pre-trained VLMs as the fine-tuning objective, thereby maintaining cross-modal semantic correspondence. Recognizing the divergence in feature alignment objectives between pre-trained and robust models, we further calibrate the output distribution by attenuating cross-modal feature similarity of robust models, all while safeguarding correspondence across images and diverse textual descriptions. This calibration ensures compatibility with robust feature representation without sacrificing generalization. Comprehensive experiments across diverse zero-shot datasets and settings demonstrate that AGFT achieves state-of-the-art performance, significantly improving the zero-shot adversarial robustness.","{""adversarial_core"": [""AGFT: Alignment-Guided Fine-Tuning for Zero-Shot Adversarial Robustness of Vision-Language Models Pre-trained vision-language""], ""vision_context"": [""t models, all while safeguarding correspondence across images and diverse textual descriptions. This calibration ens"", ""ed Fine-Tuning for Zero-Shot Adversarial Robustness of Vision-Language Models Pre-trained vision-language models (VL"", ""ained cross-modal alignment, undermining the intricate visual-textual correspondence essential for zero-shot perform""]}",{},,https://cvpr.thecvf.com/virtual/2026/poster/39969,True,cvpr2026_papers.json
iclr2026_papers:9133,ICLR,2026,BEARD: Benchmarking the Adversarial Robustness for Dataset Distillation,8,C-Foundation,adversarial_core;classification_context;vision_context,"Dataset Distillation (DD) compresses large-scale datasets into smaller synthesized datasets, enabling efficient model training while preserving high test performance. However, existing DD methods primarily focus on accuracy and largely neglect adversarial robustness, potentially exposing models to security risks in critical applications. Evaluating robustness is therefore essential but remains challenging due to complex interactions among distillation methods, model architectures, and attack strategies. Moreover, current benchmarks provide only partial coverage and lack a unified perspective in the DD domain. To address this gap, we introduce BEARD, an open and unified benchmark for systematically evaluating the adversarial robustness of models trained on distilled datasets from representative DD methods such as DM, IDM, and BACON. BEARD supports diverse adversarial attacks, including FGSM, PGD, and C&W, and widely used datasets such as CIFAR-10/100 and TinyImageNet. Using an adversarial game framework, we define three key metrics: Robustness Ratio (RR), Attack Efficiency Ratio (AE), and Comprehensive Robustness-Efficiency Index (CREI). We conduct systematic evaluations and analyses across unified benchmarks, varying images-per-class (IPC) settings and adversarial training strategies, showing that dataset distillation consistently enhances adversarial robustness, with adversarial training providing further improvements. The leaderboard is available at https://beard-leaderboard.github.io/, along with a library of model and dataset pools to support reproducible research. Code is accessible at https://anonymous.4open.science/r/BEARD-6B8A/.","{""adversarial_core"": [""BEARD: Benchmarking the Adversarial Robustness for Dataset Distillation Dataset Distillation (DD) com""], ""vision_context"": [""ations and analyses across unified benchmarks, varying images-per-class (IPC) settings and adversarial training stra"", ""g FGSM, PGD, and C&W, and widely used datasets such as CIFAR-10/100 and TinyImageNet. Using an adversarial game framew""], ""classification_context"": [""g FGSM, PGD, and C&W, and widely used datasets such as CIFAR-10/100 and TinyImageNet. Using an adversarial game framew""]}",{},https://openreview.net/pdf/2902675f1421fff9411d53774252b9986ee8e009.pdf,https://openreview.net/forum?id=vAgmDsWXxP,True,iclr2026_papers.json
neurips2025_papers:5131,NEURIPS,2025,Boosting Adversarial Transferability with Spatial Adversarial Alignment,8,C-Foundation,adversarial_core;classification_context;vision_context,"Deep neural networks are vulnerable to adversarial examples that exhibit transferability across various models. Numerous approaches are proposed to enhance the transferability of adversarial examples, including advanced optimization, data augmentation, and model modifications. However, these methods still show limited transferability, partiovovocularly in cross-architecture scenarios, such as from CNN to ViT. To achieve high transferability, we propose a technique termed Spatial Adversarial Alignment (SAA), which employs an alignment loss and leverages a witness model to fine-tune the surrogate model. Specifically, SAA consists of two key parts: spatial-aware alignment and adversarial-aware alignment. First, we minimize the divergences of features between the two models in both global and local regions, facilitating spatial alignment. Second, we introduce a self-adversarial strategy that leverages adversarial examples to impose further constraints, aligning features from an adversarial perspective. Through this alignment, the surrogate model is trained to concentrate on the common features extracted by the witness model. This facilitates adversarial attacks on these shared features, thereby yielding perturbations that exhibit enhanced transferability. Extensive experiments on various architectures on ImageNet show that aligned surrogate models based on SAA can provide higher transferable adversarial examples, especially in cross-architecture attacks.","{""adversarial_core"": [""arial Alignment Deep neural networks are vulnerable to adversarial examples that exhibit transferability across various models. Nu""], ""vision_context"": [""ity. Extensive experiments on various architectures on ImageNet show that aligned surrogate models based on SAA can pr""], ""classification_context"": [""ocularly in cross-architecture scenarios, such as from CNN to ViT. To achieve high transferability, we propose a"", ""ity. Extensive experiments on various architectures on ImageNet show that aligned surrogate models based on SAA can pr""]}",{},https://openreview.net/pdf/d355db067eebed3d25368123d661ba0f7e83e2a5.pdf,https://openreview.net/forum?id=seCBUZYs5c,True,neurips2025_papers.json
iclr2026_papers:8735,ICLR,2026,Boosting Targeted Adversarial Transferability: A Generative Approach Guided by Core Target Samples,8,C-Foundation,adversarial_core;classification_context;vision_context,"Adversarial examples generated on one model can often be transferred to other unseen models, but achieving high targeted transferability remains challenging due to overfitting—especially under single-surrogate constraints. In this work, we propose BAT, a generative approach that Boosts targeted Adversarial Transferability by training the generator to align its outputs with a curated set of high-confidence \textit{core target samples}. These samples—either selected from real data or synthesized from noise—serve as guidance across both output and feature spaces. To mitigate overfitting without requiring multiple surrogates, BAT employs an ensemble of frozen discriminators derived via pruning from a single pretrained surrogate model. BAT is applicable whether both the generator's training (source) and the evaluation images come from the target models’ training domain or exhibit a domain shift; it remains effective even without real target-class images during training. Extensive experiments on ImageNet-1K show that BAT notably outperforms existing $\ell_{\infty}$-constrained targeted attacks. We also provide theoretical bounds that reveal how ensemble size influences transferability, aligning with observed empirical trends.","{""adversarial_core"": [""y: A Generative Approach Guided by Core Target Samples Adversarial examples generated on one model can often be transferred to oth""], ""vision_context"": [""h the generator's training (source) and the evaluation images come from the target models’ training domain or exhibi"", ""class images during training. Extensive experiments on ImageNet-1K show that BAT notably outperforms existing $\\ell_{\\""], ""classification_context"": [""class images during training. Extensive experiments on ImageNet-1K show that BAT notably outperforms existing $\\ell_{\\""]}",{},https://openreview.net/pdf/3e1134d9a9608840a9f6f66eb8c623cc40587ed7.pdf,https://openreview.net/forum?id=rE64yoFKY9,True,iclr2026_papers.json
neurips2025_papers:3316,NEURIPS,2025,Bridging Symmetry and Robustness: On the Role of Equivariance in Enhancing Adversarial Robustness,8,C-Foundation,adversarial_core;classification_context;vision_context,"Adversarial examples reveal critical vulnerabilities in deep neural networks by exploiting their sensitivity to imperceptible input perturbations. While adversarial training remains the predominant defense strategy, it often incurs significant computational cost and may compromise clean-data accuracy. In this work, we investigate an architectural approach to adversarial robustness by embedding group-equivariant convolutions—specifically, rotation- and scale-equivariant layers—into standard convolutional neural networks (CNNs). These layers encode symmetry priors that align model behavior with structured transformations in the input space, promoting smoother decision boundaries and greater resilience to adversarial attacks. We propose and evaluate two symmetry-aware architectures: a parallel design that processes standard and equivariant features independently before fusion, and a cascaded design that applies equivariant operations sequentially. Theoretically, we demonstrate that such models reduce hypothesis space complexity, regularize gradients, and yield tighter certified robustness bounds under the CLEVER (Cross Lipschitz Extreme Value for nEtwork Robustness) framework. Empirically, our models consistently improve adversarial robustness and generalization across CIFAR-10, CIFAR-100, and CIFAR-10C under both FGSM and PGD attacks, without requiring adversarial training. These findings underscore the potential of symmetry-enforcing architectures as efficient and principled alternatives to data augmentation-based defenses.","{""adversarial_core"": [""d Robustness: On the Role of Equivariance in Enhancing Adversarial Robustness Adversarial examples reveal critical vulnerabilities i""], ""vision_context"": [""prove adversarial robustness and generalization across CIFAR-10, CIFAR-100, and CIFAR-10C under both FGSM and PGD atta""], ""classification_context"": [""nt layers—into standard convolutional neural networks (CNNs). These layers encode symmetry priors that align model"", ""prove adversarial robustness and generalization across CIFAR-10, CIFAR-100, and CIFAR-10C under both FGSM and PGD atta""]}",{},https://openreview.net/pdf/1cb81fec2e01484e35f38c1066bfada23c5a2378.pdf,https://openreview.net/forum?id=xDxskDUvte,True,neurips2025_papers.json
iclr2026_papers:5993,ICLR,2026,Building Neural Networks that are Robust to Adversarial Examples Using Probabilistic Loss Function,8,C-Foundation,adversarial_core;classification_context;vision_context,"Adversarial examples are an Achilles heel of deep neural networks, robbing them of their functional performance in mission-critical applications. This work proposes a novel method of making deep neural networks robust to adversarial training by modifying the loss function to a soft version of cross-entropy loss for classification problems. For regression problems, the data distribution is examined using Bayesian techniques (Gaussian Mixture Model) and the loss function is modified using a posterior probability distribution. The approach is justified using mathematical derivation and is supplemented by applying it on MNIST and Imagenet classification problems to demonstrate its robustness to FGSM and Carlinii-Wagner L2 attacks. This approach alleviates the overhead of training an additional model inherent in adversarial-distillation based methods.","{""adversarial_core"": [""Building Neural Networks that are Robust to Adversarial Examples Using Probabilistic Loss Function Adversarial examples"", ""Building Neural Networks that are Robust to Adversarial Examples Using Probabilistic Loss Function Adversarial""], ""vision_context"": [""vation and is supplemented by applying it on MNIST and Imagenet classification problems to demonstrate its robustness""], ""classification_context"": [""vation and is supplemented by applying it on MNIST and Imagenet classification problems to demonstrate its robustness""]}",{},https://openreview.net/pdf/7110194046da62c4d98d93db7f3b953029567b67.pdf,https://openreview.net/forum?id=dBJpBmn5MH,True,iclr2026_papers.json
icml2024_papers:498,ICML,2024,Compositional Curvature Bounds for Deep Neural Networks,8,C-Foundation,adversarial_core;classification_context;vision_context,"A key challenge that threatens the widespread use of neural networks in safety-critical applications is their vulnerability to adversarial attacks. In this paper, we study the second-order behavior of continuously differentiable deep neural networks, focusing on robustness against adversarial perturbations. First, we provide a theoretical analysis of robustness and attack certificates for deep classifiers by leveraging local gradients and upper bounds on the second derivative (curvature constant). Next, we introduce a novel algorithm to analytically compute provable upper bounds on the second derivative of neural networks. This algorithm leverages the compositional structure of the model to propagate the curvature bound layer-by-layer, giving rise to a scalable and modular approach. The proposed bound can serve as a differentiable regularizer to control the curvature of neural networks during training, thereby enhancing robustness. Finally, we demonstrate the efficacy of our method on classification tasks using the MNIST and CIFAR-10 datasets.","{""adversarial_core"": [""safety-critical applications is their vulnerability to adversarial attacks. In this paper, we study the second-order behavior of"", ""ously differentiable deep neural networks, focusing on robustness against adversarial perturbations. First, we provide a theoretical analysi""], ""vision_context"": [""our method on classification tasks using the MNIST and CIFAR-10 datasets.""], ""classification_context"": [""our method on classification tasks using the MNIST and CIFAR-10 datasets.""]}",{},https://raw.githubusercontent.com/mlresearch/v235/main/assets/entesari24a/entesari24a.pdf,,True,icml2024_papers.json
icml2025_papers:1901,ICML,2025,DiffAdvMAP: Flexible Diffusion-Based Framework for Generating Natural Unrestricted Adversarial Examples,8,C-Foundation,adversarial_core;classification_context;vision_context,"Unrestricted adversarial examples(UAEs) have posed greater threats to deep neural networks(DNNs) than perturbation-based adversarial examples(AEs) because they can make extensive changes to images without being restricted in a fixed norm perturbation budget. Although current diffusion-based methods can generate more natural UAEs than other unrestricted attack methods, the overall effectiveness of such methods is restricted since they are designed for specific attack conditions. Additionally, the naturalness of UAEs still has room for improvement, as these methods primarily focus on leveraging diffusion models as strong priors to enhance the generation process. This paper proposes a flexible framework named Diffusion-based Adversarial Maximum a Posterior(DiffAdvMAP) to generate more natural UAEs for various scenarios. DiffAdvMAP approaches the generation of UAEs by sampling images from posterior distributions, which is achieved by approximating the posterior distribution of UAEs using the prior distribution of real data learned by the diffusion model. This process enhances the naturalness of the UAEs. By incorporating an adversarial constraint to ensure the effectiveness of the attack, DiffAdvMAP exhibits excellent attack ability and defense robustness. A reconstruction constraint is designed to enhance its flexibility, which allows DiffAdvMAP to be tailored to various attack scenarios. Experimental results on Imagenet show that we achieve a better trade-off between image quality, flexibility, and transferability than baseline unrestricted adversarial attack methods.","{""adversarial_core"": [""on-Based Framework for Generating Natural Unrestricted Adversarial Examples Unrestricted adversarial examples(UAEs) have posed gre""], ""vision_context"": [""amples(AEs) because they can make extensive changes to images without being restricted in a fixed norm perturbation"", ""d to various attack scenarios. Experimental results on Imagenet show that we achieve a better trade-off between image""], ""classification_context"": [""d to various attack scenarios. Experimental results on Imagenet show that we achieve a better trade-off between image""]}",{},https://raw.githubusercontent.com/mlresearch/v267/main/assets/pan25b/pan25b.pdf,,True,icml2025_papers.json
icml2024_papers:321,ICML,2024,Efficient Black-box Adversarial Attacks via Bayesian Optimization Guided by a Function Prior,8,C-Foundation,adversarial_core;classification_context;vision_context,"This paper studies the challenging black-box adversarial attack that aims to generate adversarial examples against a black-box model by only using output feedback of the model to input queries. Some previous methods improve the query efficiency by incorporating the gradient of a surrogate white-box model into query-based attacks due to the adversarial transferability. However, the localized gradient is not informative enough, making these methods still query-intensive. In this paper, we propose a Prior-guided Bayesian Optimization (P-BO) algorithm that leverages the surrogate model as a global function prior in black-box adversarial attacks. As the surrogate model contains rich prior information of the black-box one, P-BO models the attack objective with a Gaussian process whose mean function is initialized as the surrogate model’s loss. Our theoretical analysis on the regret bound indicates that the performance of P-BO may be affected by a bad prior. Therefore, we further propose an adaptive integration strategy to automatically adjust a coefficient on the function prior by minimizing the regret bound. Extensive experiments on image classifiers and large vision-language models demonstrate the superiority of the proposed algorithm in reducing queries and improving attack success rates compared with the state-of-the-art black-box attacks. Code is available at https://github.com/yibo-miao/PBO-Attack.","{""adversarial_core"": [""Efficient Black-box Adversarial Attacks via Bayesian Optimization Guided by a Function Prior T""], ""vision_context"": [""minimizing the regret bound. Extensive experiments on image classifiers and large vision-language models demonstra"", "". Extensive experiments on image classifiers and large vision-language models demonstrate the superiority of the pro""], ""classification_context"": [""minimizing the regret bound. Extensive experiments on image classifiers and large vision-language models demonstrate the super""]}",{},https://raw.githubusercontent.com/mlresearch/v235/main/assets/cheng24h/cheng24h.pdf,,True,icml2024_papers.json
cvpr2026_papers:3563,CVPR,2026,Generative Adversarial Perturbations with Cross-paradigm Transferability on Localized Crowd Counting,8,C-Foundation,adversarial_core;vision_context,"State-of-the-art crowd counting and localization are primarily modeled using two paradigms: density maps and point regression. Given the field's security ramifications, there is active interest in model robustness against adversarial attacks. Recent studies have demonstrated transferability across density-map-based approaches via adversarial patches, but cross-paradigm attacks (e.g., from density map-based models to point regression-based models) remain unexplored. We introduce a novel adversarial framework that compromises both density map and point regression architectural paradigms through a comprehensive multi-task loss optimization. For point-regression models, we employ scene-density-specific high-confidence logit suppression; for density-map approaches, we use peak-targeted density map suppression. Both are combined with model-agnostic perceptual constraints to ensure that perturbations are effective and imperceptible to the human eye. Extensive experiments demonstrate the effectiveness of our attack, achieving on average a $7\times$ increase in Mean Absolute Error compared to clean images while maintaining competitive visual quality, and successfully transferring across seven state-of-the-art crowd models with transfer ratios ranging from $0.55$ to $1.69$. Our approach strikes a balance between attack effectiveness and imperceptibility compared to state-of-the-art transferable attack strategies.","{""adversarial_core"": [""Generative Adversarial Perturbations with Cross-paradigm Transferability on Localized Crowd"", ""urity ramifications, there is active interest in model robustness against adversarial attacks. Recent studies have demonstrated transferabil""], ""vision_context"": [""mes$ increase in Mean Absolute Error compared to clean images while maintaining competitive visual quality, and succ"", ""compared to clean images while maintaining competitive visual quality, and successfully transferring across seven st""]}",{},,https://cvpr.thecvf.com/virtual/2026/poster/40179,True,cvpr2026_papers.json
cvpr2026_papers:256,CVPR,2026,Hierarchically Robust Zero-shot Vision-language Models,8,C-Foundation,adversarial_core;vision_context,"Vision-Language Models (VLMs) can perform zero-shot classification but are susceptible to adversarial attacks. While robust fine-tuning improves their robustness, existing approaches align fixed text embeddings with an image embedding, sacrificing natural performance and robustness. A robustness degradation also occurs when a model faces adversarial attacks targeting superclasses (parent classes, e.g., \texttt{mammal}) in addition to their base (leaf) classes (e.g., \texttt{cat}). Thus, to enhance adversarial robustness and leverage the inherent hierarchical properties of class space, we propose a novel adversarial fine-tuning framework based on hierarchical embeddings and several levels of adversarially robust alignment of image-text modalities. Additional mechanisms place visual embeddings at the desired depth of hierarchy, and we provide theoretical connection between the depth of embedding in the hierarchy and the maximum viable margin size. Our model naturally realizes several margin sizes boosting generalization of adversaries for robustification. As various trees with different parent labels can share the same leaf labels, we also consider aligning over multiple trees to boost semantic variety. Experiments across several datasets are performed.","{""adversarial_core"": [""erform zero-shot classification but are susceptible to adversarial attacks. While robust fine-tuning improves their robustness, e""], ""vision_context"": [""xisting approaches align fixed text embeddings with an image embedding, sacrificing natural performance and robustn"", ""Hierarchically Robust Zero-shot Vision-language Models Vision-Language Models (VLMs) can perf"", ""of image-text modalities. Additional mechanisms place visual embeddings at the desired depth of hierarchy, and we p""]}",{},https://openaccess.thecvf.com/content/CVPR2026/papers/Dong_Hierarchically_Robust_Zero-shot_Vision-language_Models_CVPR_2026_paper.pdf,https://cvpr.thecvf.com/virtual/2026/poster/38179,True,cvpr2026_papers.json
icml2024_papers:779,ICML,2024,Improving Interpretation Faithfulness for Vision Transformers,8,C-Foundation,adversarial_core;vision_context,"Vision Transformers (ViTs) have achieved state-of-the-art performance for various vision tasks. One reason behind the success lies in their ability to provide plausible innate explanations for the behavior of neural architectures. However, ViTs suffer from issues with explanation faithfulness, as their focal points are fragile to adversarial attacks and can be easily changed with even slight perturbations on the input image. In this paper, we propose a rigorous approach to mitigate these issues by introducing Faithful ViTs (FViTs). Briefly speaking, an FViT should have the following two properties: (1) The top-$k$ indices of its self-attention vector should remain mostly unchanged under input perturbation, indicating stable explanations; (2) The prediction distribution should be robust to perturbations. To achieve this, we propose a new method called Denoised Diffusion Smoothing (DDS), which adopts randomized smoothing and diffusion-based denoising. We theoretically prove that processing ViTs directly with DDS can turn them into FViTs. We also show that Gaussian noise is nearly optimal for both $\ell_2$ and $\ell_\infty$-norm cases. Finally, we demonstrate the effectiveness of our approach through comprehensive experiments and evaluations. Results show that FViTs are more robust against adversarial attacks while maintaining the explainability of attention, indicating higher faithfulness.","{""adversarial_core"": [""ion faithfulness, as their focal points are fragile to adversarial attacks and can be easily changed with even slight perturbatio"", ""ents and evaluations. Results show that FViTs are more robust against adversarial attacks while maintaining the explainability of attent""], ""vision_context"": [""ly changed with even slight perturbations on the input image. In this paper, we propose a rigorous approach to miti"", ""Improving Interpretation Faithfulness for Vision Transformers Vision Transformers (ViTs) have achieved""]}",{},https://raw.githubusercontent.com/mlresearch/v235/main/assets/hu24k/hu24k.pdf,,True,icml2024_papers.json
neurips2025_papers:3039,NEURIPS,2025,JailBound: Jailbreaking Internal Safety Boundaries of Vision-Language Models,8,C-Foundation,adversarial_core;vision_context,"Vision-Language Models (VLMs) exhibit impressive performance, yet the integration of powerful vision encoders has significantly broadened their attack surface, rendering them increasingly susceptible to jailbreak attacks. However, lacking well-defined attack objectives, existing jailbreak methods often struggle with gradient-based strategies prone to local optima and lacking precise directional guidance, and typically decouple visual and textual modalities, thereby limiting their effectiveness by neglecting crucial cross-modal interactions. Inspired by the Eliciting Latent Knowledge (ELK) framework, we posit that VLMs encode safety-relevant information within their internal fusion-layer representations, revealing an implicit safety decision boundary in the latent space. This motivates exploiting boundary to steer model behavior. Accordingly, we propose \textbf{JailBound}, a novel latent space jailbreak framework comprising two stages: (1) \textbf{Safety Boundary Probing}, which addresses the guidance issue by approximating decision boundary within fusion layer's latent space, thereby identifying optimal perturbation directions towards the target region; and (2) \textbf{Safety Boundary Crossing}, which overcomes the limitations of decoupled approaches by jointly optimizing adversarial perturbations across both image and text inputs. This latter stage employs an innovative mechanism to steer the model's internal state towards policy-violating outputs while maintaining cross-modal semantic consistency. Extensive experiments on six diverse VLMs demonstrate JailBound's efficacy, achieves 94.32\% white-box and 67.28\% black-box attack success averagely, which are 6.17\% and 21.13\% higher than SOTA methods, respectively. Our findings expose a overlooked safety risk in VLMs and highlight the urgent need for more robust defenses. \textcolor{red}{Warning: This paper contains potentially sensitive, harmful and offensive content.}","{""adversarial_core"": [""itations of decoupled approaches by jointly optimizing adversarial perturbations across both image and text inputs. This latter stage e""], ""vision_context"": [""intly optimizing adversarial perturbations across both image and text inputs. This latter stage employs an innovati"", ""JailBound: Jailbreaking Internal Safety Boundaries of Vision-Language Models Vision-Language Models (VLMs) exhibit"", ""g precise directional guidance, and typically decouple visual and textual modalities, thereby limiting their effecti""]}",{},https://openreview.net/pdf/8e957e87b1825f3889785c947bcc5b1564c9e4e2.pdf,https://openreview.net/forum?id=yg1yfaKolw,True,neurips2025_papers.json
iclr2026_papers:7617,ICLR,2026,Learning Universal Adversarial Perturbations for Ordered Top-K Targeted Attacks,8,C-Foundation,adversarial_core;classification_context;vision_context,"Universal adversarial perturbations (UAPs) have deepen concerns regarding the vulnerability of Deep Neural Networks (DNNs) under the white-box attack setting. While most success with UAPs has been observed in untargeted attack settings, achieving effective top-1 targeted UAPs has proven challenging. In this paper, we address this challenge by demonstrating that ordered Top-K targeted UAPs can be learned aggressively along the label target axis (tested up to Top-6), and transfer very well along the data axis (i.e., across images from the seen training images to the unseen test images). They also show strong double-transferability across unseen test models and unseen test images, when learned from an ensemble of disparate train models. Our method, named **AllAttacK**, simultaneously targets three axes: images, models, and label targets, and is posed as a maximum satisfiability (MAXSAT) problem. We evaluate AllAttacK on the ImageNet-1k classification task using 27 diverse models with more than 500 UAPs learned, showing that the resulting perturbations not only exhibit strong transferability but also display intriguing, interpretable characteristics.","{""adversarial_core"": [""Learning Universal Adversarial Perturbations for Ordered Top-K Targeted Attacks Universal adversari""], ""vision_context"": [""d transfer very well along the data axis (i.e., across images from the seen training images to the unseen test image"", ""ability (MAXSAT) problem. We evaluate AllAttacK on the ImageNet-1k classification task using 27 diverse models with mo""], ""classification_context"": [""ability (MAXSAT) problem. We evaluate AllAttacK on the ImageNet-1k classification task using 27 diverse models with mo""]}",{},https://openreview.net/pdf/8793c2a99e6bde3420086f5e3a757f55bf1787f7.pdf,https://openreview.net/forum?id=EaWllvg21z,True,iclr2026_papers.json
iclr2026_papers:6928,ICLR,2026,MULTI-FACETED MULTIMODAL MONOSEMANTICITY,8,C-Foundation,adversarial_core;vision_context,"Humans experience the world through multiple modalities, such as, vision, language, and speech, making it natural to explore the commonality and distinctions among them. In this work, We take a data-driven approach to address this question by analyzing \textbf{interpretable, monosemantic features} extracted from deep multimodal models. Specifically, we introduce the Modality Dominance Score (MDS) to attribute each multimodal feature to a specific modality. We then map the features into a more interpretable space, enabling us to categorize them into three distinct classes: vision features (single-modal), language features (single-modal), and visual-language features (cross-modal). Interestingly, this data-driven categorization closely aligns with human intuitive understandings of different modalities. We further show that this modality decomposition can benefit multiple downstream tasks, including reducing bias in gender detection, generating cross-modal adversarial examples, and enabling modal-specific feature control in text-to-image generation. These results indicate that large-scale multimodal models, when equipped with task-agnostic interpretability tools, can offer valuable insights into the relationships between different data modalities.","{""adversarial_core"": [""ucing bias in gender detection, generating cross-modal adversarial examples, and enabling modal-specific feature control in text-t""], ""vision_context"": [""and enabling modal-specific feature control in text-to-image generation. These results indicate that large-scale mu"", ""rience the world through multiple modalities, such as, vision, language, and speech, making it natural to explore th"", ""(single-modal), language features (single-modal), and visual-language features (cross-modal). Interestingly, this d""]}",{},https://openreview.net/pdf/b4c82fce42ba5ebcdce53786681f076555c585a1.pdf,https://openreview.net/forum?id=dADwCplxyC,True,iclr2026_papers.json
neurips2025_papers:982,NEURIPS,2025,On Epistemic Uncertainty of Visual Tokens for Object Hallucinations in Large Vision-Language Models,8,C-Foundation,adversarial_core;vision_context,"Large vision-language models (LVLMs), which integrate a vision encoder (VE) with a large language model, have achieved remarkable success across various tasks. However, there are still crucial challenges in LVLMs such as object hallucination, generating descriptions of objects that are not in the input image. Here, we argue that uncertain visual tokens within the VE is a key factor that contributes to object hallucination. Our statistical analysis found that there are positive correlations between visual tokens with high epistemic uncertainty and the occurrence of hallucinations. Furthermore, we show theoretically and empirically that visual tokens in early VE layers that exhibit large representation deviations under small adversarial perturbations indicate high epistemic uncertainty. Based on these findings, we propose a simple yet effective strategy to mitigate object hallucination by modifying the VE only. Our method comprises a proxy method with adversarial perturbations for identifying uncertain visual tokens efficiently and a method to mask these uncertain visual tokens during the self-attention process in the middle layers of the VE, suppressing their influence on visual encoding and thus alleviating hallucinations. Extensive experiments show that our method significantly reduces object hallucinations in LVLMs and can synergistically work with other prior arts.","{""adversarial_core"": [""at exhibit large representation deviations under small adversarial perturbations indicate high epistemic uncertainty. Based on these fi""], ""vision_context"": [""ting descriptions of objects that are not in the input image. Here, we argue that uncertain visual tokens within th"", ""ty of Visual Tokens for Object Hallucinations in Large Vision-Language Models Large vision-language models (LVLMs),"", ""On Epistemic Uncertainty of Visual Tokens for Object Hallucinations in Large Vision-Langu""]}",{},https://openreview.net/pdf/a1366e8c48915da8e2d2968d792a0de70262f956.pdf,https://openreview.net/forum?id=it0kkaFFpK,True,neurips2025_papers.json
icml2025_papers:3068,ICML,2025,Optimizing Robustness and Accuracy in Mixture of Experts: A Dual-Model Approach,8,C-Foundation,adversarial_core;classification_context;vision_context,"Mixture of Experts (MoE) have shown remarkable success in leveraging specialized expert networks for complex machine learning tasks. However, their susceptibility to adversarial attacks presents a critical challenge for deployment in robust applications. This paper addresses the critical question of how to incorporate robustness into MoEs while maintaining high natural accuracy. We begin by analyzing the vulnerability of MoE components, finding that expert networks are notably more susceptible to adversarial attacks than the router. Based on this insight, we propose a targeted robust training technique that integrates a novel loss function to enhance the adversarial robustness of MoE, requiring only the robustification of one additional expert without compromising training or inference efficiency. Building on this, we introduce a dual-model strategy that linearly combines a standard MoE model with our robustified MoE model using a smoothing parameter. This approach allows for flexible control over the robustness-accuracy trade-off. We further provide theoretical foundations by deriving certified robustness bounds for both the single MoE and the dual-model. To push the boundaries of robustness and accuracy, we propose a novel joint training strategy JTDMoE for the dual-model. This joint training enhances both robustness and accuracy beyond what is achievable with separate models. Experimental results on CIFAR-10 and TinyImageNet datasets using ResNet18 and Vision Transformer (ViT) architectures demonstrate the effectiveness of our proposed methods.","{""adversarial_core"": [""chine learning tasks. However, their susceptibility to adversarial attacks presents a critical challenge for deployment in robust""], ""vision_context"": [""CIFAR-10 and TinyImageNet datasets using ResNet18 and Vision Transformer (ViT) architectures demonstrate the effect"", ""hievable with separate models. Experimental results on CIFAR-10 and TinyImageNet datasets using ResNet18 and Vision Tr""], ""classification_context"": [""hievable with separate models. Experimental results on CIFAR-10 and TinyImageNet datasets using ResNet18 and Vision Tr""]}",{},https://raw.githubusercontent.com/mlresearch/v267/main/assets/zhang25cj/zhang25cj.pdf,,True,icml2025_papers.json
cvpr2026_papers:3059,CVPR,2026,PureProof: Diffusion-Resistant Black-box Targeted Attack on Large Vision-Language Models,8,C-Foundation,adversarial_core;classification_context;vision_context,"Large Vision-Language Models (VLMs) exhibit impressive multimodal capabilities and widespread deployment, yet remain vulnerable to targeted adversarial attacks. However, the practical robustness of such attacks often remains unclear with limited evaluation under defenses. Diffusion-based purification (DBP), a widely adopted black-box defense for VLMs, effectively blocks current attacks by removing adversarial perturbations via generative diffusion. Prior DBP evasion methods are designed for white-box image classifiers and are ill-suited for attacking VLMs. Even when adapted, they face high computational costs and potential vanishing/exploding gradient from backpropagating through deep diffusion steps and gradient instability due to diffusion’s stochasticity. To address these challenges, we present PureProof, a black-box targeted attack on VLMs resilient to DBP. PureProof introduces Stochastic Reverse Alignment, using a single-step reverse prediction to efficiently guide adversarial optimization while avoiding costly and unstable full-trajectory backpropagation. To mitigate diffusion stochasticity, we employ Adaptive Re-noising Augmentation, which re-noises intermediate predictions in a timestep-adaptive manner to smooth the optimization landscape, complemented by Self-Consistency Regularization to promote local temporal coherence. Extensive experiments on open-source and commercial VLMs show that PureProof consistently outperforms prior attacks against DBP, achieves strong noise resilience, and remains highly effective without defenses, revealing critical vulnerabilities of VLMs and offering implications for future model safety.","{""adversarial_core"": [""despread deployment, yet remain vulnerable to targeted adversarial attacks. However, the practical robustness of such attacks oft""], ""vision_context"": ["". Prior DBP evasion methods are designed for white-box image classifiers and are ill-suited for attacking VLMs. Eve"", ""Diffusion-Resistant Black-box Targeted Attack on Large Vision-Language Models Large Vision-Language Models (VLMs) ex""], ""classification_context"": ["". Prior DBP evasion methods are designed for white-box image classifiers and are ill-suited for attacking VLMs. Even when adapt""]}",{},https://openaccess.thecvf.com/content/CVPR2026/papers/Cao_PureProof_Diffusion-Resistant_Black-box_Targeted_Attack_on_Large_Vision-Language_Models_CVPR_2026_paper.pdf,https://cvpr.thecvf.com/virtual/2026/poster/36629,True,cvpr2026_papers.json
iclr2026_papers:7167,ICLR,2026,Robust Detection of Directional Adversarial Attacks in Deep Neural Networks for Radiological Imaging,8,C-Foundation,adversarial_core;classification_context;vision_context,"Deep learning is now central to radiology, helping detect changes on X-rays, CTs, and MRIs. However, these systems are highly vulnerable to adversarial attacks - small, crafted perturbations that mislead models while appearing unchanged to humans. Such errors risk missed cancers or false positives. Studies show over 90\% attack success on medical scans. Almost 30\% of US hospitals use AI in imaging in 2023. Therefore, an effective method of detecting such attacks and their directionality is crucial to ensure the credibility and reliability of medical systems based on DNNs. We propose a novel detection framework that leverages subsequent attacks using random noise to identify adversarial perturbations. Our approach uses the analysis of variations in the Sigmoid function to distinguish genuine medical images from adversarially manipulated ones. Specifically, we compare prediction differences between clean and attacked images, as well as between different adversarially altered versions, to improve detection accuracy. We evaluated our method on three popular medical datasets including 'Chest X-Ray Images for Classification', 'Retinal Fundus Multi-disease Image Dataset' and 'Brain Tumor Dataset' under various attack scenarios, including random noise. Our framework achieved up to 99.8\% ACC in identifying adversarial directional attacks, significantly outperforming existing defense mechanisms in terms of detection accuracy. It consistently identified adversarial samples across varying attack strengths while keeping false positives low, showing strong reliability and potential for clinical use. Furthermore, our proposal highlights its potential for real-world deployment.","{""adversarial_core"": [""Robust Detection of Directional Adversarial Attacks in Deep Neural Networks for Radiological Imaging Deep""], ""vision_context"": [""in the Sigmoid function to distinguish genuine medical images from adversarially manipulated ones. Specifically, we"", ""ning Medical Imaging Adversarial Attacks Diagnostic AI Image Classification Directional Attack Detection Neural Networks Chest X-r""], ""classification_context"": [""ning Medical Imaging Adversarial Attacks Diagnostic AI Image Classification Directional Attack Detection Neural Networks Chest X-r""]}",{},https://openreview.net/pdf/4a83fa72a1872c3fa97b655bf5b740eab2a8d0d7.pdf,https://openreview.net/forum?id=UlMCtFDBRn,True,iclr2026_papers.json
iclr2026_papers:2294,ICLR,2026,Robust Fine-Tuning from Non-Robust Pretrained Models: Mitigating Suboptimal Transfer With Epsilon-Scheduling,8,C-Foundation,adversarial_core;classification_context;vision_context,"Fine-tuning pretrained models is a standard and effective workflow in modern machine learning. However, robust fine-tuning (RFT), which aims to simultaneously achieve adaptation to a downstream task and robustness to adversarial examples, remains challenging. Despite the abundance of non-robust pretrained models in open-source repositories, their potential for RFT is less understood. We address this knowledge gap by systematically examining RFT from such non-robust models. Our experiments reveal that fine-tuning non-robust models with a robust objective, even under small perturbations, can lead to poor performance, a phenomenon that we dub _suboptimal transfer_. In challenging scenarios (eg, difficult tasks, high perturbation), the resulting performance can be so low that it may be considered a transfer failure. We find that fine-tuning using a robust objective impedes task adaptation at the beginning of training and eventually prevents optimal transfer. However, we propose a novel heuristic, _Epsilon-Scheduling_, a schedule over perturbation strength used during training that promotes optimal transfer. Additionally, we introduce _expected robustness_, a metric that captures performance across a range of perturbations, providing a more comprehensive evaluation of the accuracy-robustness trade-off of diverse models at test-time. Extensive experiments on wide range of configurations (six pretrained models and five datasets) show that _Epsilon-Scheduling_ successfully prevents _suboptimal transfer_ and consistently improves expected robustness.","{""adversarial_core"": [""ieve adaptation to a downstream task and robustness to adversarial examples, remains challenging. Despite the abundance of non-rob"", ""ltaneously achieve adaptation to a downstream task and robustness to adversarial examples, remains challenging. Despite the abundance o""], ""vision_context"": [""g adversarial robustness fine-tuning transfer learning image classification""], ""classification_context"": [""g adversarial robustness fine-tuning transfer learning image classification""]}",{},https://openreview.net/pdf/eee620f0d94b5fba4845e037a16a87768ef098ab.pdf,https://openreview.net/forum?id=aIBFTh2ThF,True,iclr2026_papers.json
icml2024_papers:437,ICML,2024,Robust Stable Spiking Neural Networks,8,C-Foundation,adversarial_core;classification_context;vision_context,"Spiking neural networks (SNNs) are gaining popularity in deep learning due to their low energy budget on neuromorphic hardware. However, they still face challenges in lacking sufficient robustness to guard safety-critical applications such as autonomous driving. Many studies have been conducted to defend SNNs from the threat of adversarial attacks. This paper aims to uncover the robustness of SNN through the lens of the stability of nonlinear systems. We are inspired by the fact that searching for parameters altering the leaky integrate-and-fire dynamics can enhance their robustness. Thus, we dive into the dynamics of membrane potential perturbation and simplify the formulation of the dynamics. We present that membrane potential perturbation dynamics can reliably convey the intensity of perturbation. Our theoretical analyses imply that the simplified perturbation dynamics satisfy input-output stability. Thus, we propose a training framework with modified SNN neurons and to reduce the mean square of membrane potential perturbation aiming at enhancing the robustness of SNN. Finally, we experimentally verify the effectiveness of the framework in the setting of Gaussian noise training and adversarial training on the image classification task. Please refer to https://github.com/DingJianhao/stable-snn for our code implementation.","{""adversarial_core"": [""have been conducted to defend SNNs from the threat of adversarial attacks. This paper aims to uncover the robustness of SNN thro""], ""vision_context"": [""aussian noise training and adversarial training on the image classification task. Please refer to https://github.co"", ""aussian noise training and adversarial training on the image classification task. Please refer to https://github.com/DingJianhao/s""], ""classification_context"": [""aussian noise training and adversarial training on the image classification task. Please refer to https://github.com/DingJianhao/s""]}",{},https://raw.githubusercontent.com/mlresearch/v235/main/assets/ding24e/ding24e.pdf,,True,icml2024_papers.json
icml2025_papers:3168,ICML,2025,ROME is Forged in Adversity: Robust Distilled Datasets via Information Bottleneck,8,C-Foundation,adversarial_core;classification_context;vision_context,"Dataset Distillation (DD) compresses large datasets into smaller, synthetic subsets, enabling models trained on them to achieve performance comparable to those trained on the full data. However, these models remain vulnerable to adversarial attacks, limiting their use in safety-critical applications. While adversarial robustness has been extensively studied in related fields, research on improving DD robustness is still limited. To address this, we propose ROME, a novel method that enhances the adversarial RObustness of DD by leveraging the InforMation BottlenEck (IB) principle. ROME includes two components: a performance-aligned term to preserve accuracy and a robustness-aligned term to improve robustness by aligning feature distributions between synthetic and perturbed images. Furthermore, we introduce the Improved Robustness Ratio (I-RR), a refined metric to better evaluate DD robustness. Extensive experiments on CIFAR-10 and CIFAR-100 demonstrate that ROME outperforms existing DD methods in adversarial robustness, achieving maximum I-RR improvements of nearly 40% under white-box attacks and nearly 35% under black-box attacks. Our code is available at https://github.com/zhouzhengqd/ROME.","{""adversarial_core"": [""full data. However, these models remain vulnerable to adversarial attacks, limiting their use in safety-critical applications. W""], ""vision_context"": [""feature distributions between synthetic and perturbed images. Furthermore, we introduce the Improved Robustness Rat"", ""etter evaluate DD robustness. Extensive experiments on CIFAR-10 and CIFAR-100 demonstrate that ROME outperforms existi""], ""classification_context"": [""etter evaluate DD robustness. Extensive experiments on CIFAR-10 and CIFAR-100 demonstrate that ROME outperforms existi""]}",{},https://raw.githubusercontent.com/mlresearch/v267/main/assets/zhou25d/zhou25d.pdf,,True,icml2025_papers.json
cvpr2026_papers:4311,CVPR,2026,SafeLogo: Turning Your Logos into Jailbreak Shields via Micro-Regional Adversarial Training,8,C-Foundation,adversarial_core;vision_context,"Recent Vision-Language Models (VLMs) have become increasingly susceptible to jailbreak attacks, where adversarial prompts exploit subtle manipulation to circumvent safety alignment.The diversity and adaptability of such jailbreakers necessitate a defense mechanism with strong generalization capability.However, fine-tuning large-scale VLMs is computationally expensive, and introducing excessive visual or textual defense prompts is impractical for preserving image realism and model usability.We propose SafeLogo, which tunes a logo-sized visual prompt into a universal shield against diverse jailbreak attacks through micro-regional adversarial training.We are the first to integrate min–max adversarial optimization into visual defense prompt generation.Specifically, in the outer loop, SafeLogo injects compact, bounded perturbations into extremely small image regions ($\leq 2\%$ pixel coverage), effectively preserving both visual fidelity and semantic consistency.Meanwhile, overcoming the limitations of prior defenses constrained to a single attack direction or fixed benign supervision, the inner loop dynamically generates and selects the strongest one from a variety of jailbreakers.Extensive experiments on LLaVA-1.5-13B,MiniGPT-4, and Qwen3-VL show that SafeLogo markedly lowers jailbreak success rates on MM-SafetyBench, VLGuard, and FigStep, while preserving benign performance on MM-Vet and MME.","{""adversarial_core"": [""g Your Logos into Jailbreak Shields via Micro-Regional Adversarial Training Recent Vision-Language Models (VLMs) have become incre""], ""vision_context"": [""textual defense prompts is impractical for preserving image realism and model usability.We propose SafeLogo, which"", ""Shields via Micro-Regional Adversarial Training Recent Vision-Language Models (VLMs) have become increasingly suscep"", ""s computationally expensive, and introducing excessive visual or textual defense prompts is impractical for preservi"", ""bations into extremely small image regions ($\\leq 2\\%$ pixel coverage), effectively preserving both visual fidelity""]}",{},https://openaccess.thecvf.com/content/CVPR2026/papers/Duan_SafeLogo_Turning_Your_Logos_into_Jailbreak_Shields_via_Micro-Regional_Adversarial_CVPR_2026_paper.pdf,https://cvpr.thecvf.com/virtual/2026/poster/37943,True,cvpr2026_papers.json
iclr2026_papers:5363,ICLR,2026,Soft-Di[M]O: Improving One-Step Discrete Image Generation with Soft Embeddings,8,C-Foundation,adversarial_core;classification_context;vision_context,"One-step generators distilled from Masked Diffusion Models (MDMs) compress multiple sampling steps into a single forward pass, enabling efficient text and image synthesis. However, they suffer two key limitations: they inherit modeling bias from the teacher, and their discrete token outputs block gradient flow, preventing post-distillation refinements such as adversarial training, reward-based fine-tuning, and Test-Time Embedding Optimization (TTEO). In this work, we introduce soft embeddings, a simple relaxation that replaces discrete tokens with the expected embeddings under the generator's output distribution. Soft embeddings preserve representation fidelity for one-step discrete generator while providing a fully differentiable continuous surrogate that is compatible with teacher backbones and tokenizer decoders while cause minimum bias. Integrating soft embeddings into the Di[M]O \citep{zhu2025di} distillation framework (denoted Soft-Di[M]O) makes one-step generators end-to-end trainable and enables straightforward application of GAN-based refinement, differentiable reward fine-tuning, and TTEO. Empirically, across multiple MDM teachers (e.g., MaskBit \citep{weber2024maskbit}, MaskGen \citep{kim2025democratizing}), Soft-Di[M]O achieves state-of-the-art one-step results: improved class-to-image performance, a one-step FID of 1.56 on ImageNet-256 with GAN-based refinement, along with higher than teacher GenEval \citep{ghosh2023geneval} and HPS \citep{wu2023human} scores on text-to-image with reward fine-tuning, and further gains from TTEO.","{""adversarial_core"": [""flow, preventing post-distillation refinements such as adversarial training, reward-based fine-tuning, and Test-Time Embedding Opt""], ""vision_context"": [""Soft-Di[M]O: Improving One-Step Discrete Image Generation with Soft Embeddings One-step generators di"", ""class-to-image performance, a one-step FID of 1.56 on ImageNet-256 with GAN-based refinement, along with higher than""], ""classification_context"": [""class-to-image performance, a one-step FID of 1.56 on ImageNet-256 with GAN-based refinement, along with higher than""]}",{},https://openreview.net/pdf/8b95c69b9e5553a87fd7e9af891f7bd2f5d5bd6a.pdf,https://openreview.net/forum?id=83pHDDmkXt,True,iclr2026_papers.json
iclr2026_papers:9894,ICLR,2026,Tackling Fake Forgetting through Uncertainty Quantification,8,C-Foundation,adversarial_core;classification_context;vision_context,"Machine unlearning seeks to remove the influence of specified data from a trained model. While metrics such as unlearning accuracy (UA) and membership inference attack (MIA) provide baselines for assessing unlearning performance, they fall short of evaluating the reliability of forgetting. In this paper, we find that the data points misclassified by UA and MIA still have their ground truth labels included in the prediction set from the uncertainty quantification perspective, which raises the issue of fake forgetting. To address this issue, we propose two novel metrics inspired by conformal prediction that provide a more reliable evaluation of forgetting quality. Building on these insights, we further propose an unlearning framework that integrates conformal prediction into the Carlini & Wagner adversarial attack loss, which can effectively push the ground truth label out of the conformal prediction set. Through extensive experiments on image classification tasks, we demonstrate both the effectiveness of our proposed metrics and the superiority of our framework. Code is available at https://anonymous.4open.science/r/MUCP-60E4.","{""adversarial_core"": [""egrates conformal prediction into the Carlini & Wagner adversarial attack loss, which can effectively push the ground truth labe""], ""vision_context"": [""ormal prediction set. Through extensive experiments on image classification tasks, we demonstrate both the effectiv"", ""ormal prediction set. Through extensive experiments on image classification tasks, we demonstrate both the effectiveness of our pr""], ""classification_context"": [""ormal prediction set. Through extensive experiments on image classification tasks, we demonstrate both the effectiveness of our pr""]}",{},https://openreview.net/pdf/f9d014393f381d48878331f8b2a23005c7d66a22.pdf,https://openreview.net/forum?id=nEhJ24ywRj,True,iclr2026_papers.json
neurips2025_papers:1671,NEURIPS,2025,The Cost of Compression: Tight Quadratic Black-Box Attacks on Sketches for $\ell_2$ Norm Estimation,8,C-Foundation,adversarial_core;classification_context;vision_context,"Dimensionality reduction via linear sketching is a powerful and widely used technique, but it is known to be vulnerable to adversarial inputs. We study the \emph{black-box adversarial setting}, where a fixed, hidden sketching matrix $A \in \mathbb{R}^{k \times n}$ maps high-dimensional vectors $\boldsymbol{v} \in \mathbb{R}^n$ to lower-dimensional sketches $A\boldsymbol{v} \in \mathbb{R}^k$, and an adversary can query the system to obtain approximate $\ell_2$-norm estimates that are computed from the sketch. We present a \emph{universal, nonadaptive attack} that, using $\tilde{O}(k^2)$ queries, either causes a failure in norm estimation or constructs an adversarial input on which the optimal estimator for the query distribution (used by the attack) fails. The attack is completely agnostic to the sketching matrix and to the estimator—it applies to \emph{any} linear sketch and \emph{any} query responder, including those that are randomized, adaptive, or tailored to the query distribution. Our lower bound construction tightly matches the known upper bounds of $\tilde{\Omega}(k^2)$, achieved by specialized estimators for Johnson–Lindenstrauss transforms and AMS sketches. Beyond sketching, our results uncover structural parallels to adversarial attacks in image classification, highlighting fundamental vulnerabilities of compressed representations.","{""adversarial_core"": [""sketching, our results uncover structural parallels to adversarial attacks in image classification, highlighting fundamental vuln""], ""vision_context"": [""uncover structural parallels to adversarial attacks in image classification, highlighting fundamental vulnerabiliti"", ""uncover structural parallels to adversarial attacks in image classification, highlighting fundamental vulnerabilities of compresse""], ""classification_context"": [""uncover structural parallels to adversarial attacks in image classification, highlighting fundamental vulnerabilities of compresse""]}",{},https://openreview.net/pdf/a50cd02d681e6b82a2ec15134b30aae4f330b6a8.pdf,https://openreview.net/forum?id=Nk61RqtN9y,True,neurips2025_papers.json
cvpr2026_papers:1316,CVPR,2026,The Geometry of Robustness: Optimizing Loss Landscape Curvature and Feature Manifold Alignment for Robust Finetuning of Vision-Language Models,8,C-Foundation,adversarial_core;classification_context;vision_context,"Fine-tuning approaches for Vision-Language Models (VLMs) face a critical three-way trade-off between In-Distribution (ID) accuracy, Out-of-Distribution (OOD) generalization, and adversarial robustness. Existing robust fine-tuning strategies resolve at most two axes of this trade-off. Generalization-preserving methods retain ID/OOD performance but leave models vulnerable to adversarial attacks, while adversarial training improves robustness to targeted attacks but degrades ID/OOD accuracy. Our key insight is that the robustness trade-off stems from two geometric failures: sharp, anisotropic minima in parameter space and unstable feature representations that deform under perturbation. To address this, we propose GRACE (Gram-aligned Robustness via Adaptive Curvature Estimation), a unified fine-tuning framework that jointly regularizes the parameter-space curvature and feature-space invariance for VLMs. Grounded in Robust PAC-Bayes theory, GRACE employs adaptive weight perturbations scaled by local curvature to promote flatter minima, combined with a feature alignment loss that maintains representation consistency across clean, adversarial, and OOD inputs. On ImageNet fine-tuning of CLIP models, GRACE simultaneously improves ID accuracy by 10.8%, and adversarial accuracy by 8.9% while maintaining 57.0% OOD accuracy (vs. 57.4% zero-shot baseline). Geometric analysis confirms that GRACE converges to flatter minima without feature distortion across distribution shifts, providing a principled step toward generalized robustness in foundation VLMs.","{""adversarial_core"": [""ccuracy, Out-of-Distribution (OOD) generalization, and adversarial robustness. Existing robust fine-tuning strategies resolve at mos""], ""vision_context"": [""nd Feature Manifold Alignment for Robust Finetuning of Vision-Language Models Fine-tuning approaches for Vision-Lang"", ""sistency across clean, adversarial, and OOD inputs. On ImageNet fine-tuning of CLIP models, GRACE simultaneously impro""], ""classification_context"": [""sistency across clean, adversarial, and OOD inputs. On ImageNet fine-tuning of CLIP models, GRACE simultaneously impro""]}",{},https://openaccess.thecvf.com/content/CVPR2026/papers/Chopra_The_Geometry_of_Robustness_Optimizing_Loss_Landscape_Curvature_and_Feature_CVPR_2026_paper.pdf,https://cvpr.thecvf.com/virtual/2026/poster/36307,True,cvpr2026_papers.json
icml2024_papers:1245,ICML,2024,The Pitfalls and Promise of Conformal Inference Under Adversarial Attacks,8,C-Foundation,adversarial_core;classification_context;vision_context,"In safety-critical applications such as medical imaging and autonomous driving, where decisions have profound implications for patient health and road safety, it is imperative to maintain both high adversarial robustness to protect against potential adversarial attacks and reliable uncertainty quantification in decision-making. With extensive research focused on enhancing adversarial robustness through various forms of adversarial training (AT), a notable knowledge gap remains concerning the uncertainty inherent in adversarially trained models. To address this gap, this study investigates the uncertainty of deep learning models by examining the performance of conformal prediction (CP) in the context of standard adversarial attacks within the adversarial defense community. It is first unveiled that existing CP methods do not produce informative prediction sets under the commonly used $l_{\infty}$-norm bounded attack if the model is not adversarially trained, which underpins the importance of adversarial training for CP. Our paper next demonstrates that the prediction set size (PSS) of CP using adversarially trained models with AT variants is often worse than using standard AT, inspiring us to research into CP-efficient AT for improved PSS. We propose to optimize a Beta-weighting loss with an entropy minimization regularizer during AT to improve CP-efficiency, where the Beta-weighting loss is shown to be an upper bound of PSS at the population level by our theoretical analysis. Moreover, our empirical study on four image classification datasets across three popular AT baselines validates the effectiveness of the proposed Uncertainty-Reducing AT (AT-UR).","{""adversarial_core"": [""The Pitfalls and Promise of Conformal Inference Under Adversarial Attacks In safety-critical applications such as medical imagin""], ""vision_context"": [""etical analysis. Moreover, our empirical study on four image classification datasets across three popular AT baseli"", ""etical analysis. Moreover, our empirical study on four image classification datasets across three popular AT baselines validates t""], ""classification_context"": [""etical analysis. Moreover, our empirical study on four image classification datasets across three popular AT baselines validates t""]}",{},https://raw.githubusercontent.com/mlresearch/v235/main/assets/liu24m/liu24m.pdf,,True,icml2024_papers.json
cvpr2026_papers:4517,CVPR,2026,The Power of Decaying Steps: Enhancing Attack Stability and Transferability for Sign-based Optimizers,8,C-Foundation,adversarial_core;classification_context;vision_context,"Crafting adversarial examples can be formulated as an optimization problem. While sign-based optimizers such as I-FGSM and MI-FGSM have become the de facto standard for the induced optimization problems, there still exist several unsolved problems in theoretical grounding and practical reliability especially in non-convergence and instability, which inevitably influences their transferability. Contrary to the expectation, we observe that the attack success rate may degrade sharply when more number of iterations are conducted. In this paper, we address these issues from an optimization perspective. By reformulating the sign-based optimizer as a specific coordinate-wise gradient descent, we argue that one cause for non-convergence and instability is their non-decaying step-size scheduling. Based upon this viewpoint, we propose a series of new attack algorithms that enforce Monotonically Decreasing Coordinate-wise Step-sizes (MDCS) within sign-based optimizers. Typically, we further provide theoretical guarantees proving that MDCS-MI attains an optimal convergence rate of $O(1/\sqrt{T})$, where $T$ is the number of iterations. Extensive experiments on image classification and cross-modal retrieval tasks demonstrate that our approach not only significantly improves transferability but also enhances attack stability compared to state-of-the-art sign-based methods.","{""adversarial_core"": [""and Transferability for Sign-based Optimizers Crafting adversarial examples can be formulated as an optimization problem. While si""], ""vision_context"": [""is the number of iterations. Extensive experiments on image classification and cross-modal retrieval tasks demonst"", ""is the number of iterations. Extensive experiments on image classification and cross-modal retrieval tasks demonstrate that our a""], ""classification_context"": [""is the number of iterations. Extensive experiments on image classification and cross-modal retrieval tasks demonstrate that our a""]}",{},https://openaccess.thecvf.com/content/CVPR2026/papers/Tao_The_Power_of_Decaying_Steps_Enhancing_Attack_Stability_and_Transferability_CVPR_2026_paper.pdf,https://cvpr.thecvf.com/virtual/2026/poster/38565,True,cvpr2026_papers.json
iclr2026_papers:5809,ICLR,2026,Towards Adversarially Robust VLMs with an Information-Theoretic Approach,8,C-Foundation,adversarial_core;vision_context,"Vision–Language Models (VLMs) derive their zero-shot ability from tight alignment between image and text representations, which can be viewed through the lens of mutual information (MI). This alignment is fragile: VLMs are vulnerable both to subtle pixel-level adversarial attacks and to typographic attacks in which overlaid text hijacks predictions. Existing defenses are isolated solutions, relying on proxy objectives tailored to each threat. We argue that both attack types share a single failure mechanism, the reduced cross-modal MI by threats; and we propose an information-theoretic framework that directly prevents this root cause of adversarial attacks on multi-modalities. We first prove a bound that links adversarial risk to the MI gap, defined as the reduction in MI between clean and perturbed image–text views. Building on this, we derive a practical, differentiable objective that minimizes an upper bound on the MI gap using a neural MI estimator, yielding a single, attack-agnostic training scheme. Empirically, our method improves robustness to both pixel-space and typographic attacks at the same time, surpassing specialized state-of-the-art defense methods while maintaining high accuracy on clean inputs. These results show that explicitly preserving cross-modal MI is a principled and effective path to robust VLMs.","{""adversarial_core"": [""ragile: VLMs are vulnerable both to subtle pixel-level adversarial attacks and to typographic attacks in which overlaid text hija""], ""vision_context"": [""e their zero-shot ability from tight alignment between image and text representations, which can be viewed through"", ""lly Robust VLMs with an Information-Theoretic Approach Vision–Language Models (VLMs) derive their zero-shot ability"", ""ignment is fragile: VLMs are vulnerable both to subtle pixel-level adversarial attacks and to typographic attacks i""]}",{},https://openreview.net/pdf/5ed5b6604be4f7867157750ac32beea935151e6a.pdf,https://openreview.net/forum?id=cnHG1yMTSt,True,iclr2026_papers.json
neurips2025_papers:5056,NEURIPS,2025,Towards Irreversible Attack: Fooling Scene Text Recognition via Multi-Population Coevolution Search,8,C-Foundation,adversarial_core;vision_context,"Recent work has shown that scene text recognition (STR) models are vulnerable to adversarial examples. Different from non-sequential vision tasks, the output sequence of STR models contains rich information. However, existing adversarial attacks against STR models can only lead to a few incorrect characters in the predicted text. These attack results still carry partial information about the original prediction and could be easily corrected by an external dictionary or a language model. Therefore, we propose the Multi-Population Coevolution Search (MPCS) method to attack each character in the image. We first decompose the global optimization objective into sub-objectives to solve the attack pixel concentration problem existing in previous attack methods. While this distributed optimization paradigm brings a new joint perturbation shift problem, we propose a novel coevolution energy function to solve it. Experiments on recent STR models show the superiority of our method. The code is available at \url{https://github.com/Lee-Jingyu/MPCS}.","{""adversarial_core"": [""scene text recognition (STR) models are vulnerable to adversarial examples. Different from non-sequential vision tasks, the outpu""], ""vision_context"": [""n Search (MPCS) method to attack each character in the image. We first decompose the global optimization objective"", ""to adversarial examples. Different from non-sequential vision tasks, the output sequence of STR models contains rich"", ""tion objective into sub-objectives to solve the attack pixel concentration problem existing in previous attack meth""]}",{},https://openreview.net/pdf/169ea07709a98458b10e63e91dc19549cda2f695.pdf,https://openreview.net/forum?id=v31jzDdDts,True,neurips2025_papers.json
iclr2026_papers:3913,ICLR,2026,Transferable and Stealthy Adversarial Attacks on Large Vision-Language Models,8,C-Foundation,adversarial_core;vision_context,"Existing adversarial attacks on Large Vision-Language Models (LVLMs) often struggle with limited transferability to black-box models or produce perceptible artifacts that are easily detected. This paper presents Progressive Semantic Infusion (PSI), a diffusion-based attack that progressively aligns and infuses natural target semantics. To improve transferability, PSI leverages diffusion priors to better align adversarial examples with the natural image distribution and employs progressive alignment to mitigate overfitting on a single fixed surrogate objective. To enhance stealthiness, PSI embeds source-aware cues during denoising to preserve visual fidelity and avoid detectable artifacts. Experiments show that PSI effectively attacks open-source, adversarially trained, and commercial VLMs, including GPT-5 and Grok-4, surpassing existing methods in both transferability and stealthiness. Our findings highlight a critical vulnerability in modern vision-language systems and offer valuable insights towards building more robust and trustworthy multimodal models.","{""adversarial_core"": [""Transferable and Stealthy Adversarial Attacks on Large Vision-Language Models Existing adversarial a""], ""vision_context"": [""to better align adversarial examples with the natural image distribution and employs progressive alignment to miti"", ""Transferable and Stealthy Adversarial Attacks on Large Vision-Language Models Existing adversarial attacks on Large"", ""embeds source-aware cues during denoising to preserve visual fidelity and avoid detectable artifacts. Experiments s""]}",{},https://openreview.net/pdf/94fb5749458e71a065d6fb8a5474baa7ab4eb0fe.pdf,https://openreview.net/forum?id=liQueBuFXi,True,iclr2026_papers.json
neurips2025_papers:4765,NEURIPS,2025,TRAP: Targeted Redirecting of Agentic Preferences,8,C-Foundation,adversarial_core;vision_context,"Autonomous agentic AI systems powered by vision-language models (VLMs) are rapidly advancing toward real-world deployment, yet their cross-modal reasoning capabilities introduce new attack surfaces for adversarial manipulation that exploit semantic reasoning across modalities. Existing adversarial attacks typically rely on visible pixel perturbations or require privileged model or environment access, making them impractical for stealthy, real-world exploitation. We introduce TRAP, a novel generative adversarial framework that manipulates the agent’s decision-making using diffusion-based semantic injections into the vision-language embedding space. Our method combines negative prompt–based degradation with positive semantic optimization, guided by a Siamese semantic network and layout-aware spatial masking. Without requiring access to model internals, TRAP produces visually natural images yet induces consistent selection biases in agentic AI systems. We evaluate TRAP on the Microsoft Common Objects in Context (COCO) dataset, building multi-candidate decision scenarios. Across these scenarios, TRAP consistently induces decision-level preference redirection on leading models, including LLaVA-34B, Gemma3, GPT-4o, and Mistral-3.2, significantly outperforming existing baselines such as SPSA, Bandit, and standard diffusion approaches. These findings expose a critical, generalized vulnerability: autonomous agents can be consistently misled through visually subtle, semantically-guided cross-modal manipulations. Overall, our results show the need for defense strategies beyond pixel-level robustness to address semantic vulnerabilities in cross-modal decision-making. The code for TRAP is accessible on GitHub at https://github.com/uiuc-focal-lab/TRAP.","{""adversarial_core"": [""exploit semantic reasoning across modalities. Existing adversarial attacks typically rely on visible pixel perturbations or requi""], ""vision_context"": [""ess to model internals, TRAP produces visually natural images yet induces consistent selection biases in agentic AI"", ""c Preferences Autonomous agentic AI systems powered by vision-language models (VLMs) are rapidly advancing toward re"", ""Existing adversarial attacks typically rely on visible pixel perturbations or require privileged model or environme""]}",{},https://openreview.net/pdf/8591b1dac1bf58780a964857d113f6ac8abbd3f2.pdf,https://openreview.net/forum?id=X51kYnijag,True,neurips2025_papers.json
iclr2026_papers:7993,ICLR,2026,UDANG: Unsupervised Domain Adaptation with Neural Gating for learning invariant representation of subspaces,8,C-Foundation,adversarial_core;classification_context;vision_context,"The key assumption of deep learning is that the data that the model will be tested on (target domain) are drawn from the same distribution as the data it was trained on (source domain). Breaking this assumption can lead to a significant drop in performance despite having similar underlying features between the source and target domains. Unsupervised Domain Adaptation (UDA) involves using unlabeled samples from the target domain, in addition to labeled samples from source domain, to train a model that can perform well on the target domain. Many existing UDA approaches rely on domain adversarial training (DAT) to reduce domain shift. Although effective, they do not explicitly disentangle the learned features into task-specific and domain-specific components. As a result, the features despite appearing to be domain invariant, may still contain domain-specific biases. To address this, we propose a novel method, UDA with Neural Gating (UDANG), that utilizes a dual adversarial objective to learn an adaptive gating which dynamically route each feature dimension to either the domain or task subspace. Using our strategy, networks have the ability to effectively disentangle task-specific features from domain-specific ones. We validated our approach in multiple datasets and network architectures for image classification, demonstrating strong adaptation performance while retaining the features for discerning the domain.","{""adversarial_core"": [""et domain. Many existing UDA approaches rely on domain adversarial training (DAT) to reduce domain shift. Although effective, they""], ""vision_context"": [""ach in multiple datasets and network architectures for image classification, demonstrating strong adaptation perfor"", ""ach in multiple datasets and network architectures for image classification, demonstrating strong adaptation performance while ret""], ""classification_context"": [""ach in multiple datasets and network architectures for image classification, demonstrating strong adaptation performance while ret""]}",{},https://openreview.net/pdf/63a1fd14e57c358e47f773ce69284dbca63a3bda.pdf,https://openreview.net/forum?id=khjGuuYg8j,True,iclr2026_papers.json
iclr2026_papers:6556,ICLR,2026,Understanding Adversarial Transfer: Why Representation-Space Attacks Fail Where Data-Space Attacks Succeed,8,C-Foundation,adversarial_core;classification_context;vision_context,"The field of adversarial robustness has long established that adversarial examples can successfully transfer between image classifiers and that text jailbreaks can successfully transfer between language models (LMs). However, a pair of recent studies reported being unable to successfully transfer image jailbreaks between vision-language models (VLMs). To explain this striking difference, we propose a fundamental distinction regarding the transferability of attacks against machine learning models: attacks in the input data-space can transfer, whereas attacks in model representation space do not, at least not without geometric alignment of representations. We then provide theoretical and empirical evidence of this hypothesis in four different settings. First, we mathematically prove this distinction in a simple setting where two networks compute the same input-output map but via different representations. Second, we construct representation-space attacks against image classifiers that are as successful as well-known data-space attacks, but fail to transfer. Third, we construct representation-space attacks against LMs that successfully jailbreak the attacked models but again fail to transfer. Fourth, we construct data-space attacks against VLMs that successfully transfer to new VLMs, and we show that representation space attacks _can_ transfer when VLMs' latent geometries are sufficiently aligned in post-projector space. Our work reveals that adversarial transfer is not an inherent property of all attacks but contingent on their operational domain -- the shared data-space versus models' unique representation spaces -- a critical insight for building more robust models.","{""adversarial_core"": [""cks Fail Where Data-Space Attacks Succeed The field of adversarial robustness has long established that adversarial examples can suc""], ""vision_context"": [""adversarial examples can successfully transfer between image classifiers and that text jailbreaks can successfully"", ""able to successfully transfer image jailbreaks between vision-language models (VLMs). To explain this striking diffe""], ""classification_context"": [""adversarial examples can successfully transfer between image classifiers and that text jailbreaks can successfully transfer bet""]}",{},https://openreview.net/pdf/579139dbeb0fb60de5d6ab62d7773377ba1bd3c2.pdf,https://openreview.net/forum?id=QFLeRKRTdR,True,iclr2026_papers.json
neurips2025_papers:862,NEURIPS,2025,Understanding and Improving Adversarial Robustness of Neural Probabilistic Circuits,8,C-Foundation,adversarial_core;classification_context;vision_context,"Neural Probabilistic Circuits (NPCs), a new class of concept bottleneck models, comprise an attribute recognition model and a probabilistic circuit for reasoning. By integrating the outputs from these two modules, NPCs produce compositional and interpretable predictions. While offering enhanced interpretability and high performance on downstream tasks, the neural-network-based attribute recognition model remains a black box. This vulnerability allows adversarial attacks to manipulate attribute predictions by introducing carefully crafted subtle perturbations to input images, potentially compromising the final predictions. In this paper, we theoretically analyze the adversarial robustness of NPC and demonstrate that it only depends on the robustness of the attribute recognition model and is independent of the robustness of the probabilistic circuit. Moreover, we propose RNPC, the first robust neural probabilistic circuit against adversarial attacks on the recognition module. RNPC introduces a novel class-wise integration for inference, ensuring a robust combination of outputs from the two modules. Our theoretical analysis demonstrates that RNPC exhibits provably improved adversarial robustness compared to NPC. Empirical results on image classification tasks show that RNPC achieves superior adversarial robustness compared to existing concept bottleneck models while maintaining high accuracy on benign inputs. The code is available at https://github.com/uiuctml/RNPC.","{""adversarial_core"": [""Understanding and Improving Adversarial Robustness of Neural Probabilistic Circuits Neural Probabilistic""], ""vision_context"": [""ducing carefully crafted subtle perturbations to input images, potentially compromising the final predictions. In th"", ""arial robustness compared to NPC. Empirical results on image classification tasks show that RNPC achieves superior adversarial rob""], ""classification_context"": [""arial robustness compared to NPC. Empirical results on image classification tasks show that RNPC achieves superior adversarial rob""]}",{},https://openreview.net/pdf/2629d312a9f708208e1a1afc731f7da25589f40a.pdf,https://openreview.net/forum?id=rYeZkHV3Yi,True,neurips2025_papers.json
cvpr2026_papers:5004,CVPR,2026,V-Attack: Targeting Disentangled Value Features for Controllable Adversarial Attacks on LVLMs,8,C-Foundation,adversarial_core;vision_context,"Adversarial attacks have evolved from simply disrupting predictions on conventional task-specific models to the more complex goal of manipulating image semantics on Large Vision-Language Models (LVLMs). However, existing methods struggle with controllability and fail to precisely manipulate the semantics of specific concepts in the image. We attribute this limitation to semantic entanglement in the patch-token representations on which adversarial attacks typically operate: global context aggregated by self-attention in the vision encoder dominates individual patch features, making them unreliable handles for precise local semantic manipulation. Our systematic investigation reveals a key insight: value features (V) computed within the transformer attention block serve as much more precise handles for manipulation. We show that V suppresses global-context channels, allowing it to retain high-entropy, disentangled local semantic information. Building on this discovery, we propose \textbf{V-Attack}, a novel method designed for precise local semantic attacks. V-Attack targets the value features and introduces two core components: (1) a Self-Value Enhancement module to refine V's intrinsic semantic richness, and (2) a Text-Guided Value Manipulation module that leverages text prompts to locate source concept and optimize it toward a target concept. By bypassing the entangled patch features, V-Attack achieves highly effective semantic control. Extensive experiments across diverse LVLMs, including LLaVA, InternVL, DeepseekVL and GPT-4o, show that V-Attack improves the attack success rate by an average of 36\% over state-of-the-art methods, exposing critical vulnerabilities in modern visual-language understanding.","{""adversarial_core"": [""Targeting Disentangled Value Features for Controllable Adversarial Attacks on LVLMs Adversarial attacks have evolved from simply""], ""vision_context"": [""ecific models to the more complex goal of manipulating image semantics on Large Vision-Language Models (LVLMs). How"", ""complex goal of manipulating image semantics on Large Vision-Language Models (LVLMs). However, existing methods str"", ""t methods, exposing critical vulnerabilities in modern visual-language understanding.""]}",{},https://openaccess.thecvf.com/content/CVPR2026/papers/Nie_V-Attack_Targeting_Disentangled_Value_Features_for_Controllable_Adversarial_Attacks_on_CVPR_2026_paper.pdf,https://cvpr.thecvf.com/virtual/2026/poster/39822,True,cvpr2026_papers.json
cvpr2026_papers:4998,CVPR,2026,VCP-Attack: Visual-Contrastive Projection for Transferable Black-Box Targeted Attacks on Large Vision-Language Models,8,C-Foundation,adversarial_core;vision_context,"Large vision-language models (LVLMs) have achieved impressive performance across a variety of multimodal tasks, yet remain vulnerable to targeted adversarial attacks, particularly in black-box settings. In this paper, we propose \textbf{VCP-Attack}, a transferable targeted attack framework that combines structured contrastive supervision with subspace-guided perturbation optimization. Specifically, we employ a dynamic PCA-based projection to constrain perturbations within semantically meaningful low-dimensional subspaces, and design a multi-sample contrastive loss to align adversarial features with target semantics while pushing them away from the source semantics. Extensive experiments on seven open-source and three proprietary LVLMs—including GPT-4o, Claude, and Gemini—show that VCP-Attack achieves \textbf{state-of-the-art} performance in black-box targeted attacks. Under a fixed perturbation budget ($\epsilon = 16/255$), our method achieves an average attack success rate (ASR) of 94.2\% on open-source models and 83.1\% on proprietary models, surpassing the strongest baselines by 23.3\% and 16.8\%, respectively. Notably, VCP-Attack achieves a 95.6\% ASR on GPT-4o. Comprehensive ablation studies and visualizations further validate the effectiveness of the dynamic subspace projection and semantic contrastive supervision. While evaluated on image captioning, our approach is model-agnostic and exhibits strong potential for broader applications to black-box adversarial settings in vision-language tasks.","{""adversarial_core"": [""of multimodal tasks, yet remain vulnerable to targeted adversarial attacks, particularly in black-box settings. In this paper, we""], ""vision_context"": [""d semantic contrastive supervision. While evaluated on image captioning, our approach is model-agnostic and exhibit"", ""n for Transferable Black-Box Targeted Attacks on Large Vision-Language Models Large vision-language models (LVLMs) h"", ""VCP-Attack: Visual-Contrastive Projection for Transferable Black-Box Targ""]}",{},https://openaccess.thecvf.com/content/CVPR2026/papers/Zhao_VCP-Attack_Visual-Contrastive_Projection_for_Transferable_Black-Box_Targeted_Attacks_on_Large_CVPR_2026_paper.pdf,https://cvpr.thecvf.com/virtual/2026/poster/39557,True,cvpr2026_papers.json
iclr2026_papers:5325,ICLR,2026,VEAttack: Downstream-agnostic Vision Encoder Attack against Large Vision Language Models,8,C-Foundation,adversarial_core;vision_context,"Large Vision-Language Models (LVLMs) have demonstrated capabilities in multimodal understanding, yet their vulnerability to adversarial attacks raises significant concerns. To achieve practical attacking, this paper aims at efficient and transferable untargeted attacks under limited perturbation sizes. Considering this objective, white‑box attacks require full‑model gradients and task‑specific labels, making costs scale with tasks, while black‑box attacks rely on proxy models, typically requiring large perturbation sizes and elaborate transfer strategies. Given the centrality and widespread reuse of the vision encoder in LVLMs, we adopt a gray‑box setting that targets the vision encoder alone for efficient but effective attacking. We theoretically establish the feasibility of vision‑encoder‑only attacks, laying the foundation for our gray‑box setting. Based on this analysis, we propose perturbing patch tokens rather than the class token, informed by both theoretical and empirical insights. We generate adversarial examples by minimizing the cosine similarity between clean and perturbed visual features, without accessing the subsequent models, tasks, or labels. This significantly reduces computational overhead while eliminating the task and label dependence. VEAttack has achieved a performance degradation of 94.5% on image caption task and 75.7% on visual question answering task. We also reveal some key observations to provide insights into LVLM attack/defense: 1) hidden layer variations of LLM, 2) token attention differential, 3) Möbius band in transfer attack, 4) low sensitivity to attack steps.","{""adversarial_core"": [""n multimodal understanding, yet their vulnerability to adversarial attacks raises significant concerns. To achieve practical atta""], ""vision_context"": [""ack has achieved a performance degradation of 94.5% on image caption task and 75.7% on visual question answering ta"", ""VEAttack: Downstream-agnostic Vision Encoder Attack against Large Vision Language Models La"", ""zing the cosine similarity between clean and perturbed visual features, without accessing the subsequent models, tas""]}",{},https://openreview.net/pdf/7a86c5db54599de93917dad5f19d802925f6e6ff.pdf,https://openreview.net/forum?id=KboFptAM8S,True,iclr2026_papers.json
iclr2026_papers:9445,ICLR,2026,WaterFlow: Fast and Robust Watermarking in the Latent Fourier Domain,8,C-Foundation,adversarial_core;vision_context,"The rise of high-fidelity generative imagery has amplified the need for practical and robust visual watermarking techniques. However, existing methods often suffer from high computational cost and fail to withstand modern generative and adversarial attacks, limiting their real-world applicability. In this work, we present WaterFlow, a fast, lightweight, and highly robust watermarking framework that embeds hidden signals with high fidelity. WaterFlow leverages pretrained latent diffusion models to insert watermarks directly in the latent space. Unlike prior approaches, it learns a watermark in the Fourier domain of the latent representation—enhancing robustness while preserving perceptual quality. This design enables efficient and accurate watermark detection, even under challenging compound perturbations. Additionally, WaterFlow supports real-time control over the quality–robustness trade-off without retraining, making it adaptable to diverse use cases. We evaluate WaterFlow on MS-COCO, DiffusionDB, and WikiArt, where it consistently outperforms prior methods in robustness while matching the image quality of top-performing approaches.","{""adversarial_core"": [""ional cost and fail to withstand modern generative and adversarial attacks, limiting their real-world applicability. In this work""], ""vision_context"": [""erforms prior methods in robustness while matching the image quality of top-performing approaches. image watermarki"", ""s. image watermarking latent diffusion models computer vision"", ""magery has amplified the need for practical and robust visual watermarking techniques. However, existing methods oft""]}",{},https://openreview.net/pdf/c71031782c7cf9fd9606d5b128720c4f39600fe6.pdf,https://openreview.net/forum?id=BpxyBAMHCN,True,iclr2026_papers.json
cvpr2026_papers:3350,CVPR,2026,"When CLIP Sees More, It Fights Back Harder: Multi-View Guided Adaptive Counterattacks for Test-Time Adversarial Robustness",8,C-Foundation,adversarial_core;vision_context,"Vision-language models such as CLIP have achieved remarkable zero-shot recognition capabilities, yet their robustness against adversarial perturbations remains limited. Test-time counterattack (TTC) was recently proposed to improve CLIP's robustness by perturbing an input image to steer it away from a corrupted state during inference. However, TTC remains fragile under strong attacks because its counterattack relies on a directly corrupted original view and employs a noise-driven hard-gating scheme that cannot adapt to varying corruption severity. To address these limitations, we introduce Multi-view guided Adaptive Counterattack (MAC), which performs counterattacks for multi-view with corruption-aware soft weighting. Specifically, MAC first constructs augmented views of an input image to obtain diverse embeddings. It then performs counterattacks to refine corrupted embeddings of views. Next, MAC adaptively scales the counterattack intensity for each view based on its estimated corruption degree. Finally, the adaptively counterattacked views are aggregated to yield a robust final prediction. Extensive experiments across 20 datasets and diverse attack scenarios demonstrate that MAC substantially improves robustness while preserving high inference speed and memory efficiency with its tuning-free design. For reproducibility, we provide our code in the Supplementary Material and will publicly release it on GitHub.","{""adversarial_core"": [""ulti-View Guided Adaptive Counterattacks for Test-Time Adversarial Robustness Vision-language models such as CLIP have achieved rema"", ""markable zero-shot recognition capabilities, yet their robustness against adversarial perturbations remains limited. Test-time counterattack""], ""vision_context"": [""ed to improve CLIP's robustness by perturbing an input image to steer it away from a corrupted state during inferen"", ""ve Counterattacks for Test-Time Adversarial Robustness Vision-language models such as CLIP have achieved remarkable""]}",{},,https://cvpr.thecvf.com/virtual/2026/poster/39553,True,cvpr2026_papers.json
neurips2025_papers:2255,NEURIPS,2025,ZEBRA: Towards Zero-Shot Cross-Subject Generalization for Universal Brain Visual Decoding,8,C-Foundation,adversarial_core;vision_context,"Recent advances in neural decoding have enabled the reconstruction of visual experiences from brain activity, positioning fMRI-to-image reconstruction as a promising bridge between neuroscience and computer vision. However, current methods predominantly rely on subject-speciﬁc models or require subject-speciﬁc ﬁne-tuning, limiting their scalability and real-world applicability. In this work, we introduce ZEBRA, the ﬁrst zero-shot brain visual decoding framework that eliminates the need for subject-speciﬁc adaptation. Z EBRA is built on the key insight that fMRI representations can be decomposed into subject-related and semantic-related components. By leveraging adversarial training, our method explicitly disentangles these components to isolate subject-invariant, semantic-speciﬁc representations. This disentanglement allows ZEBRA to generalize to unseen subjects without any additional fMRI data or retraining. Extensive experiments show that ZEBRA signiﬁcantly outperforms zero-shot baselines and achieves performance comparable to fully ﬁnetuned models on several metrics. Our work represents a scalable and practical step toward universal neural decoding. Code and model weights are available at: https://github.com/xmed-lab/ZEBRA.","{""adversarial_core"": [""related and semantic-related components. By leveraging adversarial training, our method explicitly disentangles these components t""], ""vision_context"": [""l experiences from brain activity, positioning fMRI-to-image reconstruction as a promising bridge between neuroscie"", ""s a promising bridge between neuroscience and computer vision. However, current methods predominantly rely on subjec"", ""-Shot Cross-Subject Generalization for Universal Brain Visual Decoding Recent advances in neural decoding have enabl""]}",{},https://openreview.net/pdf/40ae7a8c0509c3ef89be4427166c7364d1a8219e.pdf,https://openreview.net/forum?id=CDQ0MI4rLw,True,neurips2025_papers.json
neurips2025_papers:3021,NEURIPS,2025,A Frustratingly Simple Yet Highly Effective Attack Baseline: Over 90% Success Rate Against the Strong Black-box Models of GPT-4.5/4o/o1,7,C-Foundation,adversarial_core;vision_context,"Despite promising performance on open-source large vision-language models (LVLMs), transfer-based targeted attacks often fail against closed-source commercial LVLMs. Analyzing failed adversarial perturbations reveals that the learned perturbations typically originate from a uniform distribution and lack clear semantic details, resulting in unintended responses. This critical absence of semantic information leads commercial black-box LVLMs to either ignore the perturbation entirely or misinterpret its embedded semantics, thereby causing the attack to fail. To overcome these issues, we propose to refine semantic clarity by encoding explicit semantic details within local regions, thus ensuring the capture of finer-grained features and inter-model transferability, and by concentrating modifications on semantically rich areas rather than applying them uniformly. To achieve this, we propose *a simple yet highly effective baseline*: at each optimization step, the adversarial image is cropped randomly by a controlled aspect ratio and scale, resized, and then aligned with the target image in the embedding space. While the naive source-target matching method has been utilized before in the literature, we are the first to provide a tight analysis, which establishes a close connection between perturbation optimization and semantics. Experimental results confirm our hypothesis. Our adversarial examples crafted with local-aggregated perturbations focused on crucial regions exhibit surprisingly good transferability to commercial LVLMs, including GPT-4.5, GPT-4o, Gemini-2.0-flash, Claude-3.5/3.7-sonnet, and even reasoning models like o1, Claude-3.7-thinking and Gemini-2.0-flash-thinking. Our approach achieves success rates exceeding 90\% on GPT-4.5, 4o, and o1, significantly outperforming all prior state-of-the-art attack methods with lower $\ell_1/\ell_2$ perturbations. Our optimized adversarial examples under different configurations are available at https://huggingface.co/datasets/MBZUAI-LLM/M-Attack_AdvSamples and our training code at https://github.com/VILA-Lab/M-Attack.","{""adversarial_core"": [""ainst closed-source commercial LVLMs. Analyzing failed adversarial perturbations reveals that the learned perturbations typically origi""], ""vision_context"": [""baseline*: at each optimization step, the adversarial image is cropped randomly by a controlled aspect ratio and s"", ""/o1 Despite promising performance on open-source large vision-language models (LVLMs), transfer-based targeted attac""]}",{},https://openreview.net/pdf/5949721f82d1ac16063070f0d6dd34dca5f2403e.pdf,https://openreview.net/forum?id=9xXjWwAoUF,True,neurips2025_papers.json
cvpr2026_papers:2790,CVPR,2026,A Unified Perspective on Adversarial Membership Manipulation in Vision Models,7,C-Foundation,adversarial_core;vision_context,"Membership inference attacks (MIAs) aim to determine whether a specific data point was part of a model’s training set, serving as effective tools for evaluating privacy leakage of vision models. However, existing MIAs implicitly assume honest query inputs, and their adversarial robustness remains unexplored. We show that MIAs for vision models expose a previously overlooked adversarial surface: adversarial membership manipulation, where imperceptible perturbations can reliably push non-member images into the “member’’ region of state-of-the-art MIAs. In this paper, we provide the first unified perspective on this phenomenon by analyzing its mechanism and implications. We begin by demonstrating that adversarial membership fabrication is consistently effective across diverse architectures and datasets. We then reveal a distinctive geometric signature—a characteristic gradient-norm collapse trajectory—that reliably separates fabricated from true members despite their nearly identical semantic representations. Building on this insight, we introduce a principled detection strategy grounded in gradient-geometry signals and develop a robust inference framework that substantially mitigates adversarial manipulation. Extensive experiments show that fabrication is broadly effective, while our detection and robust inference strategies significantly enhance resilience. This work establishes the first comprehensive framework for adversarial membership manipulation in vision models.","{""adversarial_core"": [""MIAs implicitly assume honest query inputs, and their adversarial robustness remains unexplored. We show that MIAs for vision model""], ""vision_context"": [""perceptible perturbations can reliably push non-member images into the “member’’ region of state-of-the-art MIAs. In"", ""Perspective on Adversarial Membership Manipulation in Vision Models Membership inference attacks (MIAs) aim to dete""]}",{},https://openaccess.thecvf.com/content/CVPR2026/papers/Gao_A_Unified_Perspective_on_Adversarial_Membership_Manipulation_in_Vision_Models_CVPR_2026_paper.pdf,https://cvpr.thecvf.com/virtual/2026/poster/36250,True,cvpr2026_papers.json
neurips2025_papers:3176,NEURIPS,2025,AdvEDM: Fine-grained Adversarial Attack against VLM-based Embodied Agents,7,C-Foundation,adversarial_core;vision_context,"Vision-Language Models (VLMs), with their strong reasoning and planning capabilities, are widely used in embodied decision-making (EDM) tasks in embodied agents, such as autonomous driving and robotic manipulation. Recent research has increasingly explored adversarial attacks on VLMs to reveal their vulnerabilities. However, these attacks either rely on overly strong assumptions, requiring full knowledge of the victim VLM, which is impractical for attacking VLM-based agents, or exhibit limited effectiveness. The latter stems from disrupting most semantic information in the image, which leads to a misalignment between the perception and the task context defined by system prompts. This inconsistency interrupts the VLM's reasoning process, resulting in invalid outputs that fail to affect interactions in the physical world. To this end, we propose a fine-grained adversarial attack framework, AdvEDM, which modifies the VLM's perception of only a few key objects while preserving the semantics of the remaining regions. This attack effectively reduces conflicts with the task context, making VLMs output valid but incorrect decisions and affecting the actions of agents, thus posing a more substantial safety threat in the physical world. We design two variants of based on this framework, AdvEDM-R and AdvEDM-A, which respectively remove the semantics of a specific object from the image and add the semantics of a new object into the image. The experimental results in both general scenarios and EDM tasks demonstrate fine-grained control and excellent attack performance.","{""adversarial_core"": [""AdvEDM: Fine-grained Adversarial Attack against VLM-based Embodied Agents Vision-Language Mode""], ""vision_context"": [""stems from disrupting most semantic information in the image, which leads to a misalignment between the perception"", ""d Adversarial Attack against VLM-based Embodied Agents Vision-Language Models (VLMs), with their strong reasoning an""]}",{},https://openreview.net/pdf/60a128518fe424bd2b402f8e71d6a205bf71aa89.pdf,https://openreview.net/forum?id=jmLCBLeEC4,True,neurips2025_papers.json
iclr2026_papers:6155,ICLR,2026,Adversarial Attack on Tensor Ring Decomposition,7,C-Foundation,adversarial_core;vision_context,"Tensor ring (TR) decomposition, a powerful tool for handling high-dimensional data, has been widely applied in various fields such as computer vision and recommender systems. However, the vulnerability of TR decomposition to adversarial perturbations has not been systematically studied, and it remains unclear how adversarial perturbations affect its low-rank approximation performance. To tackle this problem, we introduce a novel adversarial attack approach on tensor ring decomposition (AdaTR), formulated as an asymmetric max–min objective. Specifically, we aim to find the optimal perturbation that maximizes the reconstruction error of the low-TR-rank approximation. Furthermore, to alleviate the memory and computational overhead caused by iterative dependency during attacks, we propose a novel faster approximate gradient attack model (FAG-AdaTR) that avoids step-by-step perturbation tensor tracking while maintaining high attack effectiveness. Subsequently, we develop a gradient descent algorithm with theoretical convergence guarantees. Numerical experiments on tensor decomposition, completion, and recommender systems using color images and videos validate the attack effectiveness of the proposed methods.","{""adversarial_core"": [""Adversarial Attack on Tensor Ring Decomposition Tensor ring (TR) decompos""], ""vision_context"": [""ition, completion, and recommender systems using color images and videos validate the attack effectiveness of the pr"", ""been widely applied in various fields such as computer vision and recommender systems. However, the vulnerability of""]}",{},https://openreview.net/pdf/e42588cd153a549974b85ae3f65aed48859d79db.pdf,https://openreview.net/forum?id=ACn1rbjlFB,True,iclr2026_papers.json
cvpr2026_papers:4516,CVPR,2026,AdvFM: Lookahead Flow-Matching Velocity-Field Attacks for Imperceptible and Transferable Adversarial Examples,7,C-Foundation,adversarial_core;vision_context,"Unrestricted adversarial attacks based on generative models typically operate either directly in image space or through diffusion-style denoising and re-noising, which limits transferability and robustness against defenses. We revisit this problem through the lens of flow matching and continuous-time velocity fields, and propose AdvFM, a velocity-field attack that injects adversarial signals into the flow-matching dynamics instead of the pixel space. Given a noisy state $x_t$, AdvFM perturbs the reconstruction at $t{=}1$ and converts this perturbation into a change of the velocity field, yielding a state update that amplifies the inner PGD step in the noisy space. We further introduce a lookahead variant that optimizes a two-point objective over the current and rolled-out reconstructions, reducing temporal mismatch along the ODE trajectory. From a theoretical perspective, we show that compared to diffusion-based attacks, AdvFM enjoys: (i) larger single-step increases in the black-box loss via step amplification, (ii) reduced gradient variance and stronger surrogate-target alignment due to Gaussian smoothing, enhancing its transferability, and (iii) perturbations that concentrate in robust-tangent directions, thereby aligning with robust gradients of adversarially trained models and surviving purification more effectively; the lookahead variant further lowers gradient noise for a two-point robust objective. Extensive experiments demonstrate that AdvFM achieves promising performance in both black-box transferability and a suite of adversarial training and purification defenses.","{""adversarial_core"": [""ocity-Field Attacks for Imperceptible and Transferable Adversarial Examples Unrestricted adversarial attacks based on generative m""], ""vision_context"": [""generative models typically operate either directly in image space or through diffusion-style denoising and re-nois"", ""signals into the flow-matching dynamics instead of the pixel space. Given a noisy state $x_t$, AdvFM perturbs the r""]}",{},https://openaccess.thecvf.com/content/CVPR2026/papers/Liu_AdvFM_Lookahead_Flow-Matching_Velocity-Field_Attacks_for_Imperceptible_and_Transferable_Adversarial_CVPR_2026_paper.pdf,https://cvpr.thecvf.com/virtual/2026/poster/40010,True,cvpr2026_papers.json
cvpr2026_papers:1250,CVPR,2026,Anti-I2V: Safeguarding your Photos from Malicious Image-to-video Generation,7,C-Foundation,adversarial_core;vision_context,"Advances in diffusion-based video generation models, while significantly improving human animation, poses threats of misuse through the creation of fake videos from a specific person's photo and text prompts. Recent efforts have focused on adversarial attacks that introduce crafted perturbations to protect images from diffusion-based models. However, most existing approaches target image generation, while relatively few explicitly address image-to-video diffusion models (VDMs), and most primarily focus on UNet-based architectures. Hence, their effectiveness against Diffusion Transformer (DiT) models remains largely under-explored, as these models demonstrate improved feature retention, and stronger temporal consistency due to larger capacity and advanced attention mechanisms. In this work, we introduce Anti-I2V, a novel defense against malicious human image-to-video generation, applicable across diverse diffusion backbones. Instead of restricting noise updates to the RGB space, Anti-I2V operates in both the $L$*$a$*$b$* and frequency domains, improving robustness and concentrating on salient pixels. We then identify the network layers that capture the most distinct semantic features during the denoising process to design appropriate training objectives that maximize degradation of temporal coherence and generation fidelity. Through extensive validation, Anti-I2V demonstrates state-of-the-art defense performance against diverse video diffusion models, offering an effective solution to the problem.","{""adversarial_core"": [""photo and text prompts. Recent efforts have focused on adversarial attacks that introduce crafted perturbations to protect images""], ""vision_context"": [""Anti-I2V: Safeguarding your Photos from Malicious Image-to-video Generation Advances in diffusion-based video"", ""ins, improving robustness and concentrating on salient pixels. We then identify the network layers that capture the""]}",{},https://openaccess.thecvf.com/content/CVPR2026/papers/Vu_Anti-I2V_Safeguarding_your_Photos_from_Malicious_Image-to-video_Generation_CVPR_2026_paper.pdf,https://cvpr.thecvf.com/virtual/2026/poster/38793,True,cvpr2026_papers.json
cvpr2026_papers:1154,CVPR,2026,AntiStyler: Defending Object Detection Models Against Adversarial Patch Attacks Using Style Removal,7,C-Foundation,adversarial_core;vision_context,"Adversarial patch attacks pose a significant threat to the reliability of object detection (OD) models, particularly in real-time security applications. Although several defenses have been proposed, they often suffer from two limitations: 1) reduced performance on benign images, and 2) impractical processing time for real-time OD applications. In this paper, we present AntiStyler, a novel and rapid defense against adversarial patches. Given an input image, AntiStyler identifies and masks pixels that exhibit a ``random'' style associated with adversarial attacks and uses a series of spatial filters to enhance the mask and remove unwanted noise, efficiently masking adversarial patches. AntiStyler features model-, patch-, and attack-agnostic capabilities and does not require any training, making it a fully agnostic zero-shot defense against adversarial patch attacks. Our evaluation on the COCO, INRIA, Superstore, and APRICOT datasets, with both digital and physical attacks, demonstrates AntiStyler's state-of-the-art robustness (improving adversarial performance by 8-15 mAP%) without compromising the original performance on benign images. Additionally, unlike most existing defenses, AntiStyler can process 10-12 frames per second (FPS), making it efficient and relevant for real-time OD applications.","{""adversarial_core"": [""pixels that exhibit a ``random'' style associated with adversarial attacks and uses a series of spatial filters to enhance the ma""], ""vision_context"": [""from two limitations: 1) reduced performance on benign images, and 2) impractical processing time for real-time OD a"", ""Given an input image, AntiStyler identifies and masks pixels that exhibit a ``random'' style associated with advers""]}",{},,https://cvpr.thecvf.com/virtual/2026/poster/40065,True,cvpr2026_papers.json
neurips2025_papers:2106,NEURIPS,2025,Attention! Your Vision Language Model Could Be Maliciously Manipulated,7,C-Foundation,adversarial_core;vision_context,"Large Vision-Language Models (VLMs) have achieved remarkable success in understanding complex real-world scenarios and supporting data-driven decision-making processes. However, VLMs exhibit significant vulnerability against adversarial examples, either text or image, which can lead to various adversarial outcomes, e.g., jailbreaking, hijacking, and hallucination, etc. In this work, we empirically and theoretically demonstrate that VLMs are particularly susceptible to image-based adversarial examples, where imperceptible perturbations can precisely manipulate each output token. To this end, we propose a novel attack called Vision-language model Manipulation Attack (VMA), which integrates first-order and second-order momentum optimization techniques with a differentiable transformation mechanism to effectively optimize the adversarial perturbation. Notably, VMA can be a double-edged sword: it can be leveraged to implement various attacks, such as jailbreaking, hijacking, privacy breaches, Denial-of-Service, and the generation of sponge examples, etc, while simultaneously enabling the injection of watermarks for copyright protection. Extensive empirical evaluations substantiate the efficacy and generalizability of VMA across diverse scenarios and datasets. Code is available at https://github.com/Trustworthy-AI-Group/VMA.","{""adversarial_core"": [""owever, VLMs exhibit significant vulnerability against adversarial examples, either text or image, which can lead to various adver""], ""vision_context"": [""erability against adversarial examples, either text or image, which can lead to various adversarial outcomes, e.g.,"", ""Attention! Your Vision Language Model Could Be Maliciously Manipulated Large""]}",{},https://openreview.net/pdf/565e526ccd1afed3835928c6e6b6c2438031ebf4.pdf,https://openreview.net/forum?id=418UYQKGqB,True,neurips2025_papers.json
icml2025_papers:2288,ICML,2025,Average Certified Radius is a Poor Metric for Randomized Smoothing,7,C-Foundation,adversarial_core;classification_context;vision_context,"Randomized smoothing (RS) is popular for providing certified robustness guarantees against adversarial attacks. The average certified radius (ACR) has emerged as a widely used metric for tracking progress in RS. However, in this work, for the first time we show that ACR is a poor metric for evaluating robustness guarantees provided by RS. We theoretically prove not only that a trivial classifier can have arbitrarily large ACR, but also that ACR is extremely sensitive to improvements on easy samples. In addition, the comparison using ACR has a strong dependence on the certification budget. Empirically, we confirm that existing training strategies, though improving ACR, reduce the model’s robustness on hard samples consistently. To strengthen our findings, we propose strategies, including explicitly discarding hard samples, reweighing the dataset with approximate certified radius, and extreme optimization for easy samples, to replicate the progress in RS training and even achieve the state-of-the-art ACR on CIFAR-10, without training for robustness on the full data distribution. Overall, our results suggest that ACR has introduced a strong undesired bias to the field, and its application should be discontinued in RS. Finally, we suggest using the empirical distribution of $p_A$, the accuracy of the base model on noisy data, as an alternative metric for RS.","{""adversarial_core"": [""for providing certified robustness guarantees against adversarial attacks. The average certified radius (ACR) has emerged as a w""], ""vision_context"": [""training and even achieve the state-of-the-art ACR on CIFAR-10, without training for robustness on the full data dist""], ""classification_context"": [""training and even achieve the state-of-the-art ACR on CIFAR-10, without training for robustness on the full data dist""]}",{},https://raw.githubusercontent.com/mlresearch/v267/main/assets/sun25o/sun25o.pdf,,True,icml2025_papers.json
iclr2026_papers:7936,ICLR,2026,"Beyond Pruning: Neuro-inspired Sparse Training For Enhancing Model Performance, Convergence Speed, and Training Stability",7,C-Foundation,adversarial_core;classification_context;vision_context,"Pruning often trades accuracy for efficiency, and sparse training is hard to do from scratch without performance loss. We introduce a simple, neuro-inspired sparse training (NIST) algorithm that simultaneously sparsifies, stabilizes, and strengthens neural networks without introducing computational overhead or complex optimizers. Our method achieves high sparsity while surprisingly enhancing model performance, accelerating convergence, and improving training stability across diverse architectures, and plugs directly into standard training pipelines. Empirically, it strengthens MLP-heavy architectures (e.g., VGG, AlexNet) by aggressively sparsifying them ($>$90\%) and counterintuitively, 8-10\% improving test accuracy. Additionally, NIST accelerates convergence and reduces variance in efficient CNNs such as MobileNet. It also enables transformer training directly from 50\% initial sparsity and up to 70\% final sparsity with negligible performance loss, while speeding up model convergence in the first 30 epochs. Our comprehensive experiments, ablations, and comparisons against state-of-the-art pruning and sparse-training methods reveal that these gains stem not from reduced parameter counts alone, but from improved optimization dynamics and more effective parameter reallocation. This study reframes sparse training as a performance-enhancing tool rather than a compromise.","{""adversarial_core"": [""onvergence Speed, and Training Stability Pruning often trades accuracy for efficiency, and sparse training is hard t""], ""vision_context"": [""parse Training Neuro-inspired Neural Networks Computer Vision Pruning""], ""classification_context"": [""elerates convergence and reduces variance in efficient CNNs such as MobileNet. It also enables transformer trainin""]}",{},https://openreview.net/pdf/f9a52c0dbe44d875d05fc36483e905d9b93ed2a0.pdf,https://openreview.net/forum?id=qnvvoECibL,True,iclr2026_papers.json
neurips2025_papers:4016,NEURIPS,2025,BlurGuard: A Simple Approach for Robustifying Image Protection Against AI-Powered Editing,7,C-Foundation,adversarial_core;vision_context,"Recent advances in text-to-image models have increased the exposure of powerful image editing techniques as a tool, raising concerns about their potential for malicious use. An emerging line of research to address such threats focuses on implanting “protective” adversarial noise into images before their public release, so future attempts to edit them using text-to-image models can be impeded. However, subsequent works have shown that these adversarial noises are often easily “reversed,” e.g., with techniques as simple as JPEG compression, casting doubt on the practicality of the approach. In this paper, we argue that adversarial noise for image protection should not only be imperceptible, as has been a primary focus of prior work, but also irreversible, viz., it should be difficult to detect as noise provided that the original image is hidden. We propose a surprisingly simple method to enhance the robustness of image protection methods against noise reversal techniques. Specifically, it applies an adaptive per-region Gaussian blur on the noise to adjust the overall frequency spectrum. Through extensive experiments, we show that our method consistently improves the per-sample worst-case protection performance of existing methods against a wide range of reversal techniques on diverse image editing scenarios, while also reducing quality degradation due to noise in terms of perceptual metrics. Code is available at https://github.com/jsu-kim/BlurGuard.","{""adversarial_core"": [""s://github.com/jsu-kim/BlurGuard. copyright protection adversarial examples text-to-image models computer vision""], ""vision_context"": [""BlurGuard: A Simple Approach for Robustifying Image Protection Against AI-Powered Editing Recent advances"", ""ion adversarial examples text-to-image models computer vision""]}",{},https://openreview.net/pdf/84f155aea408c2e435b0a8e4e8483baefcedb6e3.pdf,https://openreview.net/forum?id=vritEZz28d,True,neurips2025_papers.json
neurips2025_papers:131,NEURIPS,2025,Breaking Latent Prior Bias in Detectors for Generalizable AIGC Image Detection,7,C-Foundation,adversarial_core;vision_context,"Current AIGC detectors often achieve near-perfect accuracy on images produced by the same generator used for training but struggle to generalize to outputs from unseen generators. We trace this failure in part to latent prior bias: detectors learn shortcuts tied to patterns stemming from the initial noise vector rather than learning robust generative artifacts. To address this, we propose \textbf{On-Manifold Adversarial Training (OMAT)}: by optimizing the initial latent noise of diffusion models under fixed conditioning, we generate \emph{on-manifold} adversarial examples that remain on the generator’s output manifold—unlike pixel-space attacks, which introduce off-manifold perturbations that the generator itself cannot reproduce and that can obscure the true discriminative artifacts. To test against state-of-the-art generative models, we introduce GenImage++, a test-only benchmark of outputs from advanced generators (Flux.1, SD3) with extended prompts and diverse styles. We apply our adversarial-training paradigm to ResNet50 and CLIP baselines and evaluate across existing AIGC forensic benchmarks and recent challenge datasets. Extensive experiments show that adversarially trained detectors significantly improve cross-generator performance without any network redesign. Our findings on latent-prior bias offer valuable insights for future dataset construction and detector evaluation, guiding the development of more robust and generalizable AIGC forensic methodologies.","{""adversarial_core"": [""facts. To address this, we propose \\textbf{On-Manifold Adversarial Training (OMAT)}: by optimizing the initial latent noise of dif""], ""vision_context"": [""Latent Prior Bias in Detectors for Generalizable AIGC Image Detection Current AIGC detectors often achieve near-pe"", ""that remain on the generator’s output manifold—unlike pixel-space attacks, which introduce off-manifold perturbati""]}",{},https://openreview.net/pdf/cd2a16bf2ab8ca4fced38825c030b852a818e72f.pdf,https://openreview.net/forum?id=sVSVgWIkb0,True,neurips2025_papers.json
icml2024_papers:18,ICML,2024,CosPGD: an efficient white-box adversarial attack for pixel-wise prediction tasks,7,C-Foundation,adversarial_core;vision_context,"While neural networks allow highly accurate predictions in many tasks, their lack of robustness towards even slight input perturbations often hampers their deployment. Adversarial attacks such as the seminalprojected gradient descent(PGD) offer an effective means to evaluate a model’s robustness and dedicated solutions have been proposed for attacks on semantic segmentation or optical flow estimation. While they attempt to increase the attack’s efficiency, a further objective is to balance its effect, so that it acts on the entire image domain instead of isolated point-wise predictions. This often comes at the cost of optimization stability and thus efficiency. Here, we propose CosPGD, an attack that encourages more balanced errors over the entire image domain while increasing the attack’s overall efficiency. To this end, CosPGD leverages a simple alignment score computed from any pixel-wise prediction and its target to scale the loss in a smooth and fully differentiable way. It leads to efficient evaluations of a model’s robustness for semantic segmentation as well as regression models (such as optical flow, disparity estimation, or image restoration), and it allows it to outperform the previous SotA attack on semantic segmentation. We provide code for the CosPGD algorithm and example usage at https://github.com/shashankskagnihotri/cospgd.","{""adversarial_core"": [""CosPGD: an efficient white-box adversarial attack for pixel-wise prediction tasks While neural networks""], ""vision_context"": [""s to balance its effect, so that it acts on the entire image domain instead of isolated point-wise predictions. Thi"", ""CosPGD: an efficient white-box adversarial attack for pixel-wise prediction tasks While neural networks allow high""]}",{},https://raw.githubusercontent.com/mlresearch/v235/main/assets/agnihotri24b/agnihotri24b.pdf,,True,icml2024_papers.json
cvpr2026_papers:2849,CVPR,2026,Decoupling Defense Strategies for Robust Image Watermarking,7,C-Foundation,adversarial_core;vision_context,"Deep learning-based image watermarking, while robust against conventional distortions, remains vulnerable to advanced adversarial and regeneration attacks. Conventional countermeasures, which jointly optimize the encoder and decoder via a noise layer, face 2 inevitable challenges:(1) decrease of clean accuracy due to decoder adversarial training and (2) limited robustness due to simultaneous training of all three advanced attacks.To overcome these issues, we propose AdvMark, a novel two-stage fine-tuning framework that decouples the defense strategies. In stage 1, we address adversarial vulnerability via a tailored adversarial training paradigm that primarily fine-tunes the encoder while only conditionally updating the decoder. This approach learns to move the image into a non-attackable region, rather than modifying the decision boundary, thus preserving clean accuracy.In stage 2, we tackle distortion and regeneration attacks via direct image optimization. To preserve the adversarial robustness gained in stage 1, we formulate a principled, constrained image loss with theoretical guarantees, which balances the deviation from cover and previous encoded images. We also propose a quality-aware early-stop to further guarantee the lower bound of visual quality.Extensive experiments demonstrate AdvMark outperforms with the highest image quality and comprehensive robustness, i.e. up to 29\%, 33\% and 46\% accuracy improvement for distortion, regeneration and adversarial attacks, respectively.","{""adversarial_core"": [""allenges:(1) decrease of clean accuracy due to decoder adversarial training and (2) limited robustness due to simultaneous trainin""], ""vision_context"": [""Decoupling Defense Strategies for Robust Image Watermarking Deep learning-based image watermarking, w"", ""are early-stop to further guarantee the lower bound of visual quality.Extensive experiments demonstrate AdvMark outp""]}",{},https://openaccess.thecvf.com/content/CVPR2026/papers/Chen_Decoupling_Defense_Strategies_for_Robust_Image_Watermarking_CVPR_2026_paper.pdf,https://cvpr.thecvf.com/virtual/2026/poster/36428,True,cvpr2026_papers.json
neurips2025_papers:1777,NEURIPS,2025,Diffusion Guided Adversarial State Perturbations in Reinforcement Learning,7,C-Foundation,adversarial_core;vision_context,"Reinforcement learning (RL) systems, while achieving remarkable success across various domains, are vulnerable to adversarial attacks. This is especially a concern in vision-based environments where minor manipulations of high-dimensional image inputs can easily mislead the agent's behavior. To this end, various defenses have been proposed recently, with state-of-the-art approaches achieving robust performance even under large state perturbations. However, after closer investigation, we found that the effectiveness of the current defenses is due to a fundamental weakness of the existing $l_p$ norm-constrained attacks, which can barely alter the semantics of image input even under a relatively large perturbation budget. In this work, we propose SHIFT, a novel policy-agnostic diffusion-based state perturbation attack to go beyond this limitation. Our attack is able to generate perturbed states that are semantically different from the true states while remaining realistic and history-aligned to avoid detection. Evaluations show that our attack effectively breaks existing defenses, including the most sophisticated ones, significantly outperforming existing attacks while being more perceptually stealthy. The results highlight the vulnerability of RL agents to semantics-aware adversarial perturbations, indicating the importance of developing more robust policies.","{""adversarial_core"": [""able success across various domains, are vulnerable to adversarial attacks. This is especially a concern in vision-based environm""], ""vision_context"": [""ronments where minor manipulations of high-dimensional image inputs can easily mislead the agent's behavior. To thi"", ""o adversarial attacks. This is especially a concern in vision-based environments where minor manipulations of high-d""]}",{},https://openreview.net/pdf/be8a8d3073d90623b8d43b40035973fa4ceb8b18.pdf,https://openreview.net/forum?id=Ix4or1zPZw,True,neurips2025_papers.json
iclr2026_papers:3486,ICLR,2026,Discrete Latent Features Ablate Adversarial Attack: A Robust Prompt Tuning Framework for VLMs,7,C-Foundation,adversarial_core;vision_context,"While adversarial fine-tuning can enhance the robustness of vision-language models (VLMs), such approaches are computationally expensive. Adversarial prompt tuning has emerged as a practical alternative. However, existing methods are limited by their reliance on vulnerable continuous image features. To mitigate the vulnerability in the feature representation, we propose **DEFEAT** (**D**iscrete Lat**E**nt **F**eatur**E** based **A**dversarial **T**raining), a robust prompt tuning framework for VLMs. Specifically, the DEFEAT method introduces a perturbation discrete shield module that reconstructs discrete latent features and designs a logits fusion strategy, substantially reducing the discrepancy between clean and adversarial image representations. Moreover, the DEFEAT method integrates prompt tuning with adversarial training while applying regularization from learnable prompts to hand-crafted prompts, further enhancing the adversarial robustness. Extensive experiments across 15 datasets validate the effectiveness of the proposed DEFEAT method among existing adversarial prompt tuning methods. The official code is available at https://github.com/cheny02/DEFEAT-ICLR2026.","{""adversarial_core"": [""Discrete Latent Features Ablate Adversarial Attack: A Robust Prompt Tuning Framework for VLMs While adver""], ""vision_context"": [""are limited by their reliance on vulnerable continuous image features. To mitigate the vulnerability in the feature"", ""adversarial fine-tuning can enhance the robustness of vision-language models (VLMs), such approaches are computatio""]}",{},https://openreview.net/pdf/4a2f0f97a3fb349790cca067dcbd00329432c192.pdf,https://openreview.net/forum?id=lZgORA63ew,True,iclr2026_papers.json
neurips2025_papers:1908,NEURIPS,2025,Dynamical Low-Rank Compression of Neural Networks with Robustness under Adversarial Attacks,7,C-Foundation,adversarial_core;vision_context,"Deployment of neural networks on resource-constrained devices demands models that are both compact and robust to adversarial inputs. However, compression and adversarial robustness often conflict. In this work, we introduce a dynamical low-rank training scheme enhanced with a novel spectral regularizer that controls the condition number of the low-rank core in each layer. This approach mitigates the sensitivity of compressed models to adversarial perturbations without sacrificing clean accuracy. The method is model- and data-agnostic, computationally efficient, and supports rank adaptivity to automatically compress the network at hand. Extensive experiments across standard architectures, datasets, and adversarial attacks show the regularized networks can achieve over 94 compression while recovering or improving adversarial accuracy relative to uncompressed baselines.","{""adversarial_core"": [""k Compression of Neural Networks with Robustness under Adversarial Attacks Deployment of neural networks on resource-constrained"", ""ained devices demands models that are both compact and robust to adversarial inputs. However, compression and adversarial robustnes""], ""vision_context"": [""Robustenss Adversarial Attacks Rank Adaptive Computer Vision Compression""]}",{},https://openreview.net/pdf/f59d0f48e06f71167b429ed72ad0b3fedd6e4646.pdf,https://openreview.net/forum?id=7AwFJzgIUW,True,neurips2025_papers.json
icml2024_papers:1838,ICML,2024,Effects of Exponential Gaussian Distribution on (Double Sampling) Randomized Smoothing,7,C-Foundation,adversarial_core;classification_context;vision_context,"Randomized Smoothing (RS) is currently a scalable certified defense method providing robustness certification against adversarial examples. Although significant progress has been achieved in providing defenses against $\ell_p$ adversaries, the interaction between the smoothing distribution and the robustness certification still remains vague. In this work, we comprehensively study the effect of two families of distributions, named Exponential Standard Gaussian (ESG) and Exponential General Gaussian (EGG) distributions, on Randomized Smoothing and Double Sampling Randomized Smoothing (DSRS). We derive an analytic formula for ESG’s certified radius, which converges to the origin formula of RS as the dimension $d$ increases. Additionally, we prove that EGG can provide tighter constant factors than DSRS in providing $\Omega(\sqrt{d})$ lower bounds of $\ell_2$ certified radius, and thus further addresses the curse of dimensionality in RS. Our experiments on real-world datasets confirm our theoretical analysis of the ESG distributions, that they provide almost the same certification under different exponents $\eta$ for both RS and DSRS. In addition, EGG brings a significant improvement to the DSRS certification, but the mechanism can be different when the classifier properties are different. Compared to the primitive DSRS, the increase in certified accuracy provided by EGG is prominent, up to 6.4% on ImageNet.","{""adversarial_core"": [""ense method providing robustness certification against adversarial examples. Although significant progress has been achieved in pr""], ""vision_context"": [""d accuracy provided by EGG is prominent, up to 6.4% on ImageNet.""], ""classification_context"": [""d accuracy provided by EGG is prominent, up to 6.4% on ImageNet.""]}",{},https://raw.githubusercontent.com/mlresearch/v235/main/assets/shu24a/shu24a.pdf,,True,icml2024_papers.json
icml2025_papers:1738,ICML,2025,Efficient Robust Conformal Prediction via Lipschitz-Bounded Networks,7,C-Foundation,adversarial_core;classification_context;vision_context,"Conformal Prediction (CP) has proven to be an effective post-hoc method for improving the trustworthiness of neural networks by providing prediction sets with finite-sample guarantees. However, under adversarial attacks, classical conformal guarantees do not hold anymore: this problem is addressed in the field of Robust Conformal Prediction. Several methods have been proposed to provide robust CP sets with guarantees under adversarial perturbations, but, for large scale problems, these sets are either too large or the methods are too computationally demanding to be deployed in real life scenarios. In this work, we propose a new method that leverages Lipschitz-bounded networks to precisely and efficiently estimate robust CP sets. When combined with a 1-Lipschitz robust network, we demonstrate that ourlip-rcpmethod outperforms state-of-the-art results in both the size of the robust CP sets and computational efficiency in medium and large-scale scenarios such as ImageNet. Taking a different angle, we also study vanilla CP under attack, and derive new worst-case coverage bounds of vanilla CP sets, which are valid simultaneously for all adversarial attack levels. Ourlip-rcpmethod makes this second approach as efficient as vanilla CP while also allowing robustness guarantees.","{""adversarial_core"": [""ion sets with finite-sample guarantees. However, under adversarial attacks, classical conformal guarantees do not hold anymore: t""], ""vision_context"": [""efficiency in medium and large-scale scenarios such as ImageNet. Taking a different angle, we also study vanilla CP un""], ""classification_context"": [""efficiency in medium and large-scale scenarios such as ImageNet. Taking a different angle, we also study vanilla CP un""]}",{},https://raw.githubusercontent.com/mlresearch/v267/main/assets/massena25a/massena25a.pdf,,True,icml2025_papers.json
neurips2025_papers:2947,NEURIPS,2025,Enhancing Diffusion-based Unrestricted Adversarial Attacks via Adversary Preferences Alignment,7,C-Foundation,adversarial_core;vision_context,"Preference alignment in diffusion models has primarily focused on benign human preferences (e.g., aesthetic). In this paper, we propose a novel perspective: framing unrestricted adversarial example generation as a problem of aligning with adversary preferences. Unlike benign alignment, adversarial alignment involves two inherently conflicting preferences: visual consistency and attack effectiveness, which often lead to unstable optimization and reward hacking (e.g., reducing visual quality to improve attack success). To address this, we propose APA (Adversary Preferences Alignment), a two-stage framework that decouples conflicting preferences and optimizes each with differentiable rewards. In the first stage, APA fine-tunes LoRA to improve visual consistency using rule-based similarity reward. In the second stage, APA updates either the image latent or prompt embedding based on feedback from a substitute classifier, guided by trajectory-level and step-wise rewards. To enhance black-box transferability, we further incorporate a diffusion augmentation strategy. Experiments demonstrate that APA achieves significantly better attack transferability while maintaining high visual consistency, inspiring further research to approach adversarial attacks from an alignment perspective.","{""adversarial_core"": [""Enhancing Diffusion-based Unrestricted Adversarial Attacks via Adversary Preferences Alignment Preference alignme""], ""vision_context"": [""ty reward. In the second stage, APA updates either the image latent or prompt embedding based on feedback from a su"", ""nment involves two inherently conflicting preferences: visual consistency and attack effectiveness, which often lead""]}",{},https://openreview.net/pdf/3d2dc3627bd25e3cef5ba061fa69cab5ef2983bd.pdf,https://openreview.net/forum?id=OKf5SSUhJF,True,neurips2025_papers.json
iclr2026_papers:9420,ICLR,2026,Fake it till You Make it: Reward Modeling as Discriminative Prediction,7,C-Foundation,adversarial_core;vision_context,"An effective reward model plays a pivotal role in reinforcement learning for post-training enhancement of visual generative models. However, current approaches of reward modeling suffer from implementation complexity due to their reliance on extensive human-annotated preference data or meticulously engineered quality dimensions that are often incomplete and engineering-intensive. Inspired by adversarial training in generative adversarial networks (GANs), this paper proposes GAN-RM, an efficient reward modeling framework that eliminates manual preference annotation and explicit quality dimension engineering. Our method trains the reward model through discrimination between a small set of representative, unpaired target samples(denoted as Preference Proxy Data) and model-generated ordinary outputs, requiring only a few hundred target samples. Comprehensive experiments demonstrate our GAN-RM's effectiveness across multiple key applications including test-time scaling implemented as Best-of-N sample filtering, post-training approaches like Supervised Fine-Tuning (SFT) and Direct Preference Optimization (DPO).","{""adversarial_core"": [""ften incomplete and engineering-intensive. Inspired by adversarial training in generative adversarial networks (GANs), this paper""], ""vision_context"": [""on (DPO). reward model preference optimization text-to-image diffusion models generative model visual generation"", ""einforcement learning for post-training enhancement of visual generative models. However, current approaches of rewa""]}",{},https://openreview.net/pdf/79b59def49eb8d0e94452574854ae1289d5a8cc2.pdf,https://openreview.net/forum?id=z1M5egqvJX,True,iclr2026_papers.json
iclr2026_papers:1943,ICLR,2026,FERD: Fairness-Enhanced Data-Free Adversarial Robustness Distillation,7,C-Foundation,adversarial_core;classification_context;vision_context,"Data-Free Robustness Distillation (DFRD) aims to transfer the robustness from the teacher to the student without accessing the training data. While existing methods focus on overall robustness, they overlook the robust fairness issues, leading to severe disparity of robustness across different categories. In this paper, we find two key problems: (1) student model distilled with equal class proportion data behaves significantly different across distinct categories; and (2) the robustness of student model is not stable across different attacks target. To bridge these gaps, we present the first Fairness Enhanced data-free Robustness Distillation (FERD) framework to adjust the proportion and distribution of adversarial examples. For the proportion, FERD adopts a robustness guided class reweighting strategy to synthesize more samples for the less robust categories, thereby improving robustness of them. For the distribution, FERD generates complementary data samples for advanced robustness distillation. It generates Fairness-Aware Examples (FAEs) by enforcing a uniformity constraint on feature-level predictions, which suppress the dominance of class-specific non-robust features, providing a more balanced representation across all categories. Then, FERD constructs Uniform-Target Adversarial Examples (UTAEs) from FAEs by applying a uniform target class constraint to avoid biased attack directions, which distribute the attack targets across all categories and prevents overfitting to specific vulnerable categories. Extensive experiments on three public datasets demonstrate that FERD achieves state-of-the-art worst-class robustness and NSD under all adversarial attacks. For instance, FERD improves worst-class robustness by up to 11.3% and reduces NSD by 0.077 compared to the optimal baseline on CIFAR-10 with MobileNet-V2. Our code is available at: [https://github.com/mayaobuduyao/FERD](https://github.com/mayaobuduyao/FERD).","{""adversarial_core"": [""FERD: Fairness-Enhanced Data-Free Adversarial Robustness Distillation Data-Free Robustness Distillation (DFRD)""], ""vision_context"": [""duces NSD by 0.077 compared to the optimal baseline on CIFAR-10 with MobileNet-V2. Our code is available at: [https://""], ""classification_context"": [""duces NSD by 0.077 compared to the optimal baseline on CIFAR-10 with MobileNet-V2. Our code is available at: [https://""]}",{},https://openreview.net/pdf/e4ada7d7d26c1fb93fdc28fd2ba874e5c85f0d54.pdf,https://openreview.net/forum?id=jGXTx64gal,True,iclr2026_papers.json
iclr2026_papers:8057,ICLR,2026,GeoDetect: Geometric Adversarial Detection for VLPs,7,C-Foundation,adversarial_core;vision_context,"Vision-language pre-trained models (VLPs) are widely used in real-world applications. However, they remain vulnerable to adversarial attacks. Although adversarial detection methods have demonstrated success in single-modality settings (either vision or language), their effectiveness and reliability in multimodal models such as VLPs remain largely unexplored. In this work, we investigate the embedding spaces of VLPs and find that the image embedding space exhibits anisotropy. Our theoretical analysis shows that this anisotropic structure increases the separation between clean and adversarial examples (AEs) in the embedding space. Specifically, we demonstrate that AEs consistently exhibit greater expected distances to randomly sampled points than their clean counterparts, indicating that adversarial perturbations tend to push inputs out of manifold regions. Building on these insights, we propose GeoDetect, which leverages these off-manifold deviations to identify AEs. Through comprehensive evaluations, we show that our approach reliably detects adversarial attacks across various VLP architectures, including but not limited to CLIP, providing a robust and practical approach to improving the safety and reliability of these models.","{""adversarial_core"": [""world applications. However, they remain vulnerable to adversarial attacks. Although adversarial detection methods have demonstra""], ""vision_context"": [""stigate the embedding spaces of VLPs and find that the image embedding space exhibits anisotropy. Our theoretical a"", ""GeoDetect: Geometric Adversarial Detection for VLPs Vision-language pre-trained models (VLPs) are widely used in""]}",{},https://openreview.net/pdf/37533af70be364b2d997c2c99f739addb6afd61d.pdf,https://openreview.net/forum?id=hHCbSeTFYK,True,iclr2026_papers.json
neurips2025_papers:3802,NEURIPS,2025,HQA-VLAttack: Towards High Quality Adversarial Attack on Vision-Language Pre-Trained Models,7,C-Foundation,adversarial_core;vision_context,"Black-box adversarial attack on vision-language pre-trained models is a practical and challenging task, as text and image perturbations need to be considered simultaneously, and only the predicted results are accessible. Research on this problem is in its infancy, and only a handful of methods are available. Nevertheless, existing methods either rely on a complex iterative cross-search strategy, which inevitably consumes numerous queries, or only consider reducing the similarity of positive image-text pairs but ignore that of negative ones, which will also be implicitly diminished, thus inevitably affecting the attack performance. To alleviate the above issues, we propose a simple yet effective framework to generate high-quality adversarial examples on vision-language pre-trained models, named HQA-VLAttack, which consists of text and image attack stages. For text perturbation generation, it leverages the counter-fitting word vector to generate the substitute word set, thus guaranteeing the semantic consistency between the substitute word and the original word. For image perturbation generation, it first initializes the image adversarial example via the layer-importance guided strategy, and then utilizes contrastive learning to optimize the image adversarial perturbation, which ensures that the similarity of positive image-text pairs is decreased while that of negative image-text pairs is increased. In this way, the optimized adversarial images and texts are more likely to retrieve negative examples, thereby enhancing the attack success rate. Experimental results on three benchmark datasets demonstrate that HQA-VLAttack significantly outperforms strong baselines in terms of attack success rate.","{""adversarial_core"": [""HQA-VLAttack: Towards High Quality Adversarial Attack on Vision-Language Pre-Trained Models Black-box advers""], ""vision_context"": [""odels is a practical and challenging task, as text and image perturbations need to be considered simultaneously, an"", ""A-VLAttack: Towards High Quality Adversarial Attack on Vision-Language Pre-Trained Models Black-box adversarial atta""]}",{},https://openreview.net/pdf/1ae961c184b483f264cdbf8e76b4b24829d5271c.pdf,https://openreview.net/forum?id=LZ4IKybwWl,True,neurips2025_papers.json
iclr2026_papers:1678,ICLR,2026,Identifying Robust Neural Pathways: Few-Shot Adversarial Mask Tuning for Vision-Language Models,7,C-Foundation,adversarial_core;vision_context,"Recent vision-language models (VLMs), such as CLIP, have demonstrated remarkable transferability across a wide range of downstream tasks by effectively leveraging the joint text-image embedding space, even with only a few data samples. Despite their impressive performance, these models remain vulnerable to adversarial attacks, raising significant concerns about their security and reliability in practical deployments. To address this issue, we propose Adversarial Mask Tuning (AdvMask), a method that effectively enhances the robustness of VLMs without directly modifying their pre-trained weights. Instead, our AdvMask learns a set of binary masks that selectively deactivate model parameters vulnerable to adversarial perturbations. By identifying robust neural pathways within the vision encoder, AdvMask facilitates the generation of features and predictions that are resistant to adversarial attacks. Furthermore, we introduce a Layer-wise Adaptive Feature Alignment (LAFA) loss, specifically designed to optimize AdvMask in few-shot scenarios. The LAFA loss adaptively aligns intermediate-layer features from clean and adversarial samples across each transformer block, enhancing the representational robustness of the model. Experimental results across multiple benchmarks confirm that our AdvMask approach substantially outperforms existing adversarial tuning techniques for VLMs, especially in few-shot settings.","{""adversarial_core"": [""ressive performance, these models remain vulnerable to adversarial attacks, raising significant concerns about their security and""], ""vision_context"": [""nstream tasks by effectively leveraging the joint text-image embedding space, even with only a few data samples. De"", ""Neural Pathways: Few-Shot Adversarial Mask Tuning for Vision-Language Models Recent vision-language models (VLMs),""]}",{},https://openreview.net/pdf/71b0b3c2609de58ecc0729ca78fc3a7d04ba55be.pdf,https://openreview.net/forum?id=kzGkXpW4FT,True,iclr2026_papers.json
icml2024_papers:1844,ICML,2024,IOI: Invisible One-Iteration Adversarial Attack on No-Reference Image- and Video-Quality Metrics,7,C-Foundation,adversarial_core;vision_context,"No-reference image- and video-quality metrics are widely used in video processing benchmarks. The robustness of learning-based metrics under video attacks has not been widely studied. In addition to having success, attacks on metrics that can be employed in video processing benchmarks must be fast and imperceptible. This paper introduces an Invisible One-Iteration (IOI) adversarial attack on no-reference image and video quality metrics. The proposed method uses two modules to ensure high visual quality and temporal stability of adversarial videos and runs for one iteration, which makes it fast. We compared our method alongside eight prior approaches using image and video datasets via objective and subjective tests. Our method exhibited superior visual quality across various attacked metric architectures while maintaining comparable attack success and speed. We made the code available on GitHub: https://github.com/katiashh/ioi-attack.","{""adversarial_core"": [""IOI: Invisible One-Iteration Adversarial Attack on No-Reference Image- and Video-Quality Metrics No-re""], ""vision_context"": [""sible One-Iteration Adversarial Attack on No-Reference Image- and Video-Quality Metrics No-reference image- and vid"", ""s. The proposed method uses two modules to ensure high visual quality and temporal stability of adversarial videos a""]}",{},https://raw.githubusercontent.com/mlresearch/v235/main/assets/shumitskaya24a/shumitskaya24a.pdf,,True,icml2024_papers.json
neurips2025_papers:3279,NEURIPS,2025,Latency NMS Attacks: Is It Real Life or Is It Just Fantasy?,7,C-Foundation,adversarial_core;vision_context,"``Caught in a landslide, no escape from reality"" summarizes the state of the research in AI offense: an attack might work on paper but does not necessarily in practice. In the last 5 years, we have seen the rise of latency attacks against computer vision systems. Most of them targeted 2D object detection, especially its Non-Max-Suppression (NMS) block, via adversarial images. However, we uncovered that, when tested in realistic deployment settings, the NMS latency attacks, accepted to top conferences, have very limited negative effects. In this paper, we define an evaluation framework (EVADE) to assess the practicality of attacks, and apply it to state-of-the-art NMS latency attacks. Attacks were tested on different hardware platforms, and different model formats and quantization. Results show that these attacks are not able to generate the claimed latency increase, nor transfer to other models (from the same family or not). Moreover, the latency increases remain within the latency requirements of downstream tasks in our evaluation, suggesting limited practical impact under these conditions. We also tested three defenses, which were successful in mitigating the NMS latency attacks. Therefore, in their current form, NMS latency attacks are just fantasy.","{""adversarial_core"": [""form, NMS latency attacks are just fantasy. evaluation adversarial attacks latency attacks NMS attack Object Detection adversaria""], ""vision_context"": [""y its Non-Max-Suppression (NMS) block, via adversarial images. However, we uncovered that, when tested in realistic"", ""have seen the rise of latency attacks against computer vision systems. Most of them targeted 2D object detection, es""]}",{},https://openreview.net/pdf/7361df021de93233e039647ae20e5d922ea6cf9b.pdf,https://openreview.net/forum?id=Nk9QDWOFt8,True,neurips2025_papers.json
neurips2025_papers:5051,NEURIPS,2025,Learning Robust Vision-Language Models from Natural Latent Spaces,7,C-Foundation,adversarial_core;vision_context,"Pre-trained vision-language models (VLMs) exhibit significant vulnerability to imperceptible adversarial perturbations. Current advanced defense strategies typically employ adversarial prompt tuning to improve the adversarial robustness of VLMs, which struggle to simultaneously maintain generalization across both natural and adversarial examples under different benchmarks and downstream tasks. We propose a collaborative adversarial prompt tuning (CoAPT) approach from pre-trained VLMs to target robust VLMs. Inspired by the image mask modeling, we adopt an improved real-time total variation algorithm to suppress and eliminate high-frequency details from images while preserving edge structures, thereby disrupting the adversarial perturbation space. Subsequently, guided by the high-level image and text representations in the latent space of the pre-trained VLMs, the corrupted natural features are restored while inheriting the superior generalization capability. Experiments on four benchmarks demonstrate that CoAPT achieves an excellent trade-off among natural generalization, adversarial robustness, and task-specific adaptation compared to state-of-the-art methods.","{""adversarial_core"": [""Ms) exhibit significant vulnerability to imperceptible adversarial perturbations. Current advanced defense strategies typically employ""], ""vision_context"": [""re-trained VLMs to target robust VLMs. Inspired by the image mask modeling, we adopt an improved real-time total va"", ""Learning Robust Vision-Language Models from Natural Latent Spaces Pre-trained""]}",{},https://openreview.net/pdf/e8595a31cf77a217d9396e59495cf5cba4c01d8e.pdf,https://openreview.net/forum?id=7G9YKty2UZ,True,neurips2025_papers.json
neurips2025_papers:5302,NEURIPS,2025,M-Attack-V2: Pushing the Frontier of Black-Box LVLM Attacks via Fine-Grained Detail Targeting,7,C-Foundation,adversarial_core;vision_context,"Black-box adversarial attacks on Large Vision–Language Models (LVLMs) present unique challenges due to the absence of gradient access and complex multimodal decision boundaries. While prior \texttt{M-Attack} demonstrated notable success with exceeding 90\% attack success rate on GPT‑4o/o1/4.5 by leveraging local crop-level matching between source and target data, we show this strategy introduces high-variance gradient estimates. Specifically, we empirically find that gradients computed over randomly sampled local crops are nearly orthogonal, violating the implicit assumption of coherent local alignment and leading to unstable optimization. To address this, we propose a theoretically grounded {\bf \em gradient denoising} framework that redefines the adversarial objective as an expectation over local transformations. Our first component, \emph{Multi-Crop Alignment (MCA)}, estimates the expected gradient by averaging gradients across diverse, independently sampled local transformations. This manner significantly reduces gradient variance, thus enhancing convergence stability. Recognizing an asymmetry in the roles of source and target transformations, we also introduce \emph{Auxiliary Target Alignment (ATA)}. ATA regularizes the optimization by aligning the adversarial example not only with the primary target image but also with auxiliary samples drawn from a semantically correlated distribution. This constructs a smooth semantic trajectory in the embedding space, acting as a low-variance regularizer over the target distribution. Finally, we reinterpret prior momentum as replay through the lens of local matching as variance-minimizing estimators under the crop-transformed objective landscape. Momentum replay stabilizes and amplifies transferable perturbations by maintaining gradient directionality across local perturbation manifolds. Together, MCA, ATA, momentum replay, and a delicately selected ensemble set constitute \texttt{M-Attack-V2}, a principled framework for robust black-box LVLM attack. Empirical results show that our framework improves the attack success rate on GPT‑4o from {\bf 95\%$\rightarrow$99\%}, on Claude-3.7, and on Gemini-2.5-Pro from {\bf 83\%$\rightarrow$97\%}, significantly surpassing all existing black-box LVLM attacking methods.","{""adversarial_core"": [""LM Attacks via Fine-Grained Detail Targeting Black-box adversarial attacks on Large Vision–Language Models (LVLMs) present unique""], ""vision_context"": [""e adversarial example not only with the primary target image but also with auxiliary samples drawn from a semantica"", ""etail Targeting Black-box adversarial attacks on Large Vision–Language Models (LVLMs) present unique challenges due""]}",{},https://openreview.net/pdf/2d85d8329d4d298777d2da06dbb8ad02ff97b789.pdf,https://openreview.net/forum?id=vpzXyUoN8J,True,neurips2025_papers.json
neurips2025_papers:4401,NEURIPS,2025,MEIcoder: Decoding Visual Stimuli from Neural Activity by Leveraging Most Exciting Inputs,7,C-Foundation,adversarial_core;vision_context,"Decoding visual stimuli from neural population activity is crucial for understanding the brain and for applications in brain-machine interfaces. However, such biological data is often scarce, particularly in primates or humans, where high-throughput recording techniques, such as two-photon imaging, remain challenging or impossible to apply. This, in turn, poses a challenge for deep learning decoding techniques. To overcome this, we introduce MEIcoder, a biologically informed decoding method that leverages neuron-specific most exciting inputs (MEIs), a structural similarity index measure loss, and adversarial training. MEIcoder achieves state-of-the-art performance in reconstructing visual stimuli from single-cell activity in primary visual cortex (V1), especially excelling on small datasets with fewer recorded neurons. Using ablation studies, we demonstrate that MEIs are the main drivers of the performance, and in scaling experiments, we show that MEIcoder can reconstruct high-fidelity natural-looking images from as few as 1,000-2,500 neurons and less than 1,000 training data points. We also propose a unified benchmark with over 160,000 samples to foster future research. Our results demonstrate the feasibility of reliable decoding in early visual system and provide practical insights for neuroscience and neuroengineering applications.","{""adversarial_core"": [""MEIs), a structural similarity index measure loss, and adversarial training. MEIcoder achieves state-of-the-art performance in rec""], ""vision_context"": [""MEIcoder can reconstruct high-fidelity natural-looking images from as few as 1,000-2,500 neurons and less than 1,000"", ""MEIcoder: Decoding Visual Stimuli from Neural Activity by Leveraging Most Exciti""]}",{},https://openreview.net/pdf/9f8c7573cd1a31bfad5993d13c15a5fd83dd9b0a.pdf,https://openreview.net/forum?id=V3WQoshcZe,True,neurips2025_papers.json
neurips2025_papers:1450,NEURIPS,2025,MIP against Agent: Malicious Image Patches Hijacking Multimodal OS Agents,7,C-Foundation,adversarial_core;vision_context,"Recent advances in operating system (OS) agents have enabled vision-language models (VLMs) to directly control a user’s computer. Unlike conventional VLMs that passively output text, OS agents autonomously perform computer-based tasks in response to a single user prompt. OS agents do so by capturing, parsing, and analysing screenshots and executing low-level actions via application programming interfaces (APIs), such as mouse clicks and keyboard inputs. This direct interaction with the OS significantly raises the stakes, as failures or manipulations can have immediate and tangible consequences. In this work, we uncover a novel attack vector against these OS agents: Malicious Image Patches (MIPs), adversarially perturbed screen regions that, when captured by an OS agent, induce it to perform harmful actions by exploiting specific APIs. For instance, a MIP can be embedded in a desktop wallpaper or shared on social media to cause an OS agent to exfiltrate sensitive user data. We show that MIPs generalise across user prompts and screen configurations, and that they can hijack multiple OS agents even during the execution of benign instructions. These findings expose critical security vulnerabilities in OS agents that have to be carefully addressed before their widespread deployment.","{""adversarial_core"": [""widespread deployment. OS agents LLM VLM api tool use adversarial attack adversarial images malicious image patches MIP robustn""], ""vision_context"": [""MIP against Agent: Malicious Image Patches Hijacking Multimodal OS Agents Recent advances"", ""advances in operating system (OS) agents have enabled vision-language models (VLMs) to directly control a user’s co""]}",{},https://openreview.net/pdf/b23512b51a08a421abb91b3536a29c5eb3bd5168.pdf,https://openreview.net/forum?id=ToNRHqX6xq,True,neurips2025_papers.json
iclr2026_papers:2864,ICLR,2026,"Misaligned Roles, Misplaced Images: Structural Input Perturbations Expose Multimodal Alignment Blind Spots",7,C-Foundation,adversarial_core;vision_context,"Multimodal Language Models (MMLMs) typically undergo post-training alignment to prevent harmful content generation. However, these alignment stages focus primarily on the *assistant* role, leaving the *user* role unaligned, and sticking to a fixed input prompt structure of special tokens, making the model vulnerable when inputs deviate from these expectations. We introduce Role-Modality Attacks (RMA), a novel class of adversarial attacks that exploit role confusion between the *user* and *assistant* and alter the position of the *image* token to elicit harmful outputs. Unlike existing attacks that modify query content, RMAs manipulate the input structure without altering the query itself. We systematically evaluate these attacks across multiple Vision Language Models (VLMs) on eight distinct settings, showing that they can be composed to create stronger adversarial prompts, as also evidenced by their increased projection in the negative refusal direction in the residual stream, a property observed in prior successful attacks. Finally, for mitigation, we propose an adversarial training approach that makes the model robust against input prompt perturbations. By training the model on a range of harmful and benign prompts all perturbed with different RMA settings, the model loses its sensitivity to Role Confusion and Modality Manipulation attacks and is trained to only pay attention to the query content in the input prompt structure, effectively reducing Attack Success Rate (ASR) while preserving the model’s general utility.","{""adversarial_core"": [""ntroduce Role-Modality Attacks (RMA), a novel class of adversarial attacks that exploit role confusion between the *user* and *as""], ""vision_context"": [""Misaligned Roles, Misplaced Images: Structural Input Perturbations Expose Multimodal Alig"", ""systematically evaluate these attacks across multiple Vision Language Models (VLMs) on eight distinct settings, sho""]}",{},https://openreview.net/pdf/5d116e88aebe467f29b8e1640c441d0cd1d7f96e.pdf,https://openreview.net/forum?id=HRkrWi3FWP,True,iclr2026_papers.json
neurips2025_papers:2397,NEURIPS,2025,MixAT: Combining Continuous and Discrete Adversarial Training for LLMs,7,C-Foundation,adversarial_core;discrete_worst_case,"Despite recent efforts in Large Language Model (LLM) safety and alignment, current adversarial attacks on frontier LLMs can still consistently force harmful generations. Although adversarial training has been widely studied and shown to significantly improve the robustness of traditional machine learning models, its strengths and weaknesses in the context of LLMs are less understood. Specifically, while existing discrete adversarial attacks are effective at producing harmful content, training LLMs with concrete adversarial prompts is often computationally expensive, leading to reliance on continuous relaxations. At the same time, despite their effectiveness and generalization capabilities, training with continuous perturbations does not always capture the full spectrum of vulnerabilities exploited by discrete attacks. In this work, we aim to bridge this gap by introducing MIXAT, a novel method that combines stronger discrete and faster continuous attacks during training. We rigorously evaluate MIXAT across a wide spectrum of state-of-the-art attacks, proposing the *At Least One Attack Success Rate* (ALO-ASR) metric to capture the worst-case vulnerability of models. We show MIXAT achieves substantially better robustness (ALO-ASR $< 20\%$) compared to prior defenses (ALO-ASR $> 50\%$), while maintaining a runtime comparable to methods based on continuous relaxations. We further analyze MIXAT in realistic deployment settings, exploring how chat templates, quantization, low-rank adapters, and temperature affect both adversarial training and evaluation, revealing additional blind spots in current methodologies. Our results demonstrate that MIXAT discrete-continuous defense offers a principled and superior robustness-accuracy tradeoff with minimal computational overhead, highlighting its promise for building safer LLMs. We provide our code and models at https://github.com/insait-institute/MixAT.","{""adversarial_core"": [""MixAT: Combining Continuous and Discrete Adversarial Training for LLMs Despite recent efforts in Large Language Mode""], ""discrete_worst_case"": [""MixAT: Combining Continuous and Discrete Adversarial Training for LLMs Despite recent efforts in Large Language Mode""]}","{""non_vision_domain"": [""dversarial Training for LLMs Despite recent efforts in Large Language Model (LLM) safety and alignment, current adversarial attack"", ""ining Continuous and Discrete Adversarial Training for LLMs Despite recent efforts in Large Language Model (LLM) s""]}",https://openreview.net/pdf/912fee2be52f0ed3af1bb5bbea228cf3b4a8739c.pdf,https://openreview.net/forum?id=NG7kM4wxaN,True,neurips2025_papers.json
cvpr2026_papers:3974,CVPR,2026,Multi-Paradigm Collaborative Adversarial Attack Against Multi-Modal Large Language Models,7,C-Foundation,adversarial_core;vision_context,"The rapid progress of Multi-Modal Large Language Models (MLLMs) has significantly advanced downstream applications.However, transferable adversarial threats are thus exposed in the public community.In general, existing adversarial attacks against MLLMs typically rely on surrogate models trained within a single learning paradigm and perform independent optimisation in their respective feature spaces.This straightforward setting naturally restricts the richness of feature representations, delivering limits on the search space and thus impeding the diversity of adversarial perturbations.To address this, we propose a novel Multi-Paradigm Collaborative Attack (MPCAttack) framework to boost the transferability of adversarial examples against MLLMs.In principle, MPCAttack aggregates semantic representations, from both visual images and language texts, to facilitate joint adversarial optimisation on the aggregated features through a Multi-Paradigm Collaborative Optimisation (MPCO) strategy.By performing contrastive matching on multi-paradigm features, MPCO adaptively balances the importance of different paradigm representations and guides the global perturbation optimisation, effectively alleviating the representation bias.Extensive experimental results on multiple benchmarks demonstrate the superiority of MPCAttack, indicating that our solution consistently outperforms state-of-the-art methods in both targeted and untargeted attacks on open-source and closed-source MLLMs.The code will be released here.","{""adversarial_core"": [""Multi-Paradigm Collaborative Adversarial Attack Against Multi-Modal Large Language Models The rapid pr""], ""vision_context"": [""aggregates semantic representations, from both visual images and language texts, to facilitate joint adversarial op"", ""CAttack aggregates semantic representations, from both visual images and language texts, to facilitate joint adversa""]}",{},https://openaccess.thecvf.com/content/CVPR2026/papers/Li_Multi-Paradigm_Collaborative_Adversarial_Attack_Against_Multi-Modal_Large_Language_Models_CVPR_2026_paper.pdf,https://cvpr.thecvf.com/virtual/2026/poster/36337,True,cvpr2026_papers.json
iclr2026_papers:4117,ICLR,2026,On Robustness of Vision-Language-Action Model against Multi-Modal Perturbations,7,C-Foundation,adversarial_core;vision_context,"In Vision–Language–Action (VLA) models, robustness to real-world perturbations is critical for deployment. Existing methods target simple visual disturbances, overlooking the broader multi-modal perturbations that arise in actions, instructions, environments, and observations. Here, we first evaluate the robustness of mainstream VLAs under 17 perturbations across four modalities. We find (1) actions as the most fragile modality, (2) Existing visual-robust VLA do not gain robustness in other modality, and (3) $\pi_0$ demonstrates superior robustness. To build multi-modal robust VLAs, we propose RobustVLA against perturbations in VLA inputs and outputs. For output robustness, we perform offline robust optimization against worst-case action noise that maximizes mismatch in flow matching objective. This can be seen as adversarial training, label smoothing, and outlier penalization. For input robustness, we enforce consistent actions across input variations that preserve task semantics. To account for multiple perturbations, we formulate robustness as a multi-armed bandit problem and apply an upper confidence bound algorithm to automatically identify the most harmful noise. Experiments on LIBERO demonstrate our RobustVLA delivers absolute gains over baselines of 12.6\% on the $\pi_0$ backbone and 10.4\% on the OpenVLA backbone across all 17 perturbations, achieving 50.6x faster inference than existing visual-robust BYOVLA that requires external LLMs, and a 10.4\% gain under mixed perturbations. On the real-world FR5 robot, under four types of multimodal perturbations, RobustVLA shows strong low-data performance, outperforming $\pi_0$ by $65.6\%$ success rate with 25 demonstrations. Even with abundant demos, our method still outperform $\pi_0$ by 30\% success rate. Code and demo videos available at https://github.com/gakakulicc/RobustVLA.","{""adversarial_core"": [""smatch in flow matching objective. This can be seen as adversarial training, label smoothing, and outlier penalization. For input""], ""vision_context"": [""On Robustness of Vision-Language-Action Model against Multi-Modal Perturbation"", ""ritical for deployment. Existing methods target simple visual disturbances, overlooking the broader multi-modal pert""]}",{},https://openreview.net/pdf/1a7ccf3689f02fc0d8e5450a0f1683d24b38bfc3.pdf,https://openreview.net/forum?id=cS6xizdYD5,True,iclr2026_papers.json
iclr2026_papers:5865,ICLR,2026,On the Adversarial Robustness of Discrete Image Tokenizers,7,C-Foundation,adversarial_core;vision_context,"Discrete image tokenizers encode visual inputs in a sequence of tokens from a finite vocabulary. Pre-trained tokenizers, typically trained together with a decoder for image reconstruction, are an increasingly popular alternative to CLIP image encoders for multimodal systems, including encoder-only, encoder-decoder and decoder-only models. However, unlike CLIP encoders, their vulnerability to adversarial attacks has not been explored. Ours being the first work studying this topic, we first formulate attacks that aim to perturb the features extracted by discrete tokenizers, and thus change the extracted tokens. Since the attacks target only the image encoding, they are computationally efficient, agnostic of the downstream application, and effective on classification, multimodal retrieval and captioning tasks. Second, to defend against this vulnerability, inspired by recent work on robust CLIP encoders, we fine-tune popular tokenizers with unsupervised adversarial training, while keeping all other components frozen. While unsupervised and task-agnostic, our approach significantly improves robustness to both unsupervised and end-to-end attacks. Unlike standard supervised adversarial training, our method can generalize well to unseen tasks and data while also being able to directly leverage any amount of unlabeled images. Overall, our work demonstrates that the resistance of image tokenizers to adversarial attacks strongly impacts the robustness in downstream tasks, and presents an important step in developing generalizable and safe multimodal foundation models.","{""adversarial_core"": [""On the Adversarial Robustness of Discrete Image Tokenizers Discrete image tokenizers""], ""vision_context"": [""On the Adversarial Robustness of Discrete Image Tokenizers Discrete image tokenizers encode visual inp"", ""rete Image Tokenizers Discrete image tokenizers encode visual inputs in a sequence of tokens from a finite vocabular""]}",{},https://openreview.net/pdf/d8e1e039624d9ef857185ec8a963fe40dda40845.pdf,https://openreview.net/forum?id=4ihxXIakoY,True,iclr2026_papers.json
iclr2026_papers:8109,ICLR,2026,"One Snapshot, Many Clues: Inverse Protocol Prediction from Single-View Spheroid Images",7,C-Foundation,adversarial_core;classification_context;vision_context,"Understanding how experimental protocols shape spheroid morphology is crucial for advancing 3D cell culture research, yet reconstructing these conditions from imaging alone has remained elusive. We used deep learning frameworks which are able to infer the full experimental protocol including cell line, medium, seeding density, timepoint, formation method, microscope, and magnification from a single bright-field spheroid image. Using the SLiMIA dataset of ~8,000 annotated images spanning diverse culture conditions, we cast this as a structured multi-label prediction task and benchmarked a spectrum of models, from CNNs and transformers to hybrid and dependency-aware architectures. Our approach integrates segmentation for morphology extraction, domain-adversarial training, and morphologically informed augmentation to improve robustness across imaging setups. Results show an average accuracy of 95.23% across protocol components, with hybrid models such as CoAtNet excelling in balancing efficiency and accuracy, while feature-augmented and hierarchical models contribute interpretability and consistency. Grad-CAM analyses confirm that predictions rely on biologically meaningful features (e.g., compactness, necrotic core structure), while highlighting dataset-driven artifacts in replicate and magnification tasks.","{""adversarial_core"": [""egrates segmentation for morphology extraction, domain-adversarial training, and morphologically informed augmentation to improve""], ""vision_context"": [""Inverse Protocol Prediction from Single-View Spheroid Images Understanding how experimental protocols shape spheroi""], ""classification_context"": [""iction task and benchmarked a spectrum of models, from CNNs and transformers to hybrid and dependency-aware archit""]}",{},https://openreview.net/pdf/72c727e53f740b49fdc1171b75d936ab32579b94.pdf,https://openreview.net/forum?id=hqHu9qLfK8,True,iclr2026_papers.json
cvpr2026_papers:454,CVPR,2026,One-Step Diffusion Transformer for Controllable Real-World Image Super-Resolution,7,C-Foundation,adversarial_core;vision_context,"Recent advances in diffusion-based real-world image super-resolution (Real-ISR) have demonstrated remarkable perceptual quality, yet the balance between fidelity and controllability remains a problem: multi-step diffusion-based methods suffer from generative diversity and randomness, resulting in low fidelity, while one-step methods lose control flexibility due to fidelity-specific finetuning. In this paper, we present ODTSR, a one-step diffusion transformer based on Qwen-Image that performs Real-ISR considering fidelity and controllability simultaneously: a newly introduced visual stream receives low-quality images (LQ) with adjustable noise (Control Noise), and the original visual stream receives LQs with consistent noise (Prior Noise), forming the Noise-hybrid Visual Stream (NVS) design. ODTSR further employs Fidelity-aware Adversarial Training (FAA) to enhance controllability and achieve one-step inference. Extensive experiments demonstrate that ODTSR not only achieves state-of-the-art (SOTA) performance on generic Real-ISR, but also enables prompt controllability on challenging scenarios such as real-world scene text image super-resolution (STISR) of Chinese characters without training on specific datasets.","{""adversarial_core"": [""eam (NVS) design. ODTSR further employs Fidelity-aware Adversarial Training (FAA) to enhance controllability and achieve one-step""], ""vision_context"": [""Step Diffusion Transformer for Controllable Real-World Image Super-Resolution Recent advances in diffusion-based re"", ""and controllability simultaneously: a newly introduced visual stream receives low-quality images (LQ) with adjustabl""]}",{},https://openaccess.thecvf.com/content/CVPR2026/papers/Fang_One-Step_Diffusion_Transformer_for_Controllable_Real-World_Image_Super-Resolution_CVPR_2026_paper.pdf,https://cvpr.thecvf.com/virtual/2026/poster/37372,True,cvpr2026_papers.json
iclr2026_papers:6852,ICLR,2026,One-step Optimal Transport via Regularized Distribution Matching Distillation,7,C-Foundation,adversarial_core;vision_context,"Unpaired domain translation remains a challenging task due to the need of finding a balance between faithfulness and realism. Diffusion-based methods for unpaired translation typically excel at realism, but require numerous inference steps and tend to offer suboptimal input-output alignment. Many of the optimal transport (OT) based methods, on the other hand, offer efficient few-step inference and reach superior input-output alignment, but heavily rely on adversarial training and inherit its shortcomings. In this paper, we propose a method called Regularized Distribution Matching Distillation (RDMD), which combines the best of both worlds. It replaces the adversarial training with diffusion-based distribution matching, addressing the typical shortcomings of OT methods and providing a strong initialization for the trained models. RDMD maintains the advantages of the OT methods by providing one-step inference and explicitly controlling the input-output faithfulness via regularization of the transport cost. We prove that in theory RDMD approximates the OT map and demonstrate its empirical performance on several tasks, including unpaired image-to-image translation in pixel and latent space and unpaired text detoxification. Empirical results show that RDMD achieves a comparable or better faithfulness-realism trade-off compared to the diffusion and OT-based baselines.","{""adversarial_core"": [""h superior input-output alignment, but heavily rely on adversarial training and inherit its shortcomings. In this paper, we propos""], ""vision_context"": [""rical performance on several tasks, including unpaired image-to-image translation in pixel and latent space and unp"", ""asks, including unpaired image-to-image translation in pixel and latent space and unpaired text detoxification. Emp""]}",{},https://openreview.net/pdf/9ef64c40c29780d04ad60cfb74cdced0571f8a55.pdf,https://openreview.net/forum?id=foWHXC8MeT,True,iclr2026_papers.json
cvpr2026_papers:3349,CVPR,2026,PA-Attack: Guiding Gray-Box Attacks on LVLM Vision Encoders with Prototypes and Attention,7,C-Foundation,adversarial_core;vision_context,"Large Vision–Language Models (LVLMs) are foundational to modern multimodal applications, yet their susceptibility to adversarial attacks remains a critical concern. Prior white-box attacks rarely generalize across tasks, and black-box methods depend on expensive transfer, which limits efficiency. The vision encoder, standardized and often shared across LVLMs, provides a stable gray-box pivot with strong cross-model transfer. Building on this premise, we introduce PA-Attack (Prototype-Anchored Attentive Attack). PA-Attack begins with a prototype-anchored guidance that provides a stable attack direction towards a general and dissimilar prototype, tackling the attribute-restricted issue and limited task generalization of vanilla attacks. Building on this, we propose a two-stage attention enhancement mechanism: (i) leverage token‑level attention scores to concentrate perturbations on critical visual tokens, and (ii) adaptively recalibrate attention weights to track the evolving attention during the adversarial process. Extensive experiments across diverse downstream tasks and LVLM architectures show that PA‑Attack achieves an average 75.1% score reduction rate (SRR), demonstrating strong attack effectiveness, efficiency, and task generalization in LVLMs.","{""adversarial_core"": [""n multimodal applications, yet their susceptibility to adversarial attacks remains a critical concern. Prior white-box attacks ra""], ""vision_context"": [""PA-Attack: Guiding Gray-Box Attacks on LVLM Vision Encoders with Prototypes and Attention Large Vision–La"", ""ention scores to concentrate perturbations on critical visual tokens, and (ii) adaptively recalibrate attention weig""]}",{},,https://cvpr.thecvf.com/virtual/2026/poster/37222,True,cvpr2026_papers.json
iclr2026_papers:706,ICLR,2026,Pay Less Attention to Function Words for Free Robustness of Vision-Language Models,7,C-Foundation,adversarial_core;vision_context,"To address the trade-off between robustness and performance for robust VLM, we observe that function words could incur vulnerability of VLMs against cross-modal adversarial attacks, and propose Function-word De-Attention (FDA) accordingly to mitigate the vulnerability brought by function words. Inspired by differential transformers, our FDA calculates the original and the function-word cross-attention within attention heads, and differentially subtracts the latter from the former for more robust alignment. Comprehensive experiments include 2 SOTA baselines under 6 different attacks on 2 downstream tasks, 3 datasets, and 3 models. Overall, our FDA yields an average 18/13/53\% ASR drop with only 0.2/0.3/0.6\% performance drops on the 3 tested models on retrieval, and a 90\% ASR drop with a 0.3\% performance gain on visual grounding. We demonstrate the scalability, generalization, and zero-shot performance of FDA experimentally, as well as in-depth ablation studies and analysis. Code is available at https://github.com/michaeltian108/FDA.","{""adversarial_core"": [""could incur vulnerability of VLMs against cross-modal adversarial attacks, and propose Function-word De-Attention (FDA) accordin""], ""vision_context"": [""ess Attention to Function Words for Free Robustness of Vision-Language Models To address the trade-off between robus"", "", and a 90\\% ASR drop with a 0.3\\% performance gain on visual grounding. We demonstrate the scalability, generalizat""]}",{},https://openreview.net/pdf/bb1ac562bf06924270cd649bd739bfb5a11c79f6.pdf,https://openreview.net/forum?id=4K2NNr9W5C,True,iclr2026_papers.json
neurips2025_papers:124,NEURIPS,2025,Poison as Cure: Visual Noise for Mitigating Object Hallucinations in LVMs,7,C-Foundation,adversarial_core;vision_context,"Large vision-language models (LVMs) extend large language models (LLMs) with visual perception capabilities, enabling them to process and interpret visual information. A major challenge compromising their reliability is object hallucination that LVMs may generate plausible but factually inaccurate information. We propose a novel \textit{visual adversarial perturbation (VAP)} method to mitigate this hallucination issue. VAP alleviates LVM hallucination by applying strategically optimized visual noise without altering the base model. Our approach formulates hallucination suppression as an optimization problem, leveraging adversarial strategies to generate beneficial visual perturbations that enhance the model's factual grounding and reduce parametric knowledge bias. Extensive experimental results demonstrate that our method consistently reduces object hallucinations across 8 state-of-the-art LVMs, validating its efficacy across diverse evaluations.","{""adversarial_core"": [""ccurate information. We propose a novel \\textit{visual adversarial perturbation (VAP)} method to mitigate this hallucination issue. VA""], ""vision_context"": [""ise for Mitigating Object Hallucinations in LVMs Large vision-language models (LVMs) extend large language models (L"", ""Poison as Cure: Visual Noise for Mitigating Object Hallucinations in LVMs Lar""]}",{},https://openreview.net/pdf/b3f409e30b3f9fd8f5178bb1fc6eef27b79ff546.pdf,https://openreview.net/forum?id=quKHZ3fcgx,True,neurips2025_papers.json
iclr2026_papers:6948,ICLR,2026,Q-STRONG: Quantum-Statistical Robustness with Noise-Guarded Dynamics for Learning,7,C-Foundation,adversarial_core;classification_context;vision_context,"State-of-the-art learners remain fragile under heavy-tailed noise, adversarial perturbations and decoherence. We propose \emph{Q-STRONG}, a quantum–statistical framework for certified robust learning that uses the spectral structure of a learned state representation as a stability signal. Inputs are embedded into a normalized quantum state space, and a task-aligned Hamiltonian induces a low-energy representation whose spectral gap $\Delta_\theta(x)$ quantifies local stability. This gap steers both training and certification: during optimization, robust losses and quantile-based clipping reduce gradient tail effects; at inference, a gap-adaptive randomized smoothing scheme chooses the noise level $\sigma(x)=\kappa \Delta_\theta(x)^{-\beta}$, yielding larger certified $\ell_2$ radii exactly where the representation is stable. We provide non-asymptotic guarantees for quantile-clipped robust SGD, stability-based generalization bounds with improved effective smoothness, and gap-adaptive extensions of randomized-smoothing certificates tied to $\Delta_\theta(x)$. Empirically, Q-STRONG attains a favorable accuracy–robustness frontier on MNIST and CIFAR-10 under label noise and common corruptions, and on synthetic manifolds that stress intrinsic dimension and outliers, while adding modest overhead and thus offers a practical, theoretically grounded route to certified, noise-resilient learning.","{""adversarial_core"": [""-art learners remain fragile under heavy-tailed noise, adversarial perturbations and decoherence. We propose \\emph{Q-STRONG}, a quantum""], ""vision_context"": [""a favorable accuracy–robustness frontier on MNIST and CIFAR-10 under label noise and common corruptions, and on synth""], ""classification_context"": [""a favorable accuracy–robustness frontier on MNIST and CIFAR-10 under label noise and common corruptions, and on synth""]}",{},https://openreview.net/pdf/536331a318cde14cf64f21e3b8b616fa99830964.pdf,https://openreview.net/forum?id=SHvKYHkS43,True,iclr2026_papers.json
cvpr2026_papers:211,CVPR,2026,R^2TUA: Reconstruction-residual Based Targeted and Untargeted Attack Against Text-Image Person Re-Identification,7,C-Foundation,adversarial_core;vision_context,"Text-Image Person Re-Identification (TI-ReID) models are widely deployed in intelligent surveillance.Built on deep neural networks and vision–language models, TI-ReID models inherit their vulnerability to adversarial attacks, posing potential security risks.Yet their security issues have received far less attention than retrieval accuracy, and the robustness of TI-ReID to adversarial attacks remains largely unexplored.To fill this gap, we propose Reconstruction-residual based Targeted and Untargeted Attack (R$^2$TUA), which takes an image and an adversarial text prompt as input and generates perturbations that make TI-ReID models incorrectly match the perturbed image to the identity described by the adversarial prompt.To precisely inject identity attributes into perturbations and achieve fine-grained targeted attack, R$^2$TUA proposes Transformer-based Gradual Multimodal Fusion (TGMF) that fuses image and adversarial prompt progressively across layers with tunable cross-modal weight.In addition, we propose a fully differentiable Soft Clamp Function (SCF), which enables us to ensure perturbations remain inconspicuous while avoiding local gradient vanishing effects that would trap training into suboptimal local minima.To further align perturbed images with the adversarial text descriptions while leading them to mismatch their original descriptions, R$^2$TUA employs Push-Pull Losses (PPLs) and matching losses during training.Extensive evaluations across multiple datasets and models demonstrate the superior untargeted attack and targeted attack performance of R$^2$TUA. It also exhibits strong adaptability and transferability against black-box models, outperforming all related attacks across multiple tasks.","{""adversarial_core"": [""models, TI-ReID models inherit their vulnerability to adversarial attacks, posing potential security risks.Yet their security is""], ""vision_context"": [""dual Based Targeted and Untargeted Attack Against Text-Image Person Re-Identification Text-Image Person Re-Identifi"", ""lligent surveillance.Built on deep neural networks and vision–language models, TI-ReID models inherit their vulnerab""]}",{},https://openaccess.thecvf.com/content/CVPR2026/papers/Wang_R2TUA_Reconstruction-residual_Based_Targeted_and_Untargeted_Attack_Against_Text-Image_Person_CVPR_2026_paper.pdf,https://cvpr.thecvf.com/virtual/2026/poster/37973,True,cvpr2026_papers.json
iclr2026_papers:4387,ICLR,2026,Reducing information dependency does not cause training data privacy. Adversarially non-robust features do.,7,C-Foundation,adversarial_core;vision_context,"In this paper, we challenge the prevailing view that information dependency (including rote memorization) drives training data exposure to image reconstruction attacks. We show that extensive exposure can persist without rote memorization and is instead caused by a tunable connection to adversarial robustness. We begin by presenting three surprising results: (1) recent defenses that inhibit reconstruction by Model Inversion Attacks (MIAs), which evaluate leakage under an idealized attacker, do not reduce standard measures of information dependency (HSIC); (2) models that maximally memorize their training datasets remain robust to MIA reconstruction; and (3) models trained without seeing 97% of the training pixels, where recent information-theoretic bounds give arbitrarily strong privacy guarantees under standard assumptions, can still be devastatingly reconstructed by MIA. To explain these findings, we provide causal evidence that privacy under MIA arises from what the adversarial examples literature calls ""non-robust"" features (generalizable but imperceptible and unstable features). We further show that recent MIA defenses obtain their privacy improvements by unintentionally shifting models toward such features. To establish this causal relationship, we introduce **A**n**t**i **A**dversarial **T**raining (**AT-AT**), a training regime that intentionally learns non-robust features to obtain both superior reconstruction defense and higher accuracy than state-of-the-art defenses. Our results revise the prevailing understanding of training data exposure and reveal a new privacy-robustness tradeoff.","{""adversarial_core"": [""ation and is instead caused by a tunable connection to adversarial robustness. We begin by presenting three surprising results: (1)""], ""vision_context"": [""ng rote memorization) drives training data exposure to image reconstruction attacks. We show that extensive exposur"", ""(3) models trained without seeing 97% of the training pixels, where recent information-theoretic bounds give arbitr""]}",{},https://openreview.net/pdf/df21dc2ab545f3298d9a566108437442270fba77.pdf,https://openreview.net/forum?id=BnEG8pn3pK,True,iclr2026_papers.json
cvpr2026_papers:4312,CVPR,2026,ReMoE: Region-Mixture Experts for Adversarially-Robust Vision Transformers,7,C-Foundation,adversarial_core;vision_context,"Vision Transformers (ViTs) achieve state-of-the-art performance on a wide range of vision tasks, yet they remain highly vulnerable to adversarial perturbations due to the lack of explicit region-level semantic modeling. Adversarial perturbations are typically local and spatially structured, whereas the globally coupled self-attention and spatially uniform feed-forward networks in ViTs propagate local corruptions across the whole image without enforcing consistency within semantically coherent regions. To mitigate this mismatch, we propose Region-aware Mixture-of-Experts, namely ""ReMoE"", a plug-and-play module that replaces the standard feed-forward network (FFN) with a region-aware expert layer. Specifically, our ReMoE strategically introduces multi-granularity experts (i.e., global, center, and regional) and couples them with an attention-guided routing mechanism that operates on patch-to-region (P2R) and region-to-patch (R2P) transformations. This mechanism adaptively activates the most relevant experts for each spatial location according to its attention profile, enabling the model to capture region-level semantics and local context while preserving global consistency, thereby providing a stronger inductive bias for adversarially robust ViT representations. Extensive experiments demonstrate that our ReMoE substantially improves the adversarial robustness of ViTs with only marginal additional computational cost.","{""adversarial_core"": [""of vision tasks, yet they remain highly vulnerable to adversarial perturbations due to the lack of explicit region-level semantic mode""], ""vision_context"": [""s in ViTs propagate local corruptions across the whole image without enforcing consistency within semantically cohe"", ""ReMoE: Region-Mixture Experts for Adversarially-Robust Vision Transformers Vision Transformers (ViTs) achieve state-""]}",{},https://openaccess.thecvf.com/content/CVPR2026/papers/Zhong_ReMoE_Region-Mixture_Experts_for_Adversarially-Robust_Vision_Transformers_CVPR_2026_paper.pdf,https://cvpr.thecvf.com/virtual/2026/poster/36410,True,cvpr2026_papers.json
cvpr2026_papers:2977,CVPR,2026,RevINN: An End-to-End Invertible Neural Network for Reversible Adversarial Examples Generation,7,C-Foundation,adversarial_core;vision_context,"Recent studies have shown that Reversible Adversarial Examples (RAE) can mislead unauthorized deep neural networks while remaining usable for authorized users, effectively preventing image data leakage. Existing RAE methods rely on reversibly embedding perturbation information into the original adversarial examples to enable restoration. However, this two-stage process often results in RAEs with inferior attack effectiveness and visual quality compared to the original versions. To solve these challenges, we propose a novel end-to-end Invertible Neural Network for Reversible Adversarial Examples Generation (RevINN), which directly generates RAEs in one stage by scrambling the intrinsic frequency information of images. Specifically, our RevINN consists of the Cross-Frequency Modulation Attack (CFMA) module and the High-Frequency Perturbation Enhancement (HFPE) module. CFMA selectively exchanges discriminative information between low- and high-frequency wavelet components to achieve adversariality. To fully alter high-frequency semantics, HFPE innovatively employs a tri-branch structure for fine-grained modulation among high-frequency subbands, enhancing perturbation strength. Finally, the modified components are recomposed into RAEs via the inverse wavelet transform. Our RevINN is optimized with adversarial, perceptual, and invertible losses, and can restore images based on the reversibility of the wavelet operations and network modules. Extensive experiments demonstrate that our RevINN achieves state-of-the-art RAE generation quality. The code will be released to the public.","{""adversarial_core"": [""An End-to-End Invertible Neural Network for Reversible Adversarial Examples Generation Recent studies have shown that Reversible A""], ""vision_context"": [""ng usable for authorized users, effectively preventing image data leakage. Existing RAE methods rely on reversibly"", ""results in RAEs with inferior attack effectiveness and visual quality compared to the original versions. To solve th""]}",{},https://openaccess.thecvf.com/content/CVPR2026/papers/Huang_RevINN_An_End-to-End_Invertible_Neural_Network_for_Reversible_Adversarial_Examples_CVPR_2026_paper.pdf,https://cvpr.thecvf.com/virtual/2026/poster/39022,True,cvpr2026_papers.json
icml2024_papers:1778,ICML,2024,Robust CLIP: Unsupervised Adversarial Fine-Tuning of Vision Embeddings for Robust Large Vision-Language Models,7,C-Foundation,adversarial_core;vision_context,"Multi-modal foundation models like OpenFlamingo, LLaVA, and GPT-4 are increasingly used for various real-world tasks. Prior work has shown that these models are highly vulnerable to adversarial attacks on the vision modality. These attacks can be leveraged to spread fake information or defraud users, and thus pose a significant risk, which makes the robustness of large multi-modal foundation models a pressing problem. The CLIP model, or one of its variants, is used as a frozen vision encoder in many large vision-language models (LVLMs), e.g. LLaVA and OpenFlamingo. We propose an unsupervised adversarial fine-tuning scheme to obtain a robust CLIP vision encoder, which yields robustness on all vision down-stream tasks (LVLMs, zero-shot classification) that rely on CLIP. In particular, we show that stealth-attacks on users of LVLMs by a malicious third party providing manipulated images are no longer possible once one replaces the original CLIP model with our robust one. No retraining or fine-tuning of the down-stream LVLMs is required. The code and robust models are available on GitHub.","{""adversarial_core"": [""k has shown that these models are highly vulnerable to adversarial attacks on the vision modality. These attacks can be leveraged""], ""vision_context"": [""LVLMs by a malicious third party providing manipulated images are no longer possible once one replaces the original"", ""Robust CLIP: Unsupervised Adversarial Fine-Tuning of Vision Embeddings for Robust Large Vision-Language Models Mul""]}",{},https://raw.githubusercontent.com/mlresearch/v235/main/assets/schlarmann24a/schlarmann24a.pdf,,True,icml2024_papers.json
neurips2025_papers:2272,NEURIPS,2025,Robustness in Both Domains: CLIP Needs a Robust Text Encoder,7,C-Foundation,adversarial_core;vision_context,"Adversarial input attacks can cause a significant shift of CLIP embeddings. This can affect the downstream robustness of models incorporating CLIP in the pipeline, such as text-to-image generative models or large vision language models. While some efforts have been done towards making the CLIP image encoders robust, the robustness of text encoders remains unexplored. In this work, we cover this gap in the literature. We propose LEAF: an efficient adversarial finetuning method for the text domain, with the ability to scale to large CLIP models. Our models significantly improve the zero-shot adversarial accuracy in the text domain, while maintaining the vision performance provided by robust image encoders. When combined with text-to-image diffusion models, we can improve the generation quality under adversarial noise. In multimodal retrieval tasks, LEAF improves the recall under adversarial noise over standard CLIP models. Finally, we show that robust text encoders facilitate better reconstruction of input text from its embedding via direct optimization. We open-source our code and models.","{""adversarial_core"": [""zation. We open-source our code and models. Multimodal Adversarial Robustness Robust Text Encoders CLIP Unsupervised Adversarial Fin""], ""vision_context"": [""ls incorporating CLIP in the pipeline, such as text-to-image generative models or large vision language models. Whi"", ""line, such as text-to-image generative models or large vision language models. While some efforts have been done tow""]}",{},https://openreview.net/pdf/7611141f224a3100b6a910cc00bfc15b42a5b399.pdf,https://openreview.net/forum?id=PspS5w3MC8,True,neurips2025_papers.json
iclr2026_papers:8457,ICLR,2026,RUB: Evaluating Residual Knowledge in Unlearned Models,7,C-Foundation,adversarial_core;vision_context,"Machine Unlearning (MUL) has emerged as a key mechanism for privacy protection and content regulation, yet current techniques often fail to guarantee the complete removal of sensitive information. While most existing works focus on verifying the execution of unlearning, they overlook the critical question of whether models remain robust against adversarial attempts to recover forgotten knowledge. In this work, we advocate for the principle of Robust Unlearning, which requires models to be both indistinguishable from retrained counterparts and resilient against diverse adversarial threats. To instantiate this principle, we propose a unified benchmark, RUB (Robust Unlearning Benchmark), that systematically evaluates the robustness of unlearning algorithms across classification, image-to-image reconstruction, and text-to-image synthesis. Within this framework, we introduce the Unlearning Mapping Attack (UMA) as a generalizable method to detect residual information, and demonstrate how existing attack strategies can be adapted into this framework as long as they conform to the generic UMA framework. Our experiments across discriminative and generative tasks reveal that state-of-the-art unlearning methods remain vulnerable under these evaluations, even when passing standard verification metrics. By positioning robustness as the central criterion and providing a benchmark for adversarial evaluation, we hope RUB paves the way toward more reliable and secure unlearning practices. The codebase and model checkpoints in RUB will be published.","{""adversarial_core"": [""Machine Unlearning Unlearning Robustness Benchmarking Adversarial Attacks"", ""verlook the critical question of whether models remain robust against adversarial attempts to recover forgotten knowledge. In this work,""], ""vision_context"": [""stness of unlearning algorithms across classification, image-to-image reconstruction, and text-to-image synthesis.""]}",{},https://openreview.net/pdf/000af02761874980a493a57cef1e9b0430dd5d7f.pdf,https://openreview.net/forum?id=vmQ02I4vxh,True,iclr2026_papers.json
cvpr2026_papers:3878,CVPR,2026,SEBA: Sample-Efficient Black-Box Attacks on Visual Reinforcement Learning,7,C-Foundation,adversarial_core;vision_context,"Visual reinforcement learning has achieved remarkable progress in visual control and robotics, but its vulnerability to adversarial perturbations remains underexplored. Most existing black-box attacks focus on vector-based or discrete-action RL, and their effectiveness on image-based continuous control is limited by the large action space and excessive environment queries. We propose SEBA, a sample-efficient framework for black-box adversarial attacks on visual RL agents. SEBA integrates a shadow Q model that estimates cumulative rewards under adversarial conditions, a generative adversarial network that produces visually imperceptible perturbations, and a world model that simulates environment dynamics to reduce real-world queries. Through a two-stage iterative training procedure that alternates between learning the shadow model and refining the generator, SEBA achieves strong attack performance while maintaining efficiency. Experiments on MuJoCo and Atari benchmarks show that SEBA significantly reduces cumulative rewards, preserves visual fidelity, and greatly decreases environment interactions compared to prior black-box and white-box methods. Our code is provided in the supplementary material.","{""adversarial_core"": [""visual control and robotics, but its vulnerability to adversarial perturbations remains underexplored. Most existing black-box attacks""], ""vision_context"": [""ased or discrete-action RL, and their effectiveness on image-based continuous control is limited by the large actio"", ""SEBA: Sample-Efficient Black-Box Attacks on Visual Reinforcement Learning Visual reinforcement learning h""]}",{},https://openaccess.thecvf.com/content/CVPR2026/papers/Huang_SEBA_Sample-Efficient_Black-Box_Attacks_on_Visual_Reinforcement_Learning_CVPR_2026_paper.pdf,https://cvpr.thecvf.com/virtual/2026/poster/36986,True,cvpr2026_papers.json
iclr2026_papers:4898,ICLR,2026,SeedVR2: One-Step Video Restoration via Diffusion Adversarial Post-Training,7,C-Foundation,adversarial_core;vision_context,"Recent advances in diffusion-based video restoration (VR) demonstrate significant improvement in visual quality, yet yield a prohibitive computational cost during inference. While several distillation-based approaches have exhibited the potential of one-step image restoration, extending existing approaches to VR remains challenging and underexplored, particularly when dealing with high-resolution video in real-world settings. In this work, we propose a one-step diffusion-based VR model, termed as SeedVR2, which performs adversarial VR training against real data. To handle the challenging high-resolution VR within a single step, we introduce several enhancements to both model architecture and training procedures. Specifically, an adaptive window attention mechanism is proposed, where the window size is dynamically adjusted to fit the output resolutions, avoiding window inconsistency observed under high-resolution VR using window attention with a predefined window size. To stabilize and improve the adversarial post-training towards VR, we further verify the effectiveness of a series of losses, including a proposed feature matching loss without significantly sacrificing training efficiency. Extensive experiments show that SeedVR2 can achieve comparable or even better performance compared with existing VR approaches in a single step.","{""adversarial_core"": [""pproaches in a single step. One-step Video Restoration Adversarial Training""], ""vision_context"": [""ed approaches have exhibited the potential of one-step image restoration, extending existing approaches to VR remai"", ""estoration (VR) demonstrate significant improvement in visual quality, yet yield a prohibitive computational cost du""]}",{},https://openreview.net/pdf/0d4a41768b54a76c9546723e8146dd9a26b2ef5f.pdf,https://openreview.net/forum?id=x1FRyko9eC,True,iclr2026_papers.json
icml2025_papers:1318,ICML,2025,Self-supervised Adversarial Purification for Graph Neural Networks,7,C-Foundation,adversarial_core;input_transform_compression,"Defending Graph Neural Networks (GNNs) against adversarial attacks requires balancing accuracy and robustness, a trade-off often mishandled by traditional methods like adversarial training that intertwine these conflicting objectives within a single classifier. To overcome this limitation, we propose a self-supervised adversarial purification framework. We separate robustness from the classifier by introducing a dedicated purifier, which cleanses the input data before classification. In contrast to prior adversarial purification methods, we propose GPR-GAE, a novel graph auto-encoder (GAE), as a specialized purifier trained with a self-supervised strategy, adapting to diverse graph structures in a data-driven manner. Utilizing multiple Generalized PageRank (GPR) filters, GPR-GAE captures diverse structural representations for robust and effective purification. Our multi-step purification process further facilitates GPR-GAE to achieve precise graph recovery and robust defense against structural perturbations. Experiments across diverse datasets and attack scenarios demonstrate the state-of-the-art robustness of GPR-GAE, showcasing it as an independent plug-and-play purifier for GNN classifiers. Our code can be found in https://github.com/woodavid31/GPR-GAE.","{""adversarial_core"": [""etworks Defending Graph Neural Networks (GNNs) against adversarial attacks requires balancing accuracy and robustness, a trade-of""], ""input_transform_compression"": [""Self-supervised Adversarial Purification for Graph Neural Networks Defending Graph Neural Netwo""]}","{""non_vision_domain"": [""Self-supervised Adversarial Purification for Graph Neural Networks Defending Graph Neural Networks (GNNs) against adversa""]}",https://raw.githubusercontent.com/mlresearch/v267/main/assets/lee25af/lee25af.pdf,,True,icml2025_papers.json
iclr2026_papers:3879,ICLR,2026,SeRI: Gradient-Free Sensitive Region Identification in Decision-Based Black-Box Attacks,7,C-Foundation,adversarial_core;vision_context,"Deep neural networks (DNNs) are highly vulnerable to adversarial attacks, where small, carefully crafted perturbations are added to input images to cause misclassification. These perturbations are particularly effective when concentrated in sensitive regions of an image that strongly influence the model’s prediction. However, in decision-based black-box settings, where only the top-1 predicted label is observable and query budgets are strictly limited, identifying sensitive regions becomes extremely challenging. This issue is critical because without accurate region information, decision-based attacks cannot refine adversarial examples effectively, limiting both their efficiency and accuracy. We propose Sensitive Region Identification, SeRI, the first decision-based method that assigns a continuous sensitivity score to each image pixel. It enables fine-grained region discovery and substantially improves the efficiency of adversarial attacks, all without access to gradients, confidence scores, or surrogate models. SeRI progressively partitions the image into finer sub-regions and refines a continuous sensitivity score to capture their true importance. At each iteration, it generates two perturbation variants of the selected region by scaling its magnitude up or down, and compares their decision boundaries to derive an accurate, continuous characterization of pixel sensitivity. SeRI further divides selected region into smaller sub-regions, recursively refining the search for sensitive areas. This recursive refinement process enables more precise sensitivity estimation through fine-grained analysis, distinguishing SeRI from prior binary or one-shot region selection approaches. Experiments on two benchmark datasets show that SeRI significantly enhances state-of-the-art decision-based attacks in both targeted and non-targeted attack scenarios. Additionally, SeRI generates precise heatmaps that identify sensitive image regions. The code is available at https://github.com/BUPTAIOC/SeRI.","{""adversarial_core"": [""s Deep neural networks (DNNs) are highly vulnerable to adversarial attacks, where small, carefully crafted perturbations are adde""], ""vision_context"": [""ll, carefully crafted perturbations are added to input images to cause misclassification. These perturbations are pa"", ""t assigns a continuous sensitivity score to each image pixel. It enables fine-grained region discovery and substant""]}",{},https://openreview.net/pdf/fd56eca77b8bffce2c5f9784d2149b3d5b0ec931.pdf,https://openreview.net/forum?id=OQOmOIIX9F,True,iclr2026_papers.json
iclr2026_papers:4757,ICLR,2026,SHIELD: Suppressing Hallucinations In LVLM Encoders via Bias and Vulnerability Defense,7,C-Foundation,adversarial_core;vision_context,"Large Vision-Language Models (LVLMs) excel in diverse cross-modal tasks. However, object hallucination, where models produce plausible but inaccurate object descriptions, remains a significant challenge. In contrast to previous work focusing on LLM components, this paper is the first to trace LVLM hallucinations to visual encoders and identifies three key issues: statistical bias, inherent bias, and vulnerability. To address these challenges, we propose SHIELD, a training-free framework that mitigates hallucinations through three strategies: re-weighting visual tokens to reduce statistical bias, introducing noise-derived tokens to counter inherent bias, and applying adversarial attacks with contrastive decoding to address vulnerability. Experiments demonstrate that SHIELD effectively mitigates object hallucinations across diverse benchmarks and LVLM families. Moreover, SHIELD achieves strong performance on the general LVLM benchmark, highlighting its broad applicability. Code is available at https://github.com/hukcc/SHIELD.","{""adversarial_core"": [""-derived tokens to counter inherent bias, and applying adversarial attacks with contrastive decoding to address vulnerability. Ex""], ""vision_context"": [""LVLM Encoders via Bias and Vulnerability Defense Large Vision-Language Models (LVLMs) excel in diverse cross-modal t"", ""his paper is the first to trace LVLM hallucinations to visual encoders and identifies three key issues: statistical""]}",{},https://openreview.net/pdf/972aff22674e3e6e28735ae18a87ce4989d2a9e2.pdf,https://openreview.net/forum?id=yk7FFLoNcP,True,iclr2026_papers.json
iclr2026_papers:5717,ICLR,2026,Spatially-Aware U-Net to Defend against Adversarial Attacks on YOLO Object Detectors,7,C-Foundation,adversarial_core;vision_context,"Object detection models play a key role in self-driving systems where real-time high accuracy performance is crucial. While deep neural networks are performant, they are highly vulnerable to adversarial attacks which are subtle perturbations in the input image that induce detection errors. However, there are limited works on improving robustness of object detectors. While several diffusion-based methods have achieved strong defense against adversarial attacks, they often require a lot of computing resources and do not offer real-time inference speeds. This paper explores a defense mechanism to enhance the robustness of YOLO-based object detection systems against adversarial attacks in autonomous driving scenarios without modifying the underlying detector. The proposed defense is an attention U-Net augmented with spatial attention layers to enable the network to capture the salient information despite adversarial perturbations from the input. The training of our defender is guided by the defended detector to not only improve robustness against adversarial examples but also maintain performance when evaluating benign images. Benchmarking against previous defense approaches, our method achieves thorough protection with less damage to the original detection ability. Moreover, our defense model exhibits a generalized defensive ability against various unseen adversarial attacks.","{""adversarial_core"": [""Spatially-Aware U-Net to Defend against Adversarial Attacks on YOLO Object Detectors Object detection models play"", ""is guided by the defended detector to not only improve robustness against adversarial examples but also maintain performance when evaluating""], ""vision_context"": [""al attacks which are subtle perturbations in the input image that induce detection errors. However, there are limit""]}",{},https://openreview.net/pdf/89784deed71361e5823e24ab550f84b09fa9f9ad.pdf,https://openreview.net/forum?id=pQW22dmJPz,True,iclr2026_papers.json
cvpr2026_papers:3521,CVPR,2026,StableMaterials: Enhancing Diversity in Material Generation via Semi-Supervised Learning,7,C-Foundation,adversarial_core;vision_context,"We introduceStableMaterials, a novel approach for generating photorealistic physical-based rendering (PBR) materials that integrate semi-supervised learning with Latent Diffusion Models (LDMs). Our method employs adversarial training to distill knowledge from existing large-scale image generation models, minimizing the reliance on annotated data and enhancing the diversity in generation. This distillation approach aligns the distribution of the generated materials with that of image textures from an SDXL model, enabling the generation of novel materials that are not present in the initial training dataset.Furthermore, we employ a diffusion-based refiner model to improve the visual quality of the samples and achieve high-resolution generation. Finally, we distill a latent consistency model for fast generation in just four steps and propose a new tileability technique that removes visual artifacts typically associated with fewer diffusion steps. We detail the architecture and training process of StableMaterials, the integration of semi-supervised training within existing LDM frameworks.Comparative evaluations with state-of-the-art methods show the effectiveness of StableMaterials, highlighting its potential applications in computer graphics and beyond.StableMaterials will be made publicly available.","{""adversarial_core"": [""ith Latent Diffusion Models (LDMs). Our method employs adversarial training to distill knowledge from existing large-scale image g""], ""vision_context"": [""raining to distill knowledge from existing large-scale image generation models, minimizing the reliance on annotate"", ""employ a diffusion-based refiner model to improve the visual quality of the samples and achieve high-resolution gen""]}",{},,https://cvpr.thecvf.com/virtual/2026/poster/37188,True,cvpr2026_papers.json
icml2024_papers:1039,ICML,2024,Sub-token ViT Embedding via Stochastic Resonance Transformers,7,C-Foundation,adversarial_core;vision_context,"Vision Transformer (ViT) architectures represent images as collections of high-dimensional vectorized tokens, each corresponding to a rectangular non-overlapping patch. This representation trades spatial granularity for embedding dimensionality, and results in semantically rich but spatially coarsely quantized feature maps. In order to retrieve spatial details beneficial to fine-grained inference tasks we propose a training-free method inspired by ""stochastic resonance."" Specifically, we perform sub-token spatial transformations to the input data, and aggregate the resulting ViT features after applying the inverse transformation. The resulting ""Stochastic Resonance Transformer"" (SRT) retains the rich semantic information of the original representation, but grounds it on a finer-scale spatial domain, partly mitigating the coarse effect of spatial tokenization. SRT is applicable across any layer of any ViT architecture, consistently boosting performance on several tasks including segmentation, classification, depth estimation, and others by up to 14.9% without the need for any fine-tuning. Code: https://github.com/donglao/srt.","{""adversarial_core"": [""rectangular non-overlapping patch. This representation trades spatial granularity for embedding dimensionality, and""], ""vision_context"": [""rmers Vision Transformer (ViT) architectures represent images as collections of high-dimensional vectorized tokens,"", ""en ViT Embedding via Stochastic Resonance Transformers Vision Transformer (ViT) architectures represent images as co""]}",{},https://raw.githubusercontent.com/mlresearch/v235/main/assets/lao24a/lao24a.pdf,,True,icml2024_papers.json
iclr2026_papers:5902,ICLR,2026,TIDAL: A Temporal Causal Diffusion Framework for Visualizing Knee Osteoarthritis Treatment Outcomes,7,C-Foundation,adversarial_core;vision_context,"Generating realistic patient-specific counterfactual images of treatment outcomes from longitudinal medical imaging is a challenging task, complicated by confounding and selection bias in observational datasets. To address this challenge, we propose TIDAL (Temporal IPW Diffusion Adversarial Learning), a novel longitudinal causal diffusion framework that integrates causal inference techniques directly into diffusion model training. TIDAL utilizes a Stable Diffusion backbone conditioned on patient history and incorporates two key causal adaptations: (1) Temporal Inverse Propensity Weighting (IPW) that reweights the diffusion loss based on treatment propensity scores; and (2) Domain Adversarial Training that encourages treatment-invariant representations. We demonstrate TIDAL's effectiveness by simulating knee osteoarthritis (OA) progression with longitudinal X-rays from the Osteoarthritis Initiative (OAI). Performance is assessed using image fidelity metrics and observed treatment effects for OA features like Kellgren-Lawrence grade. Our experiments show that TIDAL significantly outperforms baseline approaches, achieving 21.52\% reduction in image generation error and 18.43\% improvement in observed treatment effects, demonstrating significant improvements for longitudinal medical counterfactual generation.","{""adversarial_core"": [""s based on treatment propensity scores; and (2) Domain Adversarial Training that encourages treatment-invariant representations. W""], ""vision_context"": [""s Generating realistic patient-specific counterfactual images of treatment outcomes from longitudinal medical imagin"", ""ngitudinal medical counterfactual generation. computer vision medical imaging generative modeling""]}",{},https://openreview.net/pdf/b3a26061fd2d77566cfc916023b691db689ae933.pdf,https://openreview.net/forum?id=xjufT7vTnb,True,iclr2026_papers.json
iclr2026_papers:7889,ICLR,2026,Tight Robustness Certificates and Wasserstein Distributional Attacks for Deep Neural Networks,7,C-Foundation,adversarial_core;classification_context,"Wasserstein distributionally robust optimization (WDRO) provides a framework for adversarial robustness, yet existing methods based on global Lipschitz continuity or strong duality often yield loose upper bounds or require prohibitive computation. In this work, we address these limitations by introducing a primal approach and adopting a notion of exact Lipschitz certificate to tighten this upper bound of WDRO. In addition, we propose a novel Wasserstein distributional attack (WDA) that directly constructs a candidate for the worst-case distribution. Compared to existing point-wise attack and its variants, our WDA offers greater flexibility in the number and location of attack points. In particular, by leveraging the piecewise-affine structure of ReLU networks on their activation cells, our approach results in an \textit{exact} tractable characterization of the corresponding WDRO problem. Extensive evaluations demonstrate that our method achieves competitive robust accuracy against state-of-the-art baselines while offering tighter certificates than existing methods.","{""adversarial_core"": [""ly robust optimization (WDRO) provides a framework for adversarial robustness, yet existing methods based on global Lipschitz contin"", ""tions demonstrate that our method achieves competitive robust accuracy against state-of-the-art baselines while offering tigh""], ""classification_context"": [""tions demonstrate that our method achieves competitive robust accuracy against state-of-the-art baselines while offering tigh""]}",{},https://openreview.net/pdf/c0099780087045ab7f7926f9fab0eaf8706f3863.pdf,https://openreview.net/forum?id=WR3yeFWHbJ,True,iclr2026_papers.json
iclr2026_papers:7657,ICLR,2026,Towards a more Holistic Evaluation of Object-Centric Learning,7,C-Foundation,adversarial_core;vision_context,"Object-centric learning (OCL) methods were developed by taking inspiration from how humans perceive a scene. It is conjectured that they achieve compositional generalisation by decomposing the scene into objects, making the learned models robust to out-of-distribution (OOD) scenes. However, the recent OCL literature, by and large, evaluates the learned models only on the proxy task of object discovery, which gives no information about which object properties are actually encoded in the object-centric latent representation. Moreover, these models are not evaluated for the broader goals behind object-centric methods such as compositional generalisation, OOD performance, counterfactual reasoning, etc. Our work argues that the present evaluation protocols for OCL methods are significantly limited or not scalable. We propose using vision-language models (VLMs) for probing OCL methods on various visual question answering tasks. We are the first to evaluate OCL methods on multiple dimensions, ranging from counterfactual reasoning, OOD generalization and robustness to natural adversarial examples. We also propose a new metric that unifies the evaluation of the ‘what’ and ‘where’ attributes, making the evaluation of OCL methods more holistic compared to existing metrics. Finally, we complement our analysis with a simple multi-feature reconstruction-based OCL method that outperforms the state of the art across several tasks.","{""adversarial_core"": [""easoning, OOD generalization and robustness to natural adversarial examples. We also propose a new metric that unifies the evaluat""], ""vision_context"": [""ignificantly limited or not scalable. We propose using vision-language models (VLMs) for probing OCL methods on vari"", ""guage models (VLMs) for probing OCL methods on various visual question answering tasks. We are the first to evaluate""]}",{},https://openreview.net/pdf/51b6ea12ec49e6695cdd5b6f3fffcd078feeaf16.pdf,https://openreview.net/forum?id=aJLntNAlKS,True,iclr2026_papers.json
iclr2026_papers:8760,ICLR,2026,Towards Adversarially Robust CLIP: A Hierarchical Model Fusion Method Using Optimal Transport,7,C-Foundation,adversarial_core;vision_context,"In recent years, multimodal models such as CLIP have achieved impressive performance but remain vulnerable to adversarial perturbations. Although adversarial training can enhance robustness, it often leads to overfitting toward specific attack types. One solution for improving generalization is to integrate multiple diverse and adversarially trained submodels, but this strategy could incur high test-time cost. To achieve a promising tradeoff between robust generalization and efficiency, we consider to design an optimal transport (OT) based model fusion method, which is called ``HOT-CLIP (Hierarchical Optimal Transport Fusion for CLIP)"". Although several OT based model fusion methods have been proposed before, they cannot be easily adapted to solve our problem, since they may suffer the issues like parameter misalignment when dealing with highly diverse and multimodal submodels. Our proposed method constructs diverse submodels by varying both attack methods and textual prompts, and integrates them via a hierarchical two-level OT fusion method. The intra-attack fusion first aligns and merges models within the same attack family, and the inter-attack fusion subsequently combines these aligned models across different attacks. Through this carefully crafted fusion strategy, HOT-CLIP can significantly improve the accuracy for alignment and reduce the total occupied memory. More importantly, the obtained robust visual encoder can be deployed without additional inference-time cost. In our experiments, the results on multiple vision-language tasks demonstrate that HOT-CLIP can greatly enhance the model's adversarial robustness while maintaining competitive clean accuracy.","{""adversarial_core"": [""hieved impressive performance but remain vulnerable to adversarial perturbations. Although adversarial training can enhance robustness,""], ""vision_context"": [""time cost. In our experiments, the results on multiple vision-language tasks demonstrate that HOT-CLIP can greatly e"", ""occupied memory. More importantly, the obtained robust visual encoder can be deployed without additional inference-t""]}",{},https://openreview.net/pdf/3b2d1cbbb902163646351772ee2d0b6095f48493.pdf,https://openreview.net/forum?id=HfeaBo6juX,True,iclr2026_papers.json
iclr2026_papers:8483,ICLR,2026,Towards Better Generalization via Distributional Input Projection Network,7,C-Foundation,adversarial_core;classification_context;vision_context,"As overparameterized models become increasingly prevalent, training loss alone offers limited insight into generalization performance. While smoothness has been linked to improved generalization across various settings, directly enforcing smoothness in neural networks remains challenging. To address this, we introduce Distributional Input Projection Networks (DIPNet), a novel framework that projects inputs into learnable distributions at each layer. This distributional representation induces a smoother loss landscape with respect to the input, promoting better generalization. We provide theoretical analysis showing that DIPNet reduces both local smoothness measures and the Lipschitz constant of the network, contributing to improved generalization performance. Empirically, we validate DIPNet across a wide range of architectures and tasks, including Vision Transformers (ViTs), Large Language Models (LLMs), ResNet and MLPs. Our method consistently enhances test performance under standard settings, adversarial attacks, out-of-distribution inputs, and reasoning benchmarks. We demonstrate that the proposed input projection strategy can be seamlessly integrated into existing models, providing a general and effective approach for boosting generalization performance in modern deep learning.","{""adversarial_core"": [""tly enhances test performance under standard settings, adversarial attacks, out-of-distribution inputs, and reasoning benchmarks.""], ""vision_context"": [""oss a wide range of architectures and tasks, including Vision Transformers (ViTs), Large Language Models (LLMs), Res""], ""classification_context"": [""ion Transformers (ViTs), Large Language Models (LLMs), ResNet and MLPs. Our method consistently enhances test perfor""]}",{},https://openreview.net/pdf/cc29c324da21da300cbc605a941dba06d3a5be37.pdf,https://openreview.net/forum?id=Kgcbzb9CZO,True,iclr2026_papers.json
neurips2025_papers:1364,NEURIPS,2025,Towards Building Model/Prompt-Transferable Attackers against Large Vision-Language Models,7,C-Foundation,adversarial_core;vision_context,"Although Large Vision-Language Models (LVLMs) exhibit impressive multimodal capabilities, their vulnerability to adversarial examples has raised serious security concerns. Existing LVLM attackers simply optimize adversarial images that easily overfit a certain model/prompt, making them ineffective once they are transferred to attack a different model/prompt. Motivated by this research gap, this paper aims to develop a more powerful attack that is transferable to black-box LVLM models of different structures and task-aware prompts of different semantics. Specifically, we introduce a new perspective of information theory to investigate LVLMs' transferable characteristics by exploring the relative dependence between outputs of the LVLM model and input adversarial samples. Our empirical observations suggest that enlarging/decreasing the mutual information between outputs and the disentangled adversarial/benign patterns of input images helps to generate more agnostic perturbations for misleading LVLMs' perception with better transferability. In particular, we formulate the complicated calculation of information gain as an estimation problem and incorporate such informative constraints into the adversarial learning process. Extensive experiments on various LVLM models/prompts demonstrate our significant transfer-attack performance.","{""adversarial_core"": [""essive multimodal capabilities, their vulnerability to adversarial examples has raised serious security concerns. Existing LVLM at""], ""vision_context"": [""s. Existing LVLM attackers simply optimize adversarial images that easily overfit a certain model/prompt, making the"", ""ding Model/Prompt-Transferable Attackers against Large Vision-Language Models Although Large Vision-Language Models""]}",{},https://openreview.net/pdf/cb1c1cb60b9238948975309fcf019355b483d3f2.pdf,https://openreview.net/forum?id=TyW1V1KukG,True,neurips2025_papers.json
cvpr2026_papers:4668,CVPR,2026,Towards Robust Vision Transformers: Path Dependency Analysis and a Simple Two-Stage Adversarial Training,7,C-Foundation,adversarial_core;classification_context;vision_context,"The Vision Transformer (ViT) has surpassed Convolutional Neural Networks (CNNs) in performance, becoming the de facto architecture in modern computer vision. However, despite its superior representational capacity, research on the adversarial robustness of ViTs remains limited, with most studies still biased toward CNN-based models. This work aims to address this architectural bias and conduct an in-depth analysis of the interaction between ViTs and adversarial training (AT).We first show that ViTs can identify semantic components of objects through their class attention maps, indicating that adversarially trained ViTs inherently encode strong semantic priors. Next, using the proposed Gradient Path Masking (GPM) analysis, we examine the internal information flow of ViTs and verify that the residual path serves as a major bottleneck that provides advantageous information to adversaries. Furthermore, our inter-patch relation analysis reveals that adversarially trained ViTs tend to rely more on global than local relationships in early layers—a novel observation suggesting a %fundamentalpotential incompatibility between ViTs and hybrid architectures that inject CNN-style inductive biases.Building upon these findings, we design a simple yet effective two-stage AT scheme to mitigate this structural incompatibility, achieving simultaneous improvements in robustness and generalization across various ViT variants and training methods. The proposed method is compatible with a wide range of AT frameworks and models.","{""adversarial_core"": [""rmers: Path Dependency Analysis and a Simple Two-Stage Adversarial Training The Vision Transformer (ViT) has surpassed Convolution""], ""vision_context"": [""Towards Robust Vision Transformers: Path Dependency Analysis and a Simple Tw""], ""classification_context"": [""mer (ViT) has surpassed Convolutional Neural Networks (CNNs) in performance, becoming the de facto architecture in""]}",{},https://openaccess.thecvf.com/content/CVPR2026/papers/Kim_Towards_Robust_Vision_Transformers_Path_Dependency_Analysis_and_a_Simple_CVPR_2026_paper.pdf,https://cvpr.thecvf.com/virtual/2026/poster/36923,True,cvpr2026_papers.json
neurips2025_papers:3077,NEURIPS,2025,ToxicTextCLIP: Text-Based Poisoning and Backdoor Attacks on CLIP Pre-training,7,C-Foundation,adversarial_core;vision_context,"The Contrastive Language-Image Pretraining (CLIP) model has significantly advanced vision-language modeling by aligning image-text pairs from large-scale web data through self-supervised contrastive learning. Yet, its reliance on uncurated Internet-sourced data exposes it to data poisoning and backdoor risks. While existing studies primarily investigate image-based attacks, the text modality, which is equally central to CLIP's training, remains underexplored. In this work, we introduce ToxicTextCLIP, a framework for generating high-quality adversarial texts that target CLIP during the pre-training phase. The framework addresses two key challenges: semantic misalignment caused by background inconsistency with the target class, and the scarcity of background-consistent texts. To this end, ToxicTextCLIP iteratively applies: 1) a background-aware selector that prioritizes texts with background content aligned to the target class, and 2) a background-driven augmenter that generates semantically coherent and diverse poisoned samples. Extensive experiments on classification and retrieval tasks show that ToxicTextCLIP achieves up to 95.83\% poisoning success and 98.68% backdoor Hit@1, while bypassing RoCLIP, CleanCLIP and SafeCLIP defenses. The source code can be accessed via https://github.com/xinyaocse/ToxicTextCLIP/.","{""adversarial_core"": [""CLIP text-based attack data poisoning backdoor attack adversarial training""], ""vision_context"": [""Attacks on CLIP Pre-training The Contrastive Language-Image Pretraining (CLIP) model has significantly advanced vi"", ""ge Pretraining (CLIP) model has significantly advanced vision-language modeling by aligning image-text pairs from la""]}",{},https://openreview.net/pdf/b279c982284babbb32588a401a879e93d546713a.pdf,https://openreview.net/forum?id=O4mwSIH1vs,True,neurips2025_papers.json
cvpr2026_papers:3977,CVPR,2026,Transform to Transfer: Boosting Adversarial Attack Transferability on Vision-Language Pre-training Models,7,C-Foundation,adversarial_core;vision_context,"Visual-Language Pre-training (VLP) models, while achieving state-of-the-art performance on various multimodal tasks, exhibit significant vulnerability to multimodal adversarial examples. In black-box attack scenarios of VLP models, a key challenge lies in the limited transferability of these adversarial examples. Existing methods to enhance transferability often suffer from an excessive dependence on the source model and a reliance on limited and fixed transformation techniques. To overcome these limitations, We propose a novel Transform to Transfer Attack (TTA) method. Our approach introduces a learnable transformation mechanism that adaptively selects optimal combinations of transformations to maximize input diversity, and incorporates integrated gradients to mitigate over-fitting on the source model, thereby refining the attack optimization process. Extensive experiments demonstrate that TTA achieves outstanding attack performance in downstream tasks, outperforming current state-of-the-art attack methods across different VLP architectures.","{""adversarial_core"": [""Transform to Transfer: Boosting Adversarial Attack Transferability on Vision-Language Pre-training Models""], ""vision_context"": [""ansfer: Boosting Adversarial Attack Transferability on Vision-Language Pre-training Models Visual-Language Pre-train"", ""Transferability on Vision-Language Pre-training Models Visual-Language Pre-training (VLP) models, while achieving st""]}",{},https://openaccess.thecvf.com/content/CVPR2026/papers/Li_Transform_to_Transfer_Boosting_Adversarial_Attack_Transferability_on_Vision-Language_Pre-training_CVPR_2026_paper.pdf,https://cvpr.thecvf.com/virtual/2026/poster/36196,True,cvpr2026_papers.json
iclr2026_papers:5488,ICLR,2026,Treating Neural Image Compression via Modular Adversarial Optimization: From Global Distortion to Local Artifacts,7,C-Foundation,adversarial_core;vision_context,"The rapid progress in neural image compression (NIC) led to the deployment of advanced codecs, such as JPEG AI, which significantly outperform conventional approaches. However, despite extensive research on the adversarial robustness of neural networks in various computer vision tasks, the vulnerability of NIC models to adversarial attacks remains underexplored. Moreover, the existing adversarial attacks on NIC are ineffective against modern codecs. In this paper, we introduce a novel adversarial attack targeting NIC models. Our approach is built upon two core stages: (1) optimization of global-local distortions, and (2) a selective masking strategy that enhances attack stealthiness. Experimental evaluations demonstrate that the proposed method outperforms prior attacks on both JPEG AI and other NIC models, achieving greater distortion on decoded images and lower perceptibility of adversarial images. We also provide a theoretical analysis and discuss the underlying reasons for the effectiveness of our attack, offering new insights into the security and robustness of learned image compression.","{""adversarial_core"": [""approaches. However, despite extensive research on the adversarial robustness of neural networks in various computer vision tasks, t""], ""vision_context"": [""Treating Neural Image Compression via Modular Adversarial Optimization: From"", ""rial robustness of neural networks in various computer vision tasks, the vulnerability of NIC models to adversarial""]}",{},https://openreview.net/pdf/698e2af8dc72eb48519f45df5bcb7f6bfa4f06f4.pdf,https://openreview.net/forum?id=qfeSpu5FBE,True,iclr2026_papers.json
iclr2026_papers:9796,ICLR,2026,VAE-CycleGAN: Variational Latent Representation for Unpaired Image-to-Image Translation,7,C-Foundation,adversarial_core;vision_context,"Image-to-image translation plays a central role in computer vision, enabling applications such as style transfer, domain adaptation, and image enhancement. While recent advances have achieved strong paired translation results, learning mappings in unpaired settings remains challenging. In this work, we present a systematic comparison of autoencoder and variational autoencoder (VAE) variants for unpaired image-to-image translation, using paired data solely as a reference baseline. To capture distributional uncertainty, we introduce VAE-CycleGAN, a unified probabilistic framework that integrates variational inference into the CycleGAN architecture. Our method combines adversarial training and cycle-consistency with a VAE’s probabilistic latent space, allowing the model to approximate the true posterior distribution. Further, the architecture achieves a 256$\times$ spatial compression, efficiently compressing the input into a compact latent representation. Empirical results across the satellite-to-map benchmark dataset demonstrate that VAE-CycleGAN generates high-quality translated images (FID: 67.75) and achieves superior reconstruction fidelity (MSE: 0.0010, PSNR: 29.85 dB, SSIM: 0.7873) comparable to state-of-the-art deterministic approaches without hyperparameter tuning. For summer-to-winter and label-to-cityscape datasets, VAE-CycleGAN performs comparably with state-of-the-art UNSB at 1 step, and is far superior to UNIT-DDPM at 1000 steps, while the determistic AE-CycleGAN is comparable to the 5-step USNB variant.","{""adversarial_core"": [""ce into the CycleGAN architecture. Our method combines adversarial training and cycle-consistency with a VAE’s probabilistic laten""], ""vision_context"": [""cleGAN: Variational Latent Representation for Unpaired Image-to-Image Translation Image-to-image translation plays"", ""-to-image translation plays a central role in computer vision, enabling applications such as style transfer, domain""]}",{},https://openreview.net/pdf/70e0c716c7a5e4bfe57a45c271b35544154a63de.pdf,https://openreview.net/forum?id=fu0NN8GRQ7,True,iclr2026_papers.json
cvpr2026_papers:3649,CVPR,2026,When Robots Obey the Patch: Universal Transferable Patch Attacks on Vision-Language-Action Models,7,C-Foundation,adversarial_core;vision_context,"Vision-Language-Action (VLA) models are vulnerable to adversarial attacks, yet universal and transferable attacks remain underexplored, as most existing patches overfit to a single model and fail in black-box settings. To address this gap, we present a systematic study of **universal, transferable adversarial patches** against VLA-driven robots under unknown architectures, finetuned variants, and sim-to-real shifts. We introduce **UPA-RFAS** (Universal Patch Attack via Robust Feature, Attention, and Semantics), a unified framework that learns a single physical patch in a shared feature space while promoting cross-model transfer. UPA-RFAS combines (i) a feature-space objective with an $\ell_1$ deviation prior and repulsive InfoNCE loss to induce transferable representation shifts, (ii) a robustness-augmented two-phase min-max procedure where an inner loop learns invisible sample-wise perturbations and an outer loop optimizes the universal patch against this hardened neighborhood, and (iii) two VLA-specific losses: Patch Attention Dominance to hijack text$\to$vision attention and Patch Semantic Misalignment to induce image-text mismatch without labels. Experiments across diverse VLA models, manipulation suites, and physical executions show that UPA-RFAS consistently transfers across models, tasks, and viewpoints, exposing a practical patch-based attack surface and establishing a strong baseline for future defenses.","{""adversarial_core"": [""Vision-Language-Action (VLA) models are vulnerable to adversarial attacks, yet universal and transferable attacks remain underex""], ""vision_context"": [""on attention and Patch Semantic Misalignment to induce image-text mismatch without labels. Experiments across diver"", ""bey the Patch: Universal Transferable Patch Attacks on Vision-Language-Action Models Vision-Language-Action (VLA) mo""]}",{},https://openaccess.thecvf.com/content/CVPR2026/papers/Lu_When_Robots_Obey_the_Patch_Universal_Transferable_Patch_Attacks_on_CVPR_2026_paper.pdf,https://cvpr.thecvf.com/virtual/2026/poster/37151,True,cvpr2026_papers.json
iclr2026_papers:3165,ICLR,2026,Why Adversarially Train Diffusion Models?,7,C-Foundation,adversarial_core;classification_context;vision_context,"Adversarial Training (AT) is a known, powerful, well-established technique for improving classifier robustness to input perturbations, yet its applicability beyond discriminative settings remains limited. Motivated by the widespread use of score-based generative models and their need to operate robustly under substantial noisy or corrupted input data, we propose an adaptation of AT for these models, providing a thorough empirical assessment. We introduce a principled formulation of AT for Diffusion Models (DMs) that replaces the conventional *invariance* objective with an *equivariance* constraint aligned to the denoising dynamics of score matching. Our method integrates seamlessly into diffusion training by adding either random perturbations--similar to randomized smoothing--or adversarial ones--akin to AT. Our approach offers several advantages: **(a)** tolerance to heavy noise and corruption, **(b)** reduced memorization, **(c)** robustness to outliers and extreme data variability and **(d)** resilience to iterative adversarial attacks. We validate these claims on proof-of-concept low- and high-dimensional datasets with *known* ground-truth distributions, enabling precise error analysis. We further evaluate on standard benchmarks (CIFAR-10, CelebA, and LSUN Bedroom), where our approach shows improved robustness and preserved sample fidelity under severe noise, data corruption, and adversarial evaluation. Code available at [github.com/OmnAI-Lab/Adversarial-Training-DM](https://github.com/OmnAI-Lab/Adversarial-Training-DM)","{""adversarial_core"": [""Why Adversarially Train Diffusion Models? Adversarial Training (AT) is a known, powerful, well-established technique""], ""vision_context"": [""analysis. We further evaluate on standard benchmarks (CIFAR-10, CelebA, and LSUN Bedroom), where our approach shows i""], ""classification_context"": [""analysis. We further evaluate on standard benchmarks (CIFAR-10, CelebA, and LSUN Bedroom), where our approach shows i""]}",{},https://openreview.net/pdf/69c05d085772e2c1643396f404d85e65a94fd880.pdf,https://openreview.net/forum?id=lL6htAaolp,True,iclr2026_papers.json
iclr2026_papers:8919,ICLR,2026,WRF4CIR: Weight-Regularized Fine-Tuning Network for Composed Image Retrieval,7,C-Foundation,adversarial_core;vision_context,"Composed Image Retrieval (CIR) task aims to retrieve target images based on reference images and modification texts. Current CIR methods primarily rely on fine-tuning vision-language pre-trained models. However, due to the large-scale nature of pre-trained models and the limited training data for CIR task, significant overfitting commonly occurs during fine-tuning, resulting in poor generalization. To address this issue, in this paper, we introduce Weight-Regularized Fine-tuning network for CIR, termed WRF4CIR. Specifically, during the fine-tuning process, we apply adversarial perturbations to the model weights for regularization, where these perturbations are generated in the opposite direction of gradient descent. Intuitively, WRF4CIR increases the model’s learning difficulty on training data, effectively mitigating overfitting. Technically, WRF4CIR explicitly regularizes the flatness of the weight loss landscape, enhancing the model’s robustness to weight perturbations and improving generalization. Extensive experiments on benchmark datasets demonstrate that WRF4CIR significantly narrows the generalization gap and achieves substantial improvements over existing methods.","{""adversarial_core"": [""Specifically, during the fine-tuning process, we apply adversarial perturbations to the model weights for regularization, where these p""], ""vision_context"": [""R: Weight-Regularized Fine-Tuning Network for Composed Image Retrieval Composed Image Retrieval (CIR) task aims to"", ""xts. Current CIR methods primarily rely on fine-tuning vision-language pre-trained models. However, due to the large""]}",{},https://openreview.net/pdf/616ed20e696c2c66c77448565a82787a55e4efd4.pdf,https://openreview.net/forum?id=v5wPrRd2Qo,True,iclr2026_papers.json
icml2025_papers:986,ICML,2025,X-Transfer Attacks: Towards Super Transferable Adversarial Attacks on CLIP,7,C-Foundation,adversarial_core;vision_context,"As Contrastive Language-Image Pre-training (CLIP) models are increasingly adopted for diverse downstream tasks and integrated into large vision-language models (VLMs), their susceptibility to adversarial perturbations has emerged as a critical concern. In this work, we introduceX-Transfer, a novel attack method that exposes a universal adversarial vulnerability in CLIP. X-Transfer generates a Universal Adversarial Perturbation (UAP) capable of deceiving various CLIP encoders and downstream VLMs across different samples, tasks, and domains. We refer to this property assuper transferability—a single perturbation achieving cross-data, cross-domain, cross-model, and cross-task adversarial transferability simultaneously. This is achieved throughsurrogate scaling, a key innovation of our approach. Unlike existing methods that rely on fixed surrogate models, which are computationally intensive to scale, X-Transfer employs an efficient surrogate scaling strategy that dynamically selects a small subset of suitable surrogates from a large search space. Extensive evaluations demonstrate that X-Transfer significantly outperforms previous state-of-the-art UAP methods, establishing a new benchmark for adversarial transferability across CLIP models.","{""adversarial_core"": [""X-Transfer Attacks: Towards Super Transferable Adversarial Attacks on CLIP As Contrastive Language-Image Pre-training (CL""], ""vision_context"": [""le Adversarial Attacks on CLIP As Contrastive Language-Image Pre-training (CLIP) models are increasingly adopted fo"", ""for diverse downstream tasks and integrated into large vision-language models (VLMs), their susceptibility to advers""]}",{},https://raw.githubusercontent.com/mlresearch/v267/main/assets/huang25h/huang25h.pdf,,True,icml2025_papers.json
cvpr2026_papers:1260,CVPR,2026,Adapter Shield: A Unified Framework with Built-in Authentication for Preventing Unauthorized Zero-Shot Image-to-Image Generation,6,C-Foundation,adversarial_core;vision_context,"With the rapid progress in diffusion models, image synthesis has advanced to the stage of zero-shot image-to-image generation, where high-fidelity replication of facial identities or artistic styles can be achieved using just one portrait or artwork, without modifying any model weights. Although these techniques significantly enhance creative possibilities, they also pose substantial risks related to intellectual property violations, including unauthorized identity cloning and stylistic imitation. To counter such threats, this work presents Adapter Shield, the first universal and authentication-integrated solution aimed at defending personal images from misuse in zero-shot generation scenarios. We first investigate how current zero-shot methods employ image encoders to extract embeddings from input images, which are subsequently fed into the UNet of diffusion models through cross-attention layers. Inspired by this mechanism, we construct a reversible encryption system that maps original embeddings into distinct encrypted representations according to different secret keys. The authorized users can restore the authentic embeddings via a decryption module and the correct key, enabling normal usage for authorized generation tasks. For protection purposes, we design a multi-target adversarial perturbation method that actively shifts the original embeddings toward designated encrypted patterns. Consequently, protected images are embedded with a defensive layer that ensures unauthorized users can only produce distorted or encrypted outputs. Extensive evaluations demonstrate that our method surpasses existing state-of-the-art defenses in blocking unauthorized zero-shot image synthesis, while supporting flexible and secure access control for verified users.","{""adversarial_core"": [""sks. For protection purposes, we design a multi-target adversarial perturbation method that actively shifts the original embeddings to""], ""vision_context"": [""n Authentication for Preventing Unauthorized Zero-Shot Image-to-Image Generation With the rapid progress in diffusi""]}",{},https://openaccess.thecvf.com/content/CVPR2026/papers/Jia_Adapter_Shield_A_Unified_Framework_with_Built-in_Authentication_for_Preventing_CVPR_2026_paper.pdf,https://cvpr.thecvf.com/virtual/2026/poster/36608,True,cvpr2026_papers.json
icml2025_papers:855,ICML,2025,Adaptive Median Smoothing: Adversarial Defense for Unlearned Text-to-Image Diffusion Models at Inference Time,6,C-Foundation,adversarial_core;vision_context,"Text-to-image (T2I) diffusion models have raised concerns about generating inappropriate content, such as ""nudity"". Despite efforts to erase undesirable concepts through unlearning techniques, these unlearned models remain vulnerable to adversarial inputs that can potentially regenerate such content. To safeguard unlearned models, we propose a novel inference-time defense strategy that mitigates the impact of adversarial inputs. Specifically, we first reformulate the challenge of ensuring robustness in unlearned diffusion models as a robust regression problem. Building upon the naive median smoothing for regression robustness, which employs isotropic Gaussian noise, we develop a generalized median smoothing framework that incorporates anisotropic noise. Based on this framework, we introduce a token-wiseAdaptive Median Smoothingmethod that dynamically adjusts noise intensity according to each token’s relevance to target concepts. Furthermore, to improve inference efficiency, we explore implementations of this adaptive method at the text-encoding stage. Extensive experiments demonstrate that our approach enhances adversarial robustness while preserving model utility and inference efficiency, outperforming baseline defense techniques.","{""adversarial_core"": [""Adaptive Median Smoothing: Adversarial Defense for Unlearned Text-to-Image Diffusion Models at Infere""], ""vision_context"": [""n Smoothing: Adversarial Defense for Unlearned Text-to-Image Diffusion Models at Inference Time Text-to-image (T2I)""]}",{},https://raw.githubusercontent.com/mlresearch/v267/main/assets/han25k/han25k.pdf,,True,icml2025_papers.json
neurips2025_papers:4915,NEURIPS,2025,Adversarial Robustness of Nonparametric Regression,6,C-Foundation,adversarial_core,"In this paper, we investigate the adversarial robustness of nonparametric regression, a fundamental problem in machine learning, under the setting where an adversary can arbitrarily corrupt a subset of the input data. While the robustness of parametric regression has been extensively studied, its nonparametric counterpart remains largely unexplored. We characterize the adversarial robustness in nonparametric regression, assuming the regression function belongs to the second-order Sobolev space (i.e., it is square integrable up to its second derivative). The contribution of this paper is two-fold: (i) we establish a minimax lower bound on the estimation error, revealing a fundamental limit that no estimator can overcome, and (ii) we show that, perhaps surprisingly, the classical smoothing spline estimator, when properly regularized, exhibits robustness against adversarial corruption. These results imply that if $o(n)$ out of $n$ samples are corrupted, the estimation error of the smoothing spline vanishes as $n \to \infty$. On the other hand, when a constant fraction of the data is corrupted, no estimator can guarantee vanishing estimation error, implying the optimality of the smoothing spline in terms of maximum tolerable number of corrupted samples.","{""adversarial_core"": [""Adversarial Robustness of Nonparametric Regression In this paper, we investig"", ""spline estimator, when properly regularized, exhibits robustness against adversarial corruption. These results imply that if $o(n)$ out of""]}",{},https://openreview.net/pdf/c1be6bdd155f322f2ccdef5be9f5b31762f73fdf.pdf,https://openreview.net/forum?id=2neULQUK3n,True,neurips2025_papers.json
icml2025_papers:179,ICML,2025,An Adaptive Orthogonal Convolution Scheme for Efficient and Flexible CNN Architectures,6,C-Foundation,adversarial_core;classification_context,"Orthogonal convolutional layers are valuable components in multiple areas of machine learning, such as adversarial robustness, normalizing flows, GANs, and Lipschitz-constrained models. Their ability to preserve norms and ensure stable gradient propagation makes them valuable for a large range of problems. Despite their promise, the deployment of orthogonal convolution in large-scale applications is a significant challenge due to computational overhead and limited support for modern features like strides, dilations, group convolutions, and transposed convolutions. In this paper, we introduceAOC(Adaptive Orthogonal Convolution), a scalable method that extends a previous method (BCOP), effectively overcoming existing limitations in the construction of orthogonal convolutions. This advancement unlocks the construction of architectures that were previously considered impractical. We demonstrate through our experiments that our method produces expressive models that become increasingly efficient as they scale. To foster further advancement, we provide an open-source python package implementing this method, calledOrthogonium.","{""adversarial_core"": [""ponents in multiple areas of machine learning, such as adversarial robustness, normalizing flows, GANs, and Lipschitz-constrained mo""], ""classification_context"": [""thogonal Convolution Scheme for Efficient and Flexible CNN Architectures Orthogonal convolutional layers are valu""]}",{},https://raw.githubusercontent.com/mlresearch/v267/main/assets/boissin25a/boissin25a.pdf,,True,icml2025_papers.json
iclr2026_papers:255,ICLR,2026,Are Deep Speech Denoising Models Robust to Adversarial Noise?,6,C-Foundation,adversarial_core,"Deep noise suppression (DNS) models enjoy widespread use throughout a variety of high-stakes speech applications. However, we show that four recent DNS models can each be reduced to outputting unintelligible gibberish through the addition of psychoacoustically hidden adversarial noise, even in low-background-noise and simulated over-the-air settings. For three of the models, a small transcription study with audio and multimedia experts confirms unintelligibility of the attacked audio; simultaneously, an ABX study shows that the adversarial noise is generally imperceptible, with some variance between participants and samples. While we also establish several negative results around targeted attacks and model transfer, our results nevertheless highlight the need for practical countermeasures before open-source DNS systems can be used in safety-critical applications.","{""adversarial_core"": [""S systems can be used in safety-critical applications. Adversarial Robustness Adversarial Perturbations Security Safety Speech Enhan"", ""Are Deep Speech Denoising Models Robust to Adversarial Noise? Deep noise suppression (DNS) models enjoy wides""]}",{},https://openreview.net/pdf/ababf1d5b098d0250c4376011348db6604ec2114.pdf,https://openreview.net/forum?id=WtH2JxKJKf,True,iclr2026_papers.json
iclr2026_papers:3144,ICLR,2026,ARMs: Adaptive Red-Teaming Agent against Multimodal Models with Plug-and-Play Attacks,6,C-Foundation,adversarial_core;vision_context,"As vision-language models (VLMs) gain prominence, their multimodal interfaces also introduce new safety vulnerabilities, making the safety evaluation challenging and critical. Existing red-teaming efforts are either restricted to a narrow set of adversarial patterns or depend heavily on manual engineering, lacking scalable exploration of emerging real-world adversarial strategies. To bridge this gap, we propose ARMs, an adaptive red-teaming agent that systematically conducts comprehensive risk assessments for VLMs. Given a target harmful behavior or risk definition, ARMs automatically optimizes diverse red-teaming strategies with reasoning-enhanced multi-step orchestration, to effectively elicit harmful outputs from target VLMs. This is the first red teaming framework that provides controllable generation given risk definitions. We propose 11 novel multimodal attack strategies, covering diverse adversarial patterns of VLMs (e.g., reasoning hijacking, contextual cloaking), and integrate 17 red-teaming algorithms with ARMs. To balance the diversity and effectiveness of the attack, we design a layered memory with an epsilon-greedy attack algorithm. Extensive experiments on different instance-based benchmarks and policy-based safety evaluations show that ARMs achieves the state-of-the-art attack success rate (ASR), improving ASR by an average of 52.1% compared to existing baselines and even exceeding 90% ASR on Claude-4-Sonnet, a constitutionally-aligned model widely recognized for its robustness. We show that the diversity of red-teaming instances generated by ARMs is significantly higher, revealing emerging vulnerabilities in VLMs. Leveraging ARMs, we construct ARMs-Bench, a large-scale multimodal safety benchmark comprising 30K red-teaming instances spanning 51 diverse risk categories, grounded in both real-world multimodal threats and regulatory risks. Fine-tuning with ARMs-Bench substantially reduces ASR while preserving general utility of VLMs, providing actionable insights to improve multimodal safety alignment.","{""adversarial_core"": [""i-modal red-teaming multi-modal alignment agent safety adversarial robustness""], ""vision_context"": [""gainst Multimodal Models with Plug-and-Play Attacks As vision-language models (VLMs) gain prominence, their multimod""]}",{},https://openreview.net/pdf/2cc23ca8433a7a7154f565d7bfaf048fa7741c22.pdf,https://openreview.net/forum?id=wQ4OykcxaV,True,iclr2026_papers.json
iclr2026_papers:9373,ICLR,2026,Backdoor Unlearning By Linear Task Decomposition,6,C-Foundation,adversarial_core;vision_context,"Foundation models have revolutionized computer vision by enabling broad generalization across diverse tasks. Yet, they remain highly susceptible to adversarial perturbations and targeted backdoor attacks. Mitigating such vulnerabilities remains an open challenge, especially given that the large scale of the models prohibits retraining to ensure safety. Existing backdoor removal approaches rely on costly fine-tuning to override the harmful behavior, and can often degrade performance on other unrelated tasks. This raises the question of whether backdoors can be unlearned without compromising the general capabilities of the models. In this work, we study how backdoors are encoded in the model weight space and find that they are *disentangled* from other benign tasks. Specifically, this separation enables the isolation and erasure of the backdoor's influence on the model's weights with minimal impact on clean performance. Building on this insight, we introduce a simple unlearning method that leverages such disentanglement. Through extensive experiments with CLIP-based models and common adversarial triggers, we show that, given the knowledge of the attack, our method achieves approximately perfect unlearning, while retaining on average 96\% of clean accuracy. Additionally, we demonstrate that even when the type of attack is unknown, our method successfully unlearns backdoors by proper estimation using reverse-engineered triggers. Overall, our method consistently yields better unlearning and clean accuracy tradeoffs when compared to present state-of-the-art defenses.","{""adversarial_core"": [""diverse tasks. Yet, they remain highly susceptible to adversarial perturbations and targeted backdoor attacks. Mitigating such vulnera""], ""vision_context"": [""osition Foundation models have revolutionized computer vision by enabling broad generalization across diverse tasks.""]}",{},https://openreview.net/pdf/6641167be825a64644fa3dc21e252aa3ba21ce86.pdf,https://openreview.net/forum?id=0Q9zbF9cgQ,True,iclr2026_papers.json
icml2024_papers:318,ICML,2024,BadPart: Unified Black-box Adversarial Patch Attacks against Pixel-wise Regression Tasks,6,C-Foundation,adversarial_core;vision_context,"Pixel-wise regression tasks (e.g., monocular depth estimation (MDE) and optical flow estimation (OFE)) have been widely involved in our daily life in applications like autonomous driving, augmented reality and video composition. Although certain applications are security-critical or bear societal significance, the adversarial robustness of such models are not sufficiently studied, especially in the black-box scenario. In this work, we introduce the first unified black-box adversarial patch attack framework against pixel-wise regression tasks, aiming to identify the vulnerabilities of these models under query-based black-box attacks. We propose a novel square-based adversarial patch optimization framework and employ probabilistic square sampling and score-based gradient estimation techniques to generate the patch effectively and efficiently, overcoming the scalability problem of previous black-box patch attacks. Our attack prototype, named BadPart, is evaluated on both MDE and OFE tasks, utilizing a total of 7 models. BadPart surpasses 3 baseline methods in terms of both attack performance and efficiency. We also apply BadPart on the Google online service for portrait depth estimation, causing 43.5% relative distance error with 50K queries. State-of-the-art (SOTA) countermeasures cannot defend our attack effectively.","{""adversarial_core"": [""e security-critical or bear societal significance, the adversarial robustness of such models are not sufficiently studied, especiall""], ""vision_context"": [""t: Unified Black-box Adversarial Patch Attacks against Pixel-wise Regression Tasks Pixel-wise regression tasks (e.g""]}",{},https://raw.githubusercontent.com/mlresearch/v235/main/assets/cheng24e/cheng24e.pdf,,True,icml2024_papers.json
neurips2025_papers:1829,NEURIPS,2025,BadVLA: Towards Backdoor Attacks on Vision-Language-Action Models via Objective-Decoupled Optimization,6,C-Foundation,adversarial_core;vision_context,"Vision-Language-Action (VLA) models have advanced robotic control by enabling end-to-end decision-making directly from multimodal inputs. However, their tightly coupled architectures expose novel security vulnerabilities. Unlike traditional adversarial perturbations, backdoor attacks represent a stealthier, persistent, and practically significant threat—particularly under the emerging Training-as-a-Service paradigm—but remain largely unexplored in the context of VLA models. To address this gap, we propose **BadVLA**, a backdoor attack method based on Objective-Decoupled Optimization, which for the first time exposes the backdoor vulnerabilities of VLA models. Specifically, it consists of a two-stage process: (1) explicit feature-space separation to isolate trigger representations from benign inputs, and (2) conditional control deviations that activate only in the presence of the trigger, while preserving clean-task performance. Empirical results on multiple VLA benchmarks demonstrate that BadVLA consistently achieves near-100\% attack success rates with minimal impact on clean task accuracy. Further analyses confirm its robustness against common input perturbations, task transfers, and model fine-tuning, underscoring critical security vulnerabilities in current VLA deployments. Our work offers the first systematic investigation of backdoor vulnerabilities in VLA models, highlighting an urgent need for secure and trustworthy embodied model design practices.","{""adversarial_core"": [""ose novel security vulnerabilities. Unlike traditional adversarial perturbations, backdoor attacks represent a stealthier, persistent,""], ""vision_context"": [""BadVLA: Towards Backdoor Attacks on Vision-Language-Action Models via Objective-Decoupled Optimiz""]}",{},https://openreview.net/pdf/9ef98e483d9e324778e7116170aa4848fc6f67e3.pdf,https://openreview.net/forum?id=rEhVHla9zp,True,neurips2025_papers.json
neurips2025_papers:2522,NEURIPS,2025,Best-of-N Jailbreaking,6,C-Foundation,adversarial_core;vision_context,"We introduce Best-of-N (BoN) Jailbreaking, a simple black-box algorithm that jailbreaks frontier AI systems across modalities. BoN Jailbreaking works by repeatedly sampling variations of a prompt with a combination of augmentations---such as random shuffling or capitalization for textual prompts---until a harmful response is elicited. We find that BoN Jailbreaking achieves high attack success rates (ASRs) on closed-source language models, such as 89% on GPT-4o and 78% on Claude 3.5 Sonnet when sampling 10,000 augmented prompts. Further, it is similarly effective at circumventing state-of-the-art open-source defenses like circuit breakers and reasoning models like o1. BoN also seamlessly extends to other modalities: it jailbreaks vision language models (VLMs) such as GPT-4o and audio language models (ALMs) like Gemini 1.5 Pro, using modality-specific augmentations. BoN reliably improves when we sample more augmented prompts. Across all modalities, ASR, as a function of the number of samples (N), empirically follows power-law-like behavior for many orders of magnitude. BoN Jailbreaking can also be composed with other black-box algorithms for even more effective attacks---combining BoN with an optimized prefix attack achieves up to a 35% increase in ASR. Overall, our work indicates that, despite their capability, language models are sensitive to seemingly innocuous changes to inputs, which attackers can exploit across modalities.","{""adversarial_core"": [""ch attackers can exploit across modalities. robustness adversarial robustness jailbreaking multi-modal jailbreaks automatic red team""], ""vision_context"": [""seamlessly extends to other modalities: it jailbreaks vision language models (VLMs) such as GPT-4o and audio langua""]}",{},https://openreview.net/pdf/214b0cbe5fe5a3a56ddfd1977e1acfb9c721c50a.pdf,https://openreview.net/forum?id=91l4ZTMpO4,True,neurips2025_papers.json
iclr2026_papers:7602,ICLR,2026,BiRQA: Bidirectional Robust Quality Assessment for Images,6,C-Foundation,adversarial_core;vision_context,"Full-Reference image quality assessment (FR IQA) is important for image compression, restoration and generative modeling, yet current neural metrics remain slow and vulnerable to adversarial perturbations. We present BiRQA, a compact FR IQA metric model that processes four fast complementary features within a bidirectional multiscale pyramid. A bottom-up attention module injects fine-scale cues into coarse levels through an uncertainty-aware gate, while a top-down cross-gating block routes semantic context back to high resolution. To enhance robustness, we introduce Anchored Adversarial Training, a theoretically grounded strategy that uses clean ""anchor"" samples and a ranking loss to bound pointwise prediction error under attacks. On five public FR IQA benchmarks BiRQA outperforms or matches the previous state of the art (SOTA) while running $\sim3\times$ faster than previous SOTA models. Under unseen white-box attacks it lifts SROCC from 0.30-0.57 to 0.60-0.84 on KADID-10k, demonstrating substantial robustness gains. To our knowledge, BiRQA is the only FR IQA model combining competitive accuracy with real-time throughput and strong adversarial resilience.","{""adversarial_core"": [""t current neural metrics remain slow and vulnerable to adversarial perturbations. We present BiRQA, a compact FR IQA metric model that""], ""vision_context"": [""BiRQA: Bidirectional Robust Quality Assessment for Images Full-Reference image quality assessment (FR IQA) is im""]}",{},https://openreview.net/pdf/1dc27639b6c94b535afd5e852bb6d0a693e583bf.pdf,https://openreview.net/forum?id=k2nsulWyQ8,True,iclr2026_papers.json
cvpr2026_papers:463,CVPR,2026,CamPI: Physical Adversarial Examples through Camera Power Signal Injection,6,C-Foundation,adversarial_core;vision_context,"Physical adversarial examples pose a concrete threat to real‑world computer vision systems. Existing works mainly generate physical adversarial examples by affixing patches or projecting light onto targets, which are usually visible and can expose the malicious intention. In this work, we reveal a new attack surface that generates invisible adversarial samples by injecting signals into the camera's power supply. We analyze the mechanism of injecting structural stripe patterns into cameras and demonstrate the feasibility of controllable fine-grained injection with signal modulation. We develop a simulation model to emulate the physically injected perturbation, and propose end-to-end optimization methodologies in both white-box and black-box settings to generate the injection signal parameters. We perform a simulated evaluation across seven classification models and carry out physical signal injection experiments with optimized signals. The results show that physical adversarial examples generated through camera power signal injection can disrupt computer vision performance. Our work introduces a new methodology for physical adversarial examples, emphasizing the need for securing computer vision systems in the physical world.","{""adversarial_core"": [""CamPI: Physical Adversarial Examples through Camera Power Signal Injection Physical adversa""], ""vision_context"": [""examples pose a concrete threat to real‑world computer vision systems. Existing works mainly generate physical adver""]}",{},https://openaccess.thecvf.com/content/CVPR2026/papers/Ren_CamPI_Physical_Adversarial_Examples_through_Camera_Power_Signal_Injection_CVPR_2026_paper.pdf,https://cvpr.thecvf.com/virtual/2026/poster/37574,True,cvpr2026_papers.json
icml2024_papers:1454,ICML,2024,Can Implicit Bias Imply Adversarial Robustness?,6,C-Foundation,adversarial_core,"The implicit bias of gradient-based training algorithms has been considered mostly beneficial as it leads to trained networks that often generalize well. However, Frei et al. (2023) show that such implicit bias can harm adversarial robustness. Specifically, they show that if the data consists of clusters with small inter-cluster correlation, a shallow (two-layer) ReLU network trained by gradient flow generalizes well, but it is not robust to adversarial attacks of small radius. Moreover, this phenomenon occurs despite the existence of a much more robust classifier that can be explicitly constructed from a shallow network. In this paper, we extend recent analyses of neuron alignment to show that a shallow network with a polynomial ReLU activation (pReLU) trained by gradient flow not only generalizes well but is also robust to adversarial attacks. Our results highlight the importance of the interplay between data structure and architecture design in the implicit bias and robustness of trained networks.","{""adversarial_core"": [""Can Implicit Bias Imply Adversarial Robustness? The implicit bias of gradient-based training algorith"", ""ained by gradient flow generalizes well, but it is not robust to adversarial attacks of small radius. Moreover, this phenomenon occ""]}",{},https://raw.githubusercontent.com/mlresearch/v235/main/assets/min24a/min24a.pdf,,True,icml2024_papers.json
iclr2026_papers:6523,ICLR,2026,Coded-Smoothing Module: Coding Theory Helps Generalization,6,C-Foundation,adversarial_core,"We introduce the Coded-Smoothing module, which can be seamlessly integrated into standard training pipelines, both supervised and unsupervised, to regularize learning and improve generalization with minimal computational overhead. In addition, it can be incorporated into the inference pipeline to randomize the model and enhance robustness against adversarial perturbations. The design of coded-smoothing is inspired by general coded computing, a paradigm originally developed to mitigate straggler and adversarial failures in distributed computing by processing linear combinations of the data rather than the raw inputs. Building on this principle, we adapt coded computing to machine learning by designing an efficient and effective regularization mechanism that encourages smoother representations and more generalizable solutions. Extensive experiments on both supervised and unsupervised tasks demonstrate that coded-smoothing consistently improves generalization and achieves state-of-the-art robustness against gradient-based adversarial attacks.","{""adversarial_core"": [""to randomize the model and enhance robustness against adversarial perturbations. The design of coded-smoothing is inspired by general"", ""inference pipeline to randomize the model and enhance robustness against adversarial perturbations. The design of coded-smoothing is inspir""]}",{},https://openreview.net/pdf/de7234d1e7a5cfcfeb575521041145b7b2249d6f.pdf,https://openreview.net/forum?id=LQzaQhC06b,True,iclr2026_papers.json
iclr2026_papers:578,ICLR,2026,Concept-based Adversarial Attack: a Probabilistic Perspective,6,C-Foundation,adversarial_core;vision_context,"We propose a concept-based adversarial attack framework that extends beyond single-image perturbations by adopting a probabilistic perspective. Rather than modifying a single image, our method operates on an entire concept - represented by a distribution - to generate diverse adversarial examples. Preserving the concept is essential, as it ensures that the resulting adversarial images remain identifiable as instances of the original underlying category or identity. By sampling from this concept-based adversarial distribution, we generate images that maintain the original concept but vary in pose, viewpoint, or background, thereby misleading the classifier. Mathematically, this framework remains consistent with traditional adversarial attacks in a principled manner. Our theoretical and empirical results demonstrate that concept-based adversarial attacks yield more diverse adversarial examples and effectively preserve the underlying concept, while achieving higher attack efficiency.","{""adversarial_core"": [""Concept-based Adversarial Attack: a Probabilistic Perspective We propose a concept-base""], ""vision_context"": [""dversarial attack framework that extends beyond single-image perturbations by adopting a probabilistic perspective.""]}",{},https://openreview.net/pdf/2e96ce71a9cbbe257a731cee968ca50d69a52eac.pdf,https://openreview.net/forum?id=SoVgrFEgWt,True,iclr2026_papers.json
icml2025_papers:2709,ICML,2025,Cowpox: Towards the Immunity of VLM-based Multi-Agent Systems,6,C-Foundation,adversarial_core;vision_context,"Vision Language Model (VLM) Agents are stateful, autonomous entities capable of perceiving and interacting with their environments through vision and language. Multi-agent systems comprise specialized agents who collaborate to solve a (complex) task. A core security property isrobustness, stating that the system maintains its integrity during adversarial attacks. Multi-agent systems lack robustness, as a successful exploit against one agent can spread andinfectother agents to undermine the entire system’s integrity. We propose a defense Cowpox to provably enhance the robustness of a multi-agent system by a distributed mechanism that improves therecovery rateof agents by limiting the expected number of infections to other agents. The core idea is to generate and distribute a specialcure samplethat immunizes an agent against the attack before exposure. We demonstrate the effectiveness of Cowpox empirically and provide theoretical robustness guarantees.","{""adversarial_core"": [""stating that the system maintains its integrity during adversarial attacks. Multi-agent systems lack robustness, as a successful""], ""vision_context"": [""Towards the Immunity of VLM-based Multi-Agent Systems Vision Language Model (VLM) Agents are stateful, autonomous e""]}",{},https://raw.githubusercontent.com/mlresearch/v267/main/assets/wu25aq/wu25aq.pdf,,True,icml2025_papers.json
icml2025_papers:1777,ICML,2025,CROW: Eliminating Backdoors from Large Language Models via Internal Consistency Regularization,6,C-Foundation,adversarial_core;vision_context,"Large Language Models (LLMs) are vulnerable to backdoor attacks that manipulate outputs via hidden triggers. Existing defense methods—designed for vision/text classification tasks—fail for text generation. We proposeInternal Consistency Regularization (CROW), a defense leveraging the observation that backdoored models exhibit unstable layer-wise hidden representations when triggered, while clean models show smooth transitions. CROW enforces consistency across layers via adversarial perturbations and regularization during finetuning, neutralizing backdoors without requiring clean reference models or trigger knowledge—only a small clean dataset. Experiments across Llama-2 (7B, 13B), CodeLlama (7B, 13B), and Mistral-7B demonstrate CROW’s effectiveness: it achieves significant reductions in attack success rates across diverse backdoor strategies (sentiment steering, targeted refusal, code injection) while preserving generative performance. CROW’s architecture-agnostic design enables practical deployment.","{""adversarial_core"": [""ansitions. CROW enforces consistency across layers via adversarial perturbations and regularization during finetuning, neutralizing bac""], ""vision_context"": [""hidden triggers. Existing defense methods—designed for vision/text classification tasks—fail for text generation. We""]}",{},https://raw.githubusercontent.com/mlresearch/v267/main/assets/min25b/min25b.pdf,,True,icml2025_papers.json
cvpr2026_papers:1805,CVPR,2026,Decoupled Generative Modeling for Human-Object Interaction Synthesis,6,C-Foundation,adversarial_core;vision_context,"Synthesizing realistic human-object interaction (HOI) is essential for 3D computer vision and robotics, underpinning animation and embodied control. Existing approaches often require manually specified intermediate waypoints and place all optimization objectives on a single network, which increases complexity, reduces flexibility, and leads to errors such as unsynchronized human and object motion or penetration. To address these issues, we propose Decoupled Generative Modeling for Human-Object Interaction Synthesis (DecHOI), which separates path planning and action synthesis. A trajectory generator first produces human and object trajectories without prescribed waypoints, and an action generator conditions on these paths to synthesize detailed motions. To further improve contact realism, we employ adversarial training with a discriminator that focuses on the dynamics of distal joints. The framework also models a moving counterpart and supports responsive, long‑sequence planning in dynamic scenes, while preserving plan consistency. Across two benchmarks, FullBodyManipulation and 3D-FUTURE, DecHOI surpasses prior methods on most quantitative metrics and qualitative evaluations, and perceptual studies likewise prefer our results.","{""adversarial_core"": [""motions. To further improve contact realism, we employ adversarial training with a discriminator that focuses on the dynamics of d""], ""vision_context"": [""-object interaction (HOI) is essential for 3D computer vision and robotics, underpinning animation and embodied cont""]}",{},https://openaccess.thecvf.com/content/CVPR2026/papers/Jung_Decoupled_Generative_Modeling_for_Human-Object_Interaction_Synthesis_CVPR_2026_paper.pdf,https://cvpr.thecvf.com/virtual/2026/poster/37352,True,cvpr2026_papers.json
neurips2025_papers:3832,NEURIPS,2025,"Dual-Flow: Transferable Multi-Target, Instance-Agnostic Attacks via $\textit{In-the-wild}$ Cascading Flow Optimization",6,C-Foundation,adversarial_core;classification_context,"Adversarial attacks are widely used to evaluate model robustness, and in black-box scenarios, the transferability of these attacks becomes crucial. Existing generator-based attacks have excellent generalization and transferability due to their instance-agnostic nature. However, when training generators for multi-target tasks, the success rate of transfer attacks is relatively low due to the limitations of the model's capacity. To address these challenges, we propose a novel Dual-Flow framework for multi-target instance-agnostic adversarial attacks, utilizing Cascading Distribution Shift Training to develop an adversarial velocity function. Extensive experiments demonstrate that Dual-Flow significantly improves transferability over previous multi-target generative attacks. For example, it increases the success rate from Inception-v3 to ResNet-152 by 34.58%. Furthermore, our attack method shows substantially stronger robustness against defense mechanisms, such as adversarially trained models.","{""adversarial_core"": [""via $\\textit{In-the-wild}$ Cascading Flow Optimization Adversarial attacks are widely used to evaluate model robustness, and in b""], ""classification_context"": [""le, it increases the success rate from Inception-v3 to ResNet-152 by 34.58%. Furthermore, our attack method shows su""]}",{},https://openreview.net/pdf/948b0b9ff51efaa179a4af1c92384c5f393a4b6b.pdf,https://openreview.net/forum?id=zhCv5uZ8bh,True,neurips2025_papers.json
cvpr2026_papers:718,CVPR,2026,Echoes of Ownership: Adversarial-Guided Dual Injection for Copyright Protection in MLLMs,6,C-Foundation,adversarial_core;vision_context,"With the rapid deployment and widespread adoption of multimodal large language models (MLLMs), disputes regarding model version attribution and ownership have become increasingly frequent, raising significant concerns about intellectual property protection. In this paper, we propose a framework for generating copyright triggers for MLLMs, enabling model publishers to embed verifiable ownership information into the model. The goal is to construct trigger images that elicit ownership-related textual responses exclusively in fine-tuned derivatives of the original model, while remaining inert in other non-derivative models. Our method constructs a tracking trigger image by treating the image as a learnable tensor, performing adversarial optimization with dual-injection of ownership-relevant semantic information. The first injection is achieved by enforcing textual consistency between the output of an auxiliary MLLM and a predefined ownership-relevant target text; the consistency loss is backpropagated to inject this ownership-related information into the image. The second injection is performed at the semantic-level by minimizing the distance between the CLIP features of the image and those of the target text. Furthermore, we introduce an additional adversarial training stage involving the auxiliary model derived from the original model itself. This model is trained to resist generating ownership-relevant target text, thereby enhancing robustness in heavily fine-tuned derivative models. Extensive experiments demonstrate the effectiveness of our dual-injection approach in tracking model lineage under various fine-tuning and domain-shift scenarios.","{""adversarial_core"": [""e target text. Furthermore, we introduce an additional adversarial training stage involving the auxiliary model derived from the o""], ""vision_context"": [""ation into the model. The goal is to construct trigger images that elicit ownership-related textual responses exclus""]}",{},https://openaccess.thecvf.com/content/CVPR2026/papers/Xia_Echoes_of_Ownership_Adversarial-Guided_Dual_Injection_for_Copyright_Protection_in_CVPR_2026_paper.pdf,https://cvpr.thecvf.com/virtual/2026/poster/39817,True,cvpr2026_papers.json
icml2024_papers:1238,ICML,2024,Enhancing Adversarial Robustness in SNNs with Sparse Gradients,6,C-Foundation,adversarial_core;vision_context,"Spiking Neural Networks (SNNs) have attracted great attention for their energy-efficient operations and biologically inspired structures, offering potential advantages over Artificial Neural Networks (ANNs) in terms of energy efficiency and interpretability. Nonetheless, similar to ANNs, the robustness of SNNs remains a challenge, especially when facing adversarial attacks. Existing techniques, whether adapted from ANNs or specifically designed for SNNs, exhibit limitations in training SNNs or defending against strong attacks. In this paper, we propose a novel approach to enhance the robustness of SNNs through gradient sparsity regularization. We observe that SNNs exhibit greater resilience to random perturbations compared to adversarial perturbations, even at larger scales. Motivated by this, we aim to narrow the gap between SNNs under adversarial and random perturbations, thereby improving their overall robustness. To achieve this, we theoretically prove that this performance gap is upper bounded by the gradient sparsity of the probability associated with the true label concerning the input image, laying the groundwork for a practical strategy to train robust SNNs by regularizing the gradient sparsity. We validate the effectiveness of our approach through extensive experiments on both image-based and event-based datasets. The results demonstrate notable improvements in the robustness of SNNs. Our work highlights the importance of gradient sparsity in SNNs and its role in enhancing robustness.","{""adversarial_core"": [""Enhancing Adversarial Robustness in SNNs with Sparse Gradients Spiking Neural Networks""], ""vision_context"": [""ty associated with the true label concerning the input image, laying the groundwork for a practical strategy to tra""]}",{},https://raw.githubusercontent.com/mlresearch/v235/main/assets/liu24f/liu24f.pdf,,True,icml2024_papers.json
iclr2026_papers:3888,ICLR,2026,Enhancing Learning with Noisy Labels via Rockafellian Relaxation,6,C-Foundation,adversarial_core;vision_context,"Labeling errors in datasets are common, arising in a variety of contexts, such as human labeling and weak labeling. Although neural networks (NNs) can tolerate modest amounts of these errors, their performance degrades substantially once the label error rate exceeds a certain threshold. We propose the Rockafellian Relaxation Method (RRM) -- an architecture-independent, loss reweighting approach to enhance the capacity of neural network methods to accommodate noisy labeled data. More precisely, it functions as a wrapper, modifying any methodology's training loss - particularly, the supervised component. Experiments indicate RRM can provide an increase to accuracy across classification tasks in computer vision and natural language processing (sentiment analysis). This observed potential for increase holds irrespective of dataset size, noise generation (synthetic/human), data domain, and adversarial perturbation.","{""adversarial_core"": ["", noise generation (synthetic/human), data domain, and adversarial perturbation. Noisy Labels Loss-reweighting Neural Networks""], ""vision_context"": [""se to accuracy across classification tasks in computer vision and natural language processing (sentiment analysis).""]}",{},https://openreview.net/pdf/64a7e4466016269261a20e15b2363acb76010535.pdf,https://openreview.net/forum?id=g4EpGiN5X3,True,iclr2026_papers.json
neurips2025_papers:234,NEURIPS,2025,Erasing Conceptual Knowledge from Language Models,6,C-Foundation,adversarial_core,"In this work, we introduce Erasure of Language Memory (ELM), a principled approach to concept-level unlearning that operates by matching distributions defined by the model's own introspective classification capabilities. Our key insight is that effective unlearning should leverage the model's ability to evaluate its own knowledge, using the language model itself as a classifier to identify and reduce the likelihood of generating content related to undesired concepts. ELM applies this framework to create targeted low-rank updates that reduce generation probabilities for concept-specific content while preserving the model's broader capabilities. We demonstrate ELM's efficacy on biosecurity, cybersecurity, and literary domain erasure tasks. Comparative evaluation reveals that ELM-modified models achieve near-random performance on assessments targeting erased concepts, while simultaneously preserving generation coherence, maintaining benchmark performance on unrelated tasks, and exhibiting strong robustness to adversarial attacks.","{""adversarial_core"": [""n unrelated tasks, and exhibiting strong robustness to adversarial attacks. Concept Unlearning Erasing Bio Threat Erasing Cyber T"", ""performance on unrelated tasks, and exhibiting strong robustness to adversarial attacks. Concept Unlearning Erasing Bio Threat Erasing""]}",{},https://openreview.net/pdf/d3eb6a85fb766f43f36a419098dff785f93307c4.pdf,https://openreview.net/forum?id=N5V3dlIck9,True,neurips2025_papers.json
iclr2026_papers:7226,ICLR,2026,Evading Protections Against Unauthorized Data Usage via Limited Fine-tuning,6,C-Foundation,adversarial_core;vision_context,"Text-to-image diffusion models, such as Stable Diffusion, have demonstrated exceptional potential in generating high-quality images. However, recent studies highlight concerns about the use of unauthorized data in training these models, which can lead to intellectual property infringement or privacy violations. A promising approach to mitigating these issues is to embed a signature in the model that can be detected or verified from its generated images. Existing works also aim to fully prevent training on protected images by degrading generation quality, achieved by injecting adversarial perturbations onto training data. In this paper, we propose RATTAN, which effectively evades such protection methods by removing the protective perturbations from images and catastrophically forgetting such learned features in a model. It leverages the diffusion process for controlled image generation on the protected input, preserving high-level features while ignoring the low-level details utilized by the embedded pattern. A small number of our generated images (e.g., 10) are then used to fine-tune marked models to remove the learned features. Our experiments on four datasets, two different IP protection methods, and 300 text-to-image diffusion models reveal that while some protections already suffer from weak memorization, RATTAN can reliably bypass stronger defenses, exposing fundamental limitations of current protections and highlighting the need for stronger defenses.","{""adversarial_core"": [""by degrading generation quality, achieved by injecting adversarial perturbations onto training data. In this paper, we propose RATTAN,""], ""vision_context"": [""nauthorized Data Usage via Limited Fine-tuning Text-to-image diffusion models, such as Stable Diffusion, have demon""]}",{},https://openreview.net/pdf/fe3b007707b1764b844df9bdf7ac826af735edda.pdf,https://openreview.net/forum?id=Dnto7O7p3W,True,iclr2026_papers.json
icml2025_papers:49,ICML,2025,Explaining the role of Intrinsic Dimensionality in Adversarial Training,6,C-Foundation,adversarial_core;vision_context,"Adversarial Training (AT) impacts different architectures in distinct ways: vision models gain robustness but face reduced generalization, encoder-based models exhibit limited robustness improvements with minimal generalization loss, and recent work in latent-space adversarial training demonstrates that decoder-based models achieve improved robustness by applying AT across multiple layers. We provide the first explanation for these trends by leveraging the manifold conjecture: off-manifold adversarial examples (AEs) enhance robustness, while on-manifold AEs improve generalization. We show that vision and decoder-based models exhibit low intrinsic dimensionality in earlier layers (favoring off-manifold AEs), whereas encoder-based models do so in later layers (favoring on-manifold AEs). Exploiting this property, we introduce SMAAT, which improves the scalability of AT for encoder-based models by perturbing the layer with the lowest intrinsic dimensionality. This reduces the projected gradient descent (PGD) chain length required for AE generation, cutting GPU time by 25–33% while significantly boosting robustness. We validate SMAAT across multiple tasks, including text generation, sentiment classification, safety filtering, and retrieval augmented generation setups, demonstrating superior robustness with comparable generalization to standard training.","{""adversarial_core"": [""Explaining the role of Intrinsic Dimensionality in Adversarial Training Adversarial Training (AT) impacts different architectu""], ""vision_context"": [""(AT) impacts different architectures in distinct ways: vision models gain robustness but face reduced generalization""]}",{},https://raw.githubusercontent.com/mlresearch/v267/main/assets/altinisik25a/altinisik25a.pdf,,True,icml2025_papers.json
cvpr2026_papers:3345,CVPR,2026,FAPE-IR: Frequency-Aware Planning and Execution Framework for All-in-One Image Restoration,6,C-Foundation,adversarial_core;vision_context,"All-in-One Image Restoration (AIO-IR) aims to develop a unified model that can handle multiple degradations under complex conditions. However, existing methods often rely on task-specific designs or latent routing strategies, making it hard to adapt to real-world scenarios with various degradations. We propose FAPE-IR, a Frequency-Aware Planning and Execution framework for image restoration. It uses a frozen Multimodal Large Language Model (MLLM) as a planner to analyze degraded images and generate concise, frequency-aware restoration plans. These plans guide a LoRA-based Mixture-of-Experts (LoRA-MoE) module within a diffusion-based executor, which dynamically selects high- or low-frequency experts, complemented by frequency features of the input image. To further improve restoration quality and reduce artifacts, we introduce adversarial training and a frequency regularization loss. By coupling semantic planning with frequency-based restoration, FAPE-IR offers a unified and interpretable solution for all-in-one image restoration. Extensive experiments show that FAPE-IR achieves state-of-the-art performance across seven restoration tasks and exhibits strong zero-shot generalization under mixed degradations.","{""adversarial_core"": [""restoration quality and reduce artifacts, we introduce adversarial training and a frequency regularization loss. By coupling seman""], ""vision_context"": [""-Aware Planning and Execution Framework for All-in-One Image Restoration All-in-One Image Restoration (AIO-IR) aims""]}",{},https://openaccess.thecvf.com/content/CVPR2026/papers/Liu_FAPE-IR_Frequency-Aware_Planning_and_Execution_Framework_for_All-in-One_Image_Restoration_CVPR_2026_paper.pdf,https://cvpr.thecvf.com/virtual/2026/poster/36935,True,cvpr2026_papers.json
iclr2026_papers:1045,ICLR,2026,FARI: Robust One-Step Inversion for Watermarking in Diffusion Models,6,C-Foundation,adversarial_core;vision_context,"Inversion-based watermarking is a promising approach to authenticate diffusion-generated images, yet practical use is bottlenecked by inversion that is both slow and error-prone. While the primary challenge in the watermarking setting is robustness against external distortions, existing approaches over-optimize internal truncation error, and because that error scales with the sampler step size, they are inherently confined to high-NFE (number of function evaluations) regimes that cannot meet the dual demands of speed and robustness. In this work, we have two key observations: (i) the inversion trajectory has markedly lower curvature than the forward generation path does, making it highly compressible and amenable to low-NFE approximation; and (ii) in inversion for watermark verification, the trade-off between speed and truncation error is less critical, since external distortions dominate the error. A faster inverter provides a dual benefit: it is not only more efficient, but it also enables end-to-end adversarial training to directly target robustness, a task that is computationally prohibitive for the original, lengthy inversion trajectories. Building on this, we propose **FARI** (**F**ast **A**symmetric **R**obust **I**nversion), a one-step inversion framework paired with lightweight adversarial LoRA fine-tuning of the denoiser for watermark extraction. While consolidation slightly increases internal error, FARI delivers large gains in both speed and robustness: with ~20 minutes of fine-tuning on a single NVIDIA RTX A6000 GPU, it surpasses 50-step DDIM inversion on watermark-verification robustness while dramatically reducing inference time.","{""adversarial_core"": [""ot only more efficient, but it also enables end-to-end adversarial training to directly target robustness, a task that is computat""], ""vision_context"": [""promising approach to authenticate diffusion-generated images, yet practical use is bottlenecked by inversion that i""]}",{},https://openreview.net/pdf/f2c9f216764e6988d987a926868dee7abbee1ebe.pdf,https://openreview.net/forum?id=YiGdNowqj6,True,iclr2026_papers.json
cvpr2026_papers:1490,CVPR,2026,Finetune Like You Pretrain: Boosting Zero-shot Adversarial Robustness in Vision-language Models,6,C-Foundation,adversarial_core;vision_context,,"{""adversarial_core"": [""Finetune Like You Pretrain: Boosting Zero-shot Adversarial Robustness in Vision-language Models""], ""vision_context"": [""Pretrain: Boosting Zero-shot Adversarial Robustness in Vision-language Models""]}",{},,https://cvpr.thecvf.com/virtual/2026/poster/40586,False,cvpr2026_papers.json
neurips2025_papers:757,NEURIPS,2025,Fit the Distribution: Cross-Image/Prompt Adversarial Attacks on Multimodal Large Language Models,6,C-Foundation,adversarial_core;vision_context,"Although Multimodal Large Language Models (MLLMs) have demonstrated remarkable achievements in recent years, they remain vulnerable to adversarial examples that result in harmful responses. Existing attacks typically focus on optimizing adversarial perturbations for a certain multimodal image-prompt pair or fixed training dataset, which often leads to overfitting. Consequently, these perturbations fail to remain malicious once transferred to attack unseen image-prompt pairs, suffering from significant resource costs to cover the diverse multimodal inputs in complicated real-world scenarios. To alleviate this issue, this paper proposes a novel adversarial attack on MLLMs based on distribution approximation theory, which models the potential image-prompt input distribution and adds the same distribution-fitting adversarial perturbation on multimodal input pairs to achieve effective cross-image/prompt transfer attacks. Specifically, we exploit the Laplace approximation to model the Gaussian distribution of the image and prompt inputs for the MLLM, deriving an estimate of the mean and covariance parameters. By sampling from this approximated distribution with Monte Carlo mechanism, we efficiently optimize and fit a single input‑agnostic perturbation over diverse image‑prompt pairs, yielding strong universality and transferability. Extensive experiments are conducted to verify the strong adversarial capabilities of our proposed attack against prevalent MLLMs spanning a spectrum of images/prompts.","{""adversarial_core"": [""Fit the Distribution: Cross-Image/Prompt Adversarial Attacks on Multimodal Large Language Models Although Multimoda""], ""vision_context"": [""Fit the Distribution: Cross-Image/Prompt Adversarial Attacks on Multimodal Large Languag""]}",{},https://openreview.net/pdf/25ef46bcbd620f7b579aaca3639f55ff17933da6.pdf,https://openreview.net/forum?id=kn0AyMYw0v,True,neurips2025_papers.json
cvpr2026_papers:4945,CVPR,2026,FlashIn: Fast and Accurate Image Inversion for Real-time Image Editing,6,C-Foundation,adversarial_core;vision_context,"Given an image and a descriptive prompt, image inversion seeks to identify the initial noise that, when denoised, accurately reconstructs the original image. This is crucial for applications like image editing, which can be achieved by denoising the inverted noise with an edited prompt. Existing methods often rely on approximations. They often require many steps, leading to inaccuracies, slow processing, and artifacts due to the inherent intractability in the inversion process. To overcome these issues, in this work, we propose FlashIn, a novel algorithm for faster and more accurate image inversion, enabling high-quality, real-time editing. FlashIn offers two main contributions: i) A learnable neural network directly maps an image to its corresponding noise. Trained with a cycle-consistent strategy using generated data and seed noise, this approach yields a more efficient and precise inversion model. ii) Adversarial training aligns noise-reconstructed images with real ones, enhancing inversion accuracy and editing quality. These strategies enable a fast, accurate inversion process in a single step, with further improvements possible through additional steps. Integrated with few-step diffusion models such as Flux.1-Schnell, our method achieves high-quality image editing within one second on a single A100 GPU, facilitating real-time, interactive editing. Extensive experiments demonstrate that FlashIn delivers state-of-the-art inversion precision and impressive editing results across various scenarios and applications.","{""adversarial_core"": [""elds a more efficient and precise inversion model. ii) Adversarial training aligns noise-reconstructed images with real ones, enha""], ""vision_context"": [""FlashIn: Fast and Accurate Image Inversion for Real-time Image Editing Given an image a""]}",{},https://openaccess.thecvf.com/content/CVPR2026/papers/Wang_FlashIn_Fast_and_Accurate_Image_Inversion_for_Real-time_Image_Editing_CVPR_2026_paper.pdf,https://cvpr.thecvf.com/virtual/2026/poster/37523,True,cvpr2026_papers.json
iclr2026_papers:8262,ICLR,2026,Focused Diffusion GAN: Object-Centric Image Generation Using Integrated GAN and Diffusion Frameworks,6,C-Foundation,adversarial_core;vision_context,"Generative Adversarial Networks (GANs) and Diffusion Models (DMs) have shown significant progress in synthesizing high-quality object-centric images. However, generating realistic object-centric images remains challenging when training datasets are limited or contain degraded images (e.g., privacy-induced face blurring). Under these conditions, existing generative models frequently produce images that lack perceptual quality or exhibit overfitting to the training examples. To overcome these limitations, we propose a novel hybrid generative model, \textit{Focused Diffusion-GAN (FDGAN)}, targeting low-data object-centric regimes, which integrates a GAN discriminator directly into the diffusion model at intermediate denoising stages. Central to FDGAN is an Additional Noise Perturbation Module (ANPM) that selectively activates the GAN component only for images sufficiently denoised, ensuring the discriminator receives meaningful input. Additionally, ANPM applies targeted noise perturbations within predefined bounding-box regions, implicitly guiding the model’s focus toward key objects. FDGAN differs from other models like LayoutDiffusion, which explicitly conditions synthesis on fixed bounding-box layouts, or Diffusion-GAN and StyleGAN2-ADA, which employ noise augmentation throughout the entire training process, by combining adversarial training with targeted noise perturbations at specific intermediate diffusion steps. We evaluate FDGAN on three small object-centric datasets (Cityscapes subset, Traffic-Signs, and MS-COCO ``potted plant'') and, against strong GAN, diffusion, and object-centric baselines, show improved perceptual quality (Fréchet Distance) and reduced overfitting (Feature Likelihood Score). Ablation studies indicate that selective mid-timestep adversarial guidance together with ANPM improves the realism–overfitting trade-off in limited-data generative tasks.","{""adversarial_core"": [""n throughout the entire training process, by combining adversarial training with targeted noise perturbations at specific intermed""], ""vision_context"": [""Focused Diffusion GAN: Object-Centric Image Generation Using Integrated GAN and Diffusion Framewor""]}",{},https://openreview.net/pdf/35c15834e7145ee8e73ba6f51875020c2a50af3e.pdf,https://openreview.net/forum?id=dRuwfxCCpF,True,iclr2026_papers.json
neurips2025_papers:3533,NEURIPS,2025,From Noise to Narrative: Tracing the Origins of Hallucinations in Transformers,6,C-Foundation,adversarial_core;vision_context,"As generative AI systems become competent and democratized in science, business, and government, deeper insight into their failure modes now poses an acute need. The occasional volatility in their behavior, such as the propensity of transformer models to hallucinate, impedes trust and adoption of emerging AI solutions in high-stakes areas. In the present work, we establish how and when hallucinations arise in pre-trained transformer models through concept representations captured by sparse autoencoders, under scenarios with experimentally controlled uncertainty in the input space. Our systematic experiments reveal that the number of semantic concepts used by the transformer model grows as the input information becomes increasingly unstructured. In the face of growing uncertainty in the input space, the transformer model becomes prone to activate coherent yet input-insensitive semantic features, leading to hallucinated output. At its extreme, for pure-noise inputs, we identify a wide variety of robustly triggered and meaningful concepts in the intermediate activations of pre-trained transformer models, whose functional integrity we confirm through targeted steering. We also show that hallucinations in the output of a transformer model can be reliably predicted from the concept patterns embedded in transformer layer activations. This collection of insights on transformer internal processing mechanics has immediate consequences for aligning AI models with human values, AI safety, opening the attack surface for potential adversarial attacks, and providing a basis for automatic quantification of a model’s hallucination risk.","{""adversarial_core"": [""s, AI safety, opening the attack surface for potential adversarial attacks, and providing a basis for automatic quantification of""], ""vision_context"": [""toencoders transformer hallucinations concept steering vision transformers large language models noise‑trained repre""]}",{},https://openreview.net/pdf/338d1115a9b7a074809c12b7d61ce9cbe4d68bbb.pdf,https://openreview.net/forum?id=xd7cXU2P4G,True,neurips2025_papers.json
cvpr2026_papers:3352,CVPR,2026,GenBreak: Red Teaming Text-to-Image Generation Using Large Language Models,6,C-Foundation,adversarial_core;vision_context,"Text-to-image (T2I) models such as Stable Diffusion have advanced rapidly and are now widely used in content creation. However, these models can be misused to generate harmful content, including nudity or violence, posing significant safety risks. While most platforms employ content moderation systems, underlying vulnerabilities can still be exploited by deliberate adversaries.Recent research on red-teaming and adversarial attacks against T2I models faces a critical limitation: existing methods struggle to balance prompt stealthiness with high toxicity in generated images. Some studies successfully generate highly toxic images but use adversarial prompts that are easily detected and blocked by safety filters, while others focus on bypassing safety mechanisms but fail to produce genuinely harmful outputs, neglecting the discovery of truly high-risk prompts. Consequently, there remains a lack of reliable tools for evaluating the safety of defended T2I models.To address this gap, we propose GenBreak, a framework that fine-tunes a red-team large language model (LLM) to systematically explore underlying vulnerabilities in T2I generators. Our approach combines supervised fine-tuning on curated datasets with reinforcement learning via interaction with a surrogate T2I model. By integrating multiple reward signals, we guide the LLM to craft adversarial prompts that enhance both evasion capability and image toxicity, while maintaining semantic coherence and diversity. These prompts demonstrate strong effectiveness in black-box attacks against commercial T2I generators, revealing practical safety weaknesses.","{""adversarial_core"": [""iberate adversaries.Recent research on red-teaming and adversarial attacks against T2I models faces a critical limitation: existi""], ""vision_context"": [""GenBreak: Red Teaming Text-to-Image Generation Using Large Language Models Text-to-image (""]}",{},https://openaccess.thecvf.com/content/CVPR2026/papers/Wang_GenBreak_Red_Teaming_Text-to-Image_Generation_Using_Large_Language_Models_CVPR_2026_paper.pdf,https://cvpr.thecvf.com/virtual/2026/poster/38385,True,cvpr2026_papers.json
iclr2026_papers:355,ICLR,2026,Get RICH or Die Scaling: Profitably Trading Inference Compute for Robustness,6,C-Foundation,adversarial_core;vision_context,"Test-time reasoning has raised benchmark performances and even shown promise in addressing the historically intractable problem of making models robust to adversarially out-of-distribution (OOD) data. Indeed, recent work used reasoning to aid satisfaction of model specifications designed to thwart attacks, finding a striking correlation between LLM reasoning effort and robustness to jailbreaks. However, this benefit fades when stronger (e.g. gradient-based or multimodal) attacks are used. This may be expected as models often can't follow instructions on the adversarially OOD data created by such attacks, and instruction following is needed to act in accordance with the attacker-thwarting spec. Thus, we hypothesize that the test-time robustness benefits of specs are unlocked by initial robustness sufficient to follow instructions on OOD data. Namely, we posit the Robustness from Inference Compute Hypothesis (RICH): inference-compute defenses profit as the model's training data better reflects the components of attacked data. Guided by the RICH, we test models of varying initial-robustness levels, finding inference-compute adds robustness even to white-box multimodal attacks, provided the model has sufficient initial robustness. Further evidencing a rich-get-richer dynamic, InternVL 3.5 gpt-oss 20B gains little robustness when its test compute is scaled, but such scaling adds significant robustness if we first robustify its vision encoder (creating the first adversarially robust reasoning VLM in the process). Robustifying models makes attacked components of data more in-distribution (ID), and the RICH suggests this fuels compositional generalization -- understanding OOD data via its ID components -- to following spec instructions on adversarial data. Consistently, we find test-time defenses both build and depend on train-time data and defenses.","{""adversarial_core"": [""both build and depend on train-time data and defenses. adversarial robustness inference-compute scaling VLMs efficiency""], ""vision_context"": [""adds significant robustness if we first robustify its vision encoder (creating the first adversarially robust reaso""]}",{},https://openreview.net/pdf/1cca1094b860389dc92a8e84fff4e12079ed47bf.pdf,https://openreview.net/forum?id=PLZx2hpauY,True,iclr2026_papers.json
icml2024_papers:1240,ICML,2024,Graph Adversarial Diffusion Convolution,6,C-Foundation,adversarial_core,"This paper introduces a min-max optimization formulation for the Graph Signal Denoising (GSD) problem. In this formulation, we first maximize the second term of GSD by introducing perturbations to the graph structure based on Laplacian distance and then minimize the overall loss of the GSD. By solving the min-max optimization problem, we derive a new variant of the Graph Diffusion Convolution (GDC) architecture, called Graph Adversarial Diffusion Convolution (GADC). GADC differs from GDC by incorporating an additional term that enhances robustness against adversarial attacks on the graph structure and noise in node features. Moreover, GADC improves the performance of GDC on heterophilic graphs. Extensive experiments demonstrate the effectiveness of GADC across various datasets. Code is available at https://github.com/SongtaoLiu0823/GADC.","{""adversarial_core"": [""ng an additional term that enhances robustness against adversarial attacks on the graph structure and noise in node features. Mor"", ""GDC by incorporating an additional term that enhances robustness against adversarial attacks on the graph structure and noise in node featu""]}",{},https://raw.githubusercontent.com/mlresearch/v235/main/assets/liu24h/liu24h.pdf,,True,icml2024_papers.json
iclr2026_papers:4155,ICLR,2026,GTA1: GUI Test-time Scaling Agent,6,C-Foundation,adversarial_core;vision_context,"Graphical user interface (GUI) agents autonomously complete tasks across platforms (\eg, Linux) by sequentially decomposing user instructions into action proposals that iteratively interact with visual elements in the evolving environment. However, two main challenges arise: i) planning (\ie, the action proposal sequence) under expansive action space, where selecting an appropriate plan is non-trivial, as many valid ones may exist; ii) accurately grounding actions in complex and high-resolution interfaces, \ie, precisely interacting with visual targets. This paper investigates the aforementioned challenges with our \textbf{G}UI \textbf{T}est-time Scaling \textbf{A}gent, namely \name. First, we conduct test-time scaling to select the most appropriate action proposal: at each step, multiple candidate proposals are sampled and evaluated and selected by a judge model. It trades off computation for better decision quality by concurrent sampling. Second, we propose a model that improves grounding of the selected action proposals to its corresponding visual elements. Our key insight is that reinforcement learning (RL) facilitates grounding through inherent objective alignments, rewarding successful clicks on interface elements. Experimentally, \name achieves state-of-the-art performance on both grounding and agent task execution benchmarks.","{""adversarial_core"": [""ampled and evaluated and selected by a judge model. It trades off computation for better decision quality by concurr""], ""vision_context"": [""s into action proposals that iteratively interact with visual elements in the evolving environment. However, two mai""]}",{},https://openreview.net/pdf/0ee763621edb025ab0adccc6e7667ef0d02f925a.pdf,https://openreview.net/forum?id=3VIPmz7iAi,True,iclr2026_papers.json
icml2025_papers:835,ICML,2025,Guardians of Image Quality: Benchmarking Defenses Against Adversarial Attacks on Image Quality Metrics,6,C-Foundation,adversarial_core;vision_context,"Modern neural-network-based Image Quality Assessment (IQA) metrics are vulnerable to adversarial attacks, which can be exploited to manipulate search engine rankings, benchmark results, and content quality assessments, raising concerns about the reliability of IQA metrics in critical applications. This paper presents the first comprehensive study of IQA defense mechanisms in response to adversarial attacks on these metrics to pave the way for safer use of IQA metrics. We systematically evaluated 30 defense strategies, including purification, training-based, and certified methods — and applied 14 adversarial attacks in adaptive and non-adaptive settings to compare these defenses on 9 no-reference IQA metrics. Our proposed benchmark aims to guide the development of IQA defense methods and is open to submissions; the latest results and code are at https://msu-video-group.github.io/adversarial-defenses-for-iqa/.","{""adversarial_core"": [""rdians of Image Quality: Benchmarking Defenses Against Adversarial Attacks on Image Quality Metrics Modern neural-network-based I""], ""vision_context"": [""Guardians of Image Quality: Benchmarking Defenses Against Adversarial Att""]}",{},https://raw.githubusercontent.com/mlresearch/v267/main/assets/gushchin25a/gushchin25a.pdf,,True,icml2025_papers.json
cvpr2026_papers:4519,CVPR,2026,Hierarchical Attacks for Multi‑Modal Multi‑Agent Reasoning,6,C-Foundation,adversarial_core;vision_context,"Multi‑modal multi‑agent systems (MM‑MAS) have gained increasing attention for their capacity to enable complex reasoning and coordination across diverse modalities. As these systems continue to expand in scale and functionality, investigating their potential vulnerabilities has become increasingly important.However, existing studies on adversarial attacks in multi‑agent systems primarily focus on isolated agents or unimodal settings, leaving the vulnerabilities of MM‑MAS largely underexplored. To bridge this gap, we introduce HAM\textsuperscript{3}, a Hierarchical Attack framework for multi-modal multi-agent systems that decomposes attacks into three interconnected layers. Specifically, at the perception layer, HAM\textsuperscript{3}mounts attacks by perturbing visual inputs, textual inputs, and their fused visual–textual representations. At the communication layer, it performs communication-level attacks that corrupt message content and interaction topology, such as manipulating shared context or communication links to distort collective information flow. At the reasoning layer, it conducts reasoning-level attacks that interfere with each agent’s cognitive pipeline, biasing reasoning trajectories and ultimately compromising final decisions. We evaluate HAM\textsuperscript{3} on the GQA benchmark through multi‑agent systems built on distinct reasoning paradigms including ReAct, Plan‑and‑Solve, and Reflexion. Experiments demonstrate that our framework achieves an Attack Success Rate of up to 78.3\%, with reasoning‑layer attacks being the most effective. More than half of the successful attacks lead multiple agents to produce consistent errors. These findings offer valuable insights for building more robust and interpretable multi‑agent intelligence.","{""adversarial_core"": [""me increasingly important.However, existing studies on adversarial attacks in multi‑agent systems primarily focus on isolated age""], ""vision_context"": [""er, HAM\\textsuperscript{3}mounts attacks by perturbing visual inputs, textual inputs, and their fused visual–textual""]}",{},https://openaccess.thecvf.com/content/CVPR2026/papers/Zhou_Hierarchical_Attacks_for_Multi-Modal_Multi-Agent_Reasoning_CVPR_2026_paper.pdf,https://cvpr.thecvf.com/virtual/2026/poster/37614,True,cvpr2026_papers.json
icml2025_papers:2627,ICML,2025,Identifying and Understanding Cross-Class Features in Adversarial Training,6,C-Foundation,adversarial_core,"Adversarial training (AT) has been considered one of the most effective methods for making deep neural networks robust against adversarial attacks, while the training mechanisms and dynamics of AT remain open research problems. In this paper, we present a novel perspective on studying AT through the lens of class-wise feature attribution. Specifically, we identify the impact of a key family of features on AT that are shared by multiple classes, which we call cross-class features. These features are typically useful for robust classification, which we offer theoretical evidence to illustrate through a synthetic data model. Through systematic studies across multiple model architectures and settings, we find that during the initial stage of AT, the model tends to learn more cross-class features until the best robustness checkpoint. As AT further squeezes the training robust loss and causes robust overfitting, the model tends to make decisions based on more class-specific features. Based on these discoveries, we further provide a unified view of two existing properties of AT, including the advantage of soft-label training and robust overfitting. Overall, these insights refine the current understanding of AT mechanisms and provide new perspectives on studying them. Our code is available at https://github.com/PKU-ML/Cross-Class-Features-AT.","{""adversarial_core"": [""Identifying and Understanding Cross-Class Features in Adversarial Training Adversarial training (AT) has been considered one of t"", ""most effective methods for making deep neural networks robust against adversarial attacks, while the training mechanisms and dynamics of""]}",{},https://raw.githubusercontent.com/mlresearch/v267/main/assets/wei25b/wei25b.pdf,,True,icml2025_papers.json
cvpr2026_papers:3564,CVPR,2026,Improving Adversarial Transferability with Local Perturbation Augmentation,6,C-Foundation,adversarial_core;classification_context,"Adversarial examples expose fundamental vulnerabilities within deep neural networks, and their transferability highlights shared weaknesses across diverse models. Existing mainstream attack methods often rely on iterative processes with various strategies to improve transferability, but the limited knowledge of the target model restricts the success of these approaches. In this paper, we reveal that the iterative optimization process tends to over-specialize adversarial perturbations to the local gradient characteristics of the surrogate model, thereby hindering their transferability to other models. To address this limitation, we propose a novel attack method called Local Perturbation Augmentation Attack (LPAA). The key innovation of our approach lies in constructing multiple augmented local subspaces during each iteration, which steers perturbation updates towards a more generalizable direction, effectively reducing over-reliance on the surrogate model. Additionally, to improve the initial performance and overcome sensitivity to initial perturbation, we introduce a dedicated perturbation initialization strategy that ensures the optimization process starts from a direction with greater ability for transferability. Compared with existing random neighborhood sampling strategies, the LPAA serves as an effective approach that leverages the directional characteristics of perturbations to overcome their limitations. Extensive experiments on CNNs and ViTs demonstrate that LPAA consistently generates highly transferable adversarial examples, significantly surpassing the performance of state-of-the-art methods.","{""adversarial_core"": [""l Transferability with Local Perturbation Augmentation Adversarial examples expose fundamental vulnerabilities within deep neural""], ""classification_context"": [""o overcome their limitations. Extensive experiments on CNNs and ViTs demonstrate that LPAA consistently generates""]}",{},https://openaccess.thecvf.com/content/CVPR2026/papers/Mi_Improving_Adversarial_Transferability_with_Local_Perturbation_Augmentation_CVPR_2026_paper.pdf,https://cvpr.thecvf.com/virtual/2026/poster/39143,True,cvpr2026_papers.json
icml2025_papers:537,ICML,2025,Improving Zero-Shot Adversarial Robustness in Vision-Language Models by Closed-form Alignment of Adversarial Path Simplices,6,C-Foundation,adversarial_core;vision_context,"Vision-Language Models (VLMs) such as CLIP excel at zero-shot classification due to large-scale pre-training but are vulnerable to adversarial examples. Adversarial fine-tuning robustifies zero-shot models by aligning prediction scores of individual adversaries with their clean counterparts, which typically overlooks intermediate adversarial samples along the adversarial trajectory crossing the decision boundary. Such intermediate adversaries and their vicinity produce informative representations capturing the decision boundary in detail. They can be improved by sampling adversarial candidates from simplices formed by joining two consecutive vertices on the adversarial trajectory and their clean counterpart. However, sampling simplices for adversaries is very costly. To train robust VLM, we overcome these limitations by Taylor expansion and formulating an upper-bound of alignment loss that depends on the Jacobian/Hessian obtained at clean samples. As regions between clean and intermediate adversarial samples capture a larger decision landscape, we robustify VLM by plausible adversaries from simplices by our closed-form formulation equivalent to infinite uniform sampling of the simplex. We obtain state-of-the-art robustness across 15 datasets and diverse vision-language tasks.","{""adversarial_core"": [""Improving Zero-Shot Adversarial Robustness in Vision-Language Models by Closed-form Alignment of""], ""vision_context"": [""Improving Zero-Shot Adversarial Robustness in Vision-Language Models by Closed-form Alignment of Adversaria""]}",{},https://raw.githubusercontent.com/mlresearch/v267/main/assets/dong25f/dong25f.pdf,,True,icml2025_papers.json
neurips2025_papers:2113,NEURIPS,2025,Kernel Learning with Adversarial Features: Numerical Efficiency and Adaptive Regularization,6,C-Foundation,adversarial_core,"Adversarial training has emerged as a key technique to enhance model robustness against adversarial input perturbations. Many of the existing methods rely on computationally expensive min-max problems that limit their application in practice. We propose a novel formulation of adversarial training in reproducing kernel Hilbert spaces, shifting from input to feature-space perturbations. This reformulation enables the exact solution of inner maximization and efficient optimization. It also provides a regularized estimator that naturally adapts to the noise level and the smoothness of the underlying function. We establish conditions under which the feature-perturbed formulation is a relaxation of the original problem and propose an efficient optimization algorithm based on iterative kernel ridge regression. We provide generalization bounds that help to understand the properties of the method. We also extend the formulation to multiple kernel learning. Empirical evaluation shows good performance in both clean and adversarial settings.","{""adversarial_core"": [""ures: Numerical Efficiency and Adaptive Regularization Adversarial training has emerged as a key technique to enhance model robust"", ""aining has emerged as a key technique to enhance model robustness against adversarial input perturbations. Many of the existing methods rely""]}",{},https://openreview.net/pdf/f969e02ace921d067da7634374c9adc6fac83fb1.pdf,https://openreview.net/forum?id=nsE0QN904q,True,neurips2025_papers.json
iclr2026_papers:8401,ICLR,2026,Learning Better Certified Models from Empirically-Robust Teachers,6,C-Foundation,adversarial_core;vision_context,"Adversarial training attains strong empirical robustness to specific adversarial attacks by training on concrete adversarial perturbations, but it produces neural networks that are not amenable to strong robustness certificates through neural network verification. On the other hand, earlier certified training schemes directly train on bounds from network relaxations to obtain models that are certifiably robust, but display sub-par standard performance. Recent work has shown that state-of-the-art trade-offs between certified robustness and standard performance can be obtained through a family of losses combining adversarial outputs and neural network bounds. Nevertheless, differently from empirical robustness, verifiability still comes at a significant cost in standard performance. In this work, we propose to leverage empirically-robust teachers to improve the performance of certifiably-robust models through knowledge distillation. Using a versatile feature-space distillation objective, we show that distillation from adversarially-trained teachers consistently improves on the state-of-the-art in certified training for ReLU networks across a series of robust computer vision benchmarks.","{""adversarial_core"": [""tter Certified Models from Empirically-Robust Teachers Adversarial training attains strong empirical robustness to specific advers""], ""vision_context"": [""g for ReLU networks across a series of robust computer vision benchmarks. Certified Training Adversarial Robustness""]}",{},https://openreview.net/pdf/615eb215997b068d0bdf82f8aa40dadd4808dd28.pdf,https://openreview.net/forum?id=xpHiVf0xhf,True,iclr2026_papers.json
neurips2025_papers:1514,NEURIPS,2025,Lie Detector: Unified Backdoor Detection via Cross-Examination Framework,6,C-Foundation,adversarial_core;vision_context,"Institutions with limited data and computing resources often outsource model training to third-party providers in a semi-honest setting, assuming adherence to prescribed training protocols with pre-defined learning paradigm (e.g., supervised or semi-supervised learning). However, this practice can introduce severe security risks, as adversaries may poison the training data to embed backdoors into the resulting model. Existing detection approaches predominantly rely on statistical analyses, which often fail to maintain universally accurate detection accuracy across different learning paradigms. To address this challenge, we propose a unified backdoor detection framework in the semi-honest setting that exploits cross-examination of model inconsistencies between two independent service providers. Specifically, we integrate central kernel alignment to enable robust feature similarity measurements across different model architectures and learning paradigms, thereby facilitating precise recovery and identification of backdoor triggers. We further introduce backdoor fine-tuning sensitivity analysis to distinguish backdoor triggers from adversarial perturbations, substantially reducing false positives. Extensive experiments demonstrate that our method achieves superior detection performance, improving accuracy by 4.4%, 1.7%, and 10.6% over SoTA baselines across supervised, self-supervised, and autoregressive learning tasks, respectively. Notably, it is the first to effectively detect backdoors in multimodal large language models, further highlighting its broad applicability and advancing secure deep learning.","{""adversarial_core"": [""itivity analysis to distinguish backdoor triggers from adversarial perturbations, substantially reducing false positives. Extensive exp""], ""vision_context"": [""road applicability and advancing secure deep learning. Vision-Language Models Backdoor Detection Backdoor Attack""]}",{},https://openreview.net/pdf/1e122b8b067e7c703793b2c0cc4af2ff0ae40f8d.pdf,https://openreview.net/forum?id=yBWRrqPwyN,True,neurips2025_papers.json
icml2024_papers:1703,ICML,2024,Modular Learning of Deep Causal Generative Models for High-dimensional Causal Inference,6,C-Foundation,adversarial_core;vision_context,"Sound and complete algorithms have been proposed to compute identifiable causal queries using the causal structure and data. However, most of these algorithms assume accurate estimation of the data distribution, which is impractical for high-dimensional variables such as images. On the other hand, modern deep generative architectures can be trained to sample from high-dimensional distributions. However, training these networks are typically very costly. Thus, it is desirable to leverage pre-trained models to answer causal queries using such high-dimensional data. To address this, we propose modular training of deep causal generative models that not only makes learning more efficient, but also allows us to utilize large, pre-trained conditional generative models. To the best of our knowledge, our algorithm, Modular-DCM is the first algorithm that, given the causal structure, uses adversarial training to learn the network weights, and can make use of pre-trained models to provably sample from any identifiable causal query in the presence of latent confounders. With extensive experiments on the Colored-MNIST dataset, we demonstrate that our algorithm outperforms the baselines. We also show our algorithm’s convergence on the COVIDx dataset and its utility with a causal invariant prediction problem on CelebA-HQ.","{""adversarial_core"": [""first algorithm that, given the causal structure, uses adversarial training to learn the network weights, and can make use of pre-""], ""vision_context"": [""is impractical for high-dimensional variables such as images. On the other hand, modern deep generative architectur""]}",{},https://raw.githubusercontent.com/mlresearch/v235/main/assets/rahman24a/rahman24a.pdf,,True,icml2024_papers.json
iclr2026_papers:3604,ICLR,2026,MOLM: Mixture of LoRA Markers,6,C-Foundation,adversarial_core;vision_context,"Generative models can generate photorealistic images at scale. This raises serious concerns about the ability to detect synthetically generated images and attribute these images to specific sources. While watermarking has emerged as a possible solution, existing methods remain fragile to realistic distortions, susceptible to adaptive removal, and expensive to update when the underlying watermarking key changes. We propose a general watermarking framework that formulates the encoding problem as key-dependent perturbation of the parameters of a generative model. Within this framework, we introduce Mixture of LoRA Markers (MOLM), a routing-based instantiation in which binary keys activate lightweight low-rank adapters (LoRA) inside residual and attention blocks. This design avoids key-specific re-training and achieves the desired properties such as imperceptibility, fidelity, verifiability, and robustness. Experiments on Stable Diffusion and FLUX show that MOLM preserves image quality while achieving robust key recovery against distortions, compression and regeneration, averaging attacks, and black-box adversarial attacks on the extractor. Code is available at [https://github.com/Samar-Fares/MOLM-Watermark](https://github.com/Samar-Fares/MOLM-Watermark)","{""adversarial_core"": [""ion and regeneration, averaging attacks, and black-box adversarial attacks on the extractor. Code is available at [https://github""], ""vision_context"": [""Markers Generative models can generate photorealistic images at scale. This raises serious concerns about the abili""]}",{},https://openreview.net/pdf/5789d66d7664842b992200154986560a9021da4c.pdf,https://openreview.net/forum?id=1fYQOZovHR,True,iclr2026_papers.json
iclr2026_papers:2178,ICLR,2026,NatADiff: Adversarial Boundary Guidance for Natural Adversarial Diffusion,6,C-Foundation,adversarial_core;vision_context,"Adversarial samples exploit irregularities in the manifold ""learned"" by deep learning models to cause misclassifications. The study of these adversarial samples provides insight into the features a model uses to classify inputs, which can be leveraged to improve robustness against future attacks. However, much of the existing literature focuses on constrained adversarial samples, which do not accurately reflect test-time errors encountered in real-world settings. To address this, we propose `NatADiff', an adversarial sampling scheme that leverages denoising diffusion to generate natural adversarial samples. Our approach is based on the observation that natural adversarial samples frequently contain structural elements from the adversarial class. Deep learning models can exploit these structural elements to shortcut the classification process, rather than learning to genuinely distinguish between classes. To leverage this behavior, we guide the diffusion trajectory towards the intersection of the true and adversarial classes, combining time-travel sampling with augmented classifier guidance to enhance attack transferability while preserving image quality. Our method achieves comparable white-box attack success rates to current state-of-the-art techniques, while exhibiting significantly higher transferability across model architectures and improved alignment with natural test-time errors as measured by FID. These results demonstrate that NatADiff produces adversarial samples that not only transfer more effectively across models, but more faithfully resemble naturally occurring test-time errors when compared with other generative adversarial sampling schemes.","{""adversarial_core"": [""ed with other generative adversarial sampling schemes. adversarial attacks denoising diffusion models natural adversarial samples""], ""vision_context"": [""nce to enhance attack transferability while preserving image quality. Our method achieves comparable white-box atta""]}",{},https://openreview.net/pdf/670de1a78b4bff3f867dabeb3d65356471cae92d.pdf,https://openreview.net/forum?id=uWvLZqxjmx,True,iclr2026_papers.json
cvpr2026_papers:5020,CVPR,2026,Omni-Attack: Adversarial Attacks on Open-Ended VQA in Black-Box Multimodal LLMs,6,C-Foundation,adversarial_core;vision_context,"Multimodal large language models (MLLMs) have achieved remarkable success across diverse applications, from autonomous driving to document understanding. As these models are deployed in safety-critical contexts, understanding their adversarial robustness becomes crucial. However, current evaluations focus primarily on simple tasks like coarse-grained classification, and employ inconsistent evaluation protocols, hindering rigorous comparison of attack methods. We introduce AdvRobustBench, a comprehensive adversarial robustness benchmark for MLLMs comprising 1,000 examples across visual question answering (VQA) and optical character recognition (OCR) tasks, drawn from widely-used MLLM benchmarks (MMBench, MMStar, OCRBench-v2). We further propose Omni-Attack, a novel transfer-based black-box attack method that addresses key challenges in attacking open-ended question-answering systems. Our approach introduces (i) a target-construction pipeline that generates question-conditioned textual and visual targets to provide stronger optimization signals, and (ii) a location-aware attack strategy for OCR that enables spatially-precise perturbations. Extensive experiments demonstrate that Omni-Attack achieves strong targeted attack success rates (up to 71.8\% on GPT-4.1 at $\varepsilon=8/255$) across both proprietary models (GPT-4.1, Claude 3.7, Gemini 2.0) and open-source MLLMs, revealing significant vulnerabilities in current multimodal systems. Our benchmark and findings establish a foundation for developing more robust MLLMs.","{""adversarial_core"": [""Omni-Attack: Adversarial Attacks on Open-Ended VQA in Black-Box Multimodal LLMs Multimo""], ""vision_context"": [""s benchmark for MLLMs comprising 1,000 examples across visual question answering (VQA) and optical character recogni""]}",{},https://openaccess.thecvf.com/content/CVPR2026/papers/Hu_Omni-Attack_Adversarial_Attacks_on_Open-Ended_VQA_in_Black-Box_Multimodal_LLMs_CVPR_2026_paper.pdf,https://cvpr.thecvf.com/virtual/2026/poster/39441,True,cvpr2026_papers.json
icml2024_papers:2089,ICML,2024,On Discrete Prompt Optimization for Diffusion Models,6,C-Foundation,adversarial_core;vision_context,"This paper introduces the first gradient-based framework for prompt optimization in text-to-image diffusion models. We formulate prompt engineering as a discrete optimization problem over the language space. Two major challenges arise in efficiently finding a solution to this problem: (1) Enormous Domain Space: Setting the domain to the entire language space poses significant difficulty to the optimization process. (2) Text Gradient: Efficiently computing the text gradient is challenging, as it requires backpropagating through the inference steps of the diffusion model and a non-differentiable embedding lookup table. Beyond the problem formulation, our main technical contributions lie in solving the above challenges. First, we design a family of dynamically generated compact subspaces comprised of only the most relevant words to user input, substantially restricting the domain space. Second, we introduce “Shortcut Text Gradient"" — an effective replacement for the text gradient that can be obtained with constant memory and runtime. Empirical evaluation on prompts collected from diverse sources (DiffusionDB, ChatGPT, COCO) suggests that our method can discover prompts that substantially improve (prompt enhancement) or destroy (adversarial attack) the faithfulness of images generated by the text-to-image diffusion model.","{""adversarial_core"": [""substantially improve (prompt enhancement) or destroy (adversarial attack) the faithfulness of images generated by the text-to-i""], ""vision_context"": [""ent-based framework for prompt optimization in text-to-image diffusion models. We formulate prompt engineering as a""]}",{},https://raw.githubusercontent.com/mlresearch/v235/main/assets/wang24ar/wang24ar.pdf,,True,icml2024_papers.json
icml2025_papers:263,ICML,2025,On the Alignment between Fairness and Accuracy: from the Perspective of Adversarial Robustness,6,C-Foundation,adversarial_core,"While numerous work has been proposed to address fairness in machine learning, existing methods do not guarantee fair predictions under imperceptible feature perturbation, and a seemingly fair model can suffer from large group-wise disparities under such perturbation. Moreover, while adversarial training has been shown to be reliable in improving a model’s robustness to defend against adversarial feature perturbation that deteriorates accuracy, it has not been properly studied in the context of adversarial perturbation against fairness. To tackle these challenges, in this paper, we study the problem of adversarial attack and adversarial robustness w.r.t. two terms: fairness and accuracy. From the adversarial attack perspective, we propose a unified structure for adversarial attacks against fairness which brings together common notions in group fairness, and we theoretically prove the equivalence of adversarial attacks against different fairness notions. Further, we derive the connections between adversarial attacks against fairness and those against accuracy. From the adversarial robustness perspective, we theoretically align robustness to adversarial attacks against fairness and accuracy, where robustness w.r.t. one term enhances robustness w.r.t. the other term. Our study suggests a novel way to unify adversarial training w.r.t. fairness and accuracy, and experiments show our proposed method achieves better robustness w.r.t. both terms.","{""adversarial_core"": [""between Fairness and Accuracy: from the Perspective of Adversarial Robustness While numerous work has been proposed to address fairn"", ""rsarial robustness perspective, we theoretically align robustness to adversarial attacks against fairness and accuracy, where robustnes""]}",{},https://raw.githubusercontent.com/mlresearch/v267/main/assets/chai25c/chai25c.pdf,,True,icml2025_papers.json
icml2025_papers:1384,ICML,2025,On the Clean Generalization and Robust Overfitting in Adversarial Training from Two Theoretical Views: Representation Complexity and Training Dynamics,6,C-Foundation,adversarial_core;vision_context,"Similar to surprising performance in the standard deep learning, deep nets trained by adversarial training also generalize well for unseen clean data (natural data). However, despite adversarial training can achieve low robust training error, there exists a significant robust generalization gap. We call this phenomenon the Clean Generalization and Robust Overfitting (CGRO). In this work, we study the CGRO phenomenon in adversarial training from two views: representation complexity and training dynamics. Specifically, we consider a binary classification setting with $N$ separated training data points. First, we prove that, based on the assumption that we assume there is $\operatorname{poly}(D)$-size clean classifier (where $D$ is the data dimension), ReLU net with only $O(N D)$ extra parameters is able to leverages robust memorization to achieve the CGRO, while robust classifier still requires exponential representation complexity in worst case. Next, we focus on a structured-data case to analyze training dynamics, where we train a two-layer convolutional network with $O(N D)$ width against adversarial perturbation. We then show that a three-stage phase transition occurs during learning process and the network provably converges to robust memorization regime, which thereby results in the CGRO. Besides, we also empirically verify our theoretical analysis by experiments in real-image recognition datasets.","{""adversarial_core"": [""On the Clean Generalization and Robust Overfitting in Adversarial Training from Two Theoretical Views: Representation Complexity""], ""vision_context"": [""verify our theoretical analysis by experiments in real-image recognition datasets.""]}",{},https://raw.githubusercontent.com/mlresearch/v267/main/assets/li25ba/li25ba.pdf,,True,icml2025_papers.json
icml2025_papers:291,ICML,2025,PASS: Private Attributes Protection with Stochastic Data Substitution,6,C-Foundation,adversarial_core;vision_context,"The growing Machine Learning (ML) services require extensive collections of user data, which may inadvertently include people’s private information irrelevant to the services. Various studies have been proposed to protect private attributes by removing them from the data while maintaining the utilities of the data for downstream tasks. Nevertheless, as we theoretically and empirically show in the paper, these methods reveal severe vulnerability because of a common weakness rooted in their adversarial training based strategies. To overcome this limitation, we propose a novel approach, PASS, designed to stochastically substitute the original sample with another one according to certain probabilities, which is trained with a novel loss function soundly derived from information-theoretic objective defined for utility-preserving private attributes protection. The comprehensive evaluation of PASS on various datasets of different modalities, including facial images, human activity sensory signals, and voice recording datasets, substantiates PASS’s effectiveness and generalizability.","{""adversarial_core"": [""erability because of a common weakness rooted in their adversarial training based strategies. To overcome this limitation, we prop""], ""vision_context"": [""ous datasets of different modalities, including facial images, human activity sensory signals, and voice recording d""]}",{},https://raw.githubusercontent.com/mlresearch/v267/main/assets/chen25h/chen25h.pdf,,True,icml2025_papers.json
cvpr2026_papers:638,CVPR,2026,PGA: Prior-free Generative Attack for Practical No-box Scenario,6,C-Foundation,adversarial_core;vision_context,"The unrealistic reliance on abundant prior information in traditional transferable attacks has spurred the Practical No-box Scenario (PNS), where attackers can access only limited unlabeled images. However, existing methods rely on iterative optimization to produce adversarial examples with inherently limited inference speed and transferability. Conversely, faster generative attacks fundamentally conflict with the PNS due to their critical dependence on abundant prior information that is explicitly absent in this scenario. To bridge this gap, we propose Prior-free Generative Attack (PGA), the first generative attack tailored for the PNS. Specifically, we introduce the Curriculum-Guided Micro-Robust Optimization that progressively incorporates more challenging discriminative tasks to mitigate the degenerate solutions common in self-supervised learning with limited data, yielding robust and transferable surrogates for downstream attacks. Furthermore, the Region-Aware Consistent Perturbation Learning guides the generator to produce fine-grained and spatially coherent perturbations, mitigating the common pitfall of generative attacks falling into local optima under insufficient supervision. Extensive experiments demonstrate that our PGA achieves remarkable transferability across various settings with high inference speed. This work provides a more practical benchmark for future research on transferable attacks, revealing the great potential of generative attacks under the PNS.","{""adversarial_core"": [""ting methods rely on iterative optimization to produce adversarial examples with inherently limited inference speed and transferab""], ""vision_context"": [""NS), where attackers can access only limited unlabeled images. However, existing methods rely on iterative optimizat""]}",{},https://openaccess.thecvf.com/content/CVPR2026/papers/Peng_PGA_Prior-free_Generative_Attack_for_Practical_No-box_Scenario_CVPR_2026_paper.pdf,https://cvpr.thecvf.com/virtual/2026/poster/38647,True,cvpr2026_papers.json
icml2025_papers:2794,ICML,2025,Phase and Amplitude-aware Prompting for Enhancing Adversarial Robustness,6,C-Foundation,adversarial_core;vision_context,"Deep neural networks are found to be vulnerable to adversarial perturbations. The prompt-based defense has been increasingly studied due to its high efficiency. However, existing prompt-based defenses mainly exploited mixed prompt patterns, where critical patterns closely related to object semantics lack sufficient focus. The phase and amplitude spectra have been proven to be highly related to specific semantic patterns and crucial for robustness. To this end, in this paper, we propose a Phase and Amplitude-aware Prompting (PAP) defense. Specifically, we construct phase-level and amplitude-level prompts for each class, and adjust weights for prompting according to the model’s robust performance under these prompts during training. During testing, we select prompts for each image using its predicted label to obtain the prompted image, which is inputted to the model to get the final prediction. Experimental results demonstrate the effectiveness of our method.","{""adversarial_core"": [""Phase and Amplitude-aware Prompting for Enhancing Adversarial Robustness Deep neural networks are found to be vulnerable to adv""], ""vision_context"": [""g training. During testing, we select prompts for each image using its predicted label to obtain the prompted image""]}",{},https://raw.githubusercontent.com/mlresearch/v267/main/assets/xu25al/xu25al.pdf,,True,icml2025_papers.json
icml2025_papers:1596,ICML,2025,Pixel2Feature Attack (P2FA): Rethinking the Perturbed Space to Enhance Adversarial Transferability,6,C-Foundation,adversarial_core;vision_context,"Adversarial examples have been shown to deceive Deep Neural Networks (DNNs), raising widespread concerns about this security threat. More seriously, as different DNN models share critical features, feature-level attacks can generate transferable adversarial examples, thereby deceiving black-box models in real-world scenarios. Nevertheless, we have theoretically discovered the principle behind the limited transferability of existing feature-level attacks: Their attack effectiveness is essentially equivalent to perturbing features in one step along the direction of feature importance in the feature space, despite performing multiple perturbations in the pixel space. This finding indicates that existing feature-level attacks are inefficient in disrupting features through multiple pixel-space perturbations. To address this problem, we propose a P2FA that efficiently perturbs features multiple times. Specifically, we directly shift the perturbed space from pixel to feature space. Then, we perturb the features multiple times rather than just once in the feature space with the guidance of feature importance to enhance the efficiency of disrupting critical shared features. Finally, we invert the perturbed features to the pixels to generate more transferable adversarial examples. Numerous experimental results strongly demonstrate the superior transferability of P2FA over State-Of-The-Art (SOTA) attacks.","{""adversarial_core"": [""Perturbed Space to Enhance Adversarial Transferability Adversarial examples have been shown to deceive Deep Neural Networks (DNNs)""], ""vision_context"": [""pace, despite performing multiple perturbations in the pixel space. This finding indicates that existing feature-le""]}",{},https://raw.githubusercontent.com/mlresearch/v267/main/assets/liu25cd/liu25cd.pdf,,True,icml2025_papers.json
iclr2026_papers:6519,ICLR,2026,PolypDB: A Curated Multi-Center Dataset for Development of AI Algorithms in Colonoscopy,6,C-Foundation,adversarial_core;vision_context,"Colonoscopy is the primary method for examination, detection, and removal of polyps. However, challenges such as variations among the endoscopists' skills, bowel quality preparation, and the complex nature of the large intestine contribute to high polyp miss-rate. These missed polyps can develop into cancer later, underscoring the importance of improving the detection methods. To address this gap of lack of publicly available, multi-center large and diverse datasets for developing automatic methods for polyp detection and segmentation, we introduce PolypDB, a large scale publicly available dataset that contains 3934 still polyp images and their corresponding ground truth from real colonoscopy videos. PolypDB comprises images from five modalities: Blue Light Imaging (BLI), Flexible Imaging Color Enhancement (FICE), Linked Color Imaging (LCI), Narrow Band Imaging (NBI), and White Light Imaging (WLI) from three medical centers in Norway, Sweden, and Vietnam. We provide a benchmark on each modality and center, including federated learning settings using popular segmentation and detection benchmarks. PolypDB is public and can be downloaded at \url{https://osf.io/xxxx/}. More information about the dataset, segmentation, detection, federated learning benchmark and train-test split can be found at \url{https://github.com/xxxxx/PolypDB}.","{""adversarial_core"": [""edical Image Analysis Deep Learning Federated Learning Adversarial Robustness""], ""vision_context"": [""licly available dataset that contains 3934 still polyp images and their corresponding ground truth from real colonos""]}",{},https://openreview.net/pdf/3569489e0c2f1b70f363b02c89c85511a68d2842.pdf,https://openreview.net/forum?id=zZj48KOY3M,True,iclr2026_papers.json
icml2024_papers:1962,ICML,2024,Position: What makes an image realistic?,6,C-Foundation,adversarial_core;vision_context,"The last decade has seen tremendous progress in our ability togeneraterealistic-looking data, be it images, text, audio, or video. Here, we discuss the closely related problem ofquantifyingrealism, that is, designing functions that can reliably tell realistic data from unrealistic data. This problem turns out to be significantly harder to solve and remains poorly understood, despite its prevalence in machine learning and recent breakthroughs in generative AI. Drawing on insights from algorithmic information theory, we discuss why this problem is challenging, why a good generative model alone is insufficient to solve it, and what a good solution would look like. In particular, we introduce the notion of auniversal critic, which unlike adversarial critics does not require adversarial training. While universal critics are not immediately practical, they can serve both as a North Star for guiding practical implementations and as a tool for analyzing existing attempts to capture realism.","{""adversarial_core"": [""tic, which unlike adversarial critics does not require adversarial training. While universal critics are not immediately practical""], ""vision_context"": [""Position: What makes an image realistic? The last decade has seen tremendous progres""]}",{},https://raw.githubusercontent.com/mlresearch/v235/main/assets/theis24a/theis24a.pdf,,True,icml2024_papers.json
iclr2026_papers:5162,ICLR,2026,Pragma-VL: Towards a Pragmatic Arbitration of Safety and Helpfulness in MLLMs,6,C-Foundation,adversarial_core;vision_context,"Multimodal Large Language Models (MLLMs) pose critical safety challenges, as they are susceptible not only to adversarial attacks such as jailbreaking but also to inadvertently generating harmful content for benign users. While internal safety alignment via Supervised Fine-Tuning (SFT) and Reinforcement Learning (RL) is a primary mitigation strategy, current methods often face a safety-utility trade-off: they either refuse benign queries out of excessive caution or overlook latent risks in cross-modal interactions. To resolve this, we introduce Pragma-VL, an end-to-end alignment algorithm that enables MLLMs to pragmatically arbitrate between safety and helpfulness. First, we enhance visual risk perception with a novel cold-start SFT stage. This is achieved by applying risk-aware clustering to the visual encoder and using an interleaved dataset of risk descriptions and high-quality data. Second, we introduce a theoretically-guaranteed reward model that leverages synergistic learning. We train it with a novel data augmentation method that assigns dynamic weights based on the queries, enabling contextual arbitration between safety and helpfulness. Extensive experiments show that Pragma-VL effectively balances safety and helpfulness, outperforming baselines by 5% to 20% on most multimodal safety benchmarks while preserving its general capabilities in areas such as mathematics and knowledge reasoning.","{""adversarial_core"": [""safety challenges, as they are susceptible not only to adversarial attacks such as jailbreaking but also to inadvertently generat""], ""vision_context"": [""rate between safety and helpfulness. First, we enhance visual risk perception with a novel cold-start SFT stage. Thi""]}",{},https://openreview.net/pdf/5cef6b38629fbbb22ee41ef191bf98f566c79de6.pdf,https://openreview.net/forum?id=KwWYvt547M,True,iclr2026_papers.json
cvpr2026_papers:852,CVPR,2026,Protect to Adapt: Subspace-Constrained Adaptation with Ranked Negative Prompt Feedback for Few-Shot Action Recognition,6,C-Foundation,adversarial_core;vision_context,"Adapting Vision–Language Models (VLMs) to few-shot action recognition (FSAR) often trades accuracy for stability: task-specific gains can trigger catastrophic forgetting of domain-general knowledge and reduce inter-class margins. In few-shot episodes, each query is contrasted with only one positive class and a few negatives, so the text encoder sees limited prompt diversity and rarely observes hard counter-examples near decision boundaries. We propose Protect-to-Adapt (P2A), a parameter-efficient fine-tuning method with two complementary modules. Orthogonal Subspace Control (OSC) estimates a principal semantic subspace of the pre-trained backbone and constrains low-rank updates to its orthogonal complement, preserving domain-general semantics while allowing task-specific adaptation. Ranked Negative-prompt Curriculum (RNC) uses a large language model to generate verifier-filtered negative prompts with increasing difficulty. These class-specific hard counter-examples enlarge margins and sharpen decision boundaries under few-shot conditions. With only 2\% of backbone parameters trainable, P2A achieves state-of-the-art performance on five FSAR benchmarks and substantially reduces catastrophic forgetting in a cross-dataset continual-learning setting where the model is adapted sequentially to multiple video datasets without replay.","{""adversarial_core"": [""els (VLMs) to few-shot action recognition (FSAR) often trades accuracy for stability: task-specific gains can trigge""], ""vision_context"": [""ompt Feedback for Few-Shot Action Recognition Adapting Vision–Language Models (VLMs) to few-shot action recognition""]}",{},https://openaccess.thecvf.com/content/CVPR2026/papers/Qi_Protect_to_Adapt_Orthogonal_Subspace_Control_with_Ranked_Negative-Prompt_Curriculum_CVPR_2026_paper.pdf,https://cvpr.thecvf.com/virtual/2026/poster/36274,True,cvpr2026_papers.json
icml2025_papers:2747,ICML,2025,Provably Cost-Sensitive Adversarial Defense via Randomized Smoothing,6,C-Foundation,adversarial_core,"As machine learning models are deployed in critical applications, robustness against adversarial perturbations is crucial. While numerous defensive algorithms have been proposed to counter such attacks, they typically assume that all adversarial transformations are equally important, an assumption that rarely aligns with real-world applications. To address this, we study the problem of robust learning against adversarial perturbations under cost-sensitive scenarios, where the potential harm of different types of misclassifications is encoded in a cost matrix. Our solution introduces a provably robust learning algorithm to certify and optimize for cost-sensitive robustness, building on the scalable certification framework of randomized smoothing. Specifically, we formalize the definition of cost-sensitive certified radius and propose our novel adaptation of the standard certification algorithm to generate tight robustness certificates tailored to any cost matrix. In addition, we design a robust training method that improves certified cost-sensitive robustness without compromising model accuracy. Extensive experiments on benchmark datasets, including challenging ones unsolvable by existing methods, demonstrate the effectiveness of our certification algorithm and training method across various cost-sensitive scenarios.","{""adversarial_core"": [""Provably Cost-Sensitive Adversarial Defense via Randomized Smoothing As machine learning models ar"", ""learning models are deployed in critical applications, robustness against adversarial perturbations is crucial. While numerous defensive alg""]}",{},https://raw.githubusercontent.com/mlresearch/v267/main/assets/xin25a/xin25a.pdf,,True,icml2025_papers.json
iclr2026_papers:2721,ICLR,2026,QUEST: A robust attention formulation using query-modulated spherical attention,6,C-Foundation,adversarial_core;vision_context,"The Transformer model architecture has become one of the most widely used in deep learning and the attention mechanism is at its core. The standard attention formulation uses a softmax operation applied to a scaled dot product between query and key vectors. We explore the role played by norms of the queries and keys, which can cause training instabilities when they arbitrarily increase. We demonstrate how this can happen even in simple Transformer models, in the presence of easy-to-learn spurious patterns in the data. We propose a new attention formulation, QUEry-modulated Spherical aTtention (QUEST), that constrains the keys to a hyperspherical latent space, while still allowing individual tokens to flexibly control the sharpness of the attention distribution. QUEST can be easily used as a drop-in replacement for standard attention. We focus on vision applications while also exploring other domains to highlight the method's generality. We show that (1) QUEST trains without instabilities and (2) produces models with improved performance (3) that are robust to data corruptions and adversarial attacks.","{""adversarial_core"": [""erformance (3) that are robust to data corruptions and adversarial attacks. attention transformers model robustness""], ""vision_context"": [""rop-in replacement for standard attention. We focus on vision applications while also exploring other domains to hig""]}",{},https://openreview.net/pdf/c69095e1ddd8fc02fd48f22964faa10b1380240c.pdf,https://openreview.net/forum?id=HkztQWZfl2,True,iclr2026_papers.json
cvpr2026_papers:2975,CVPR,2026,RaPA: Enhancing Transferable Targeted Attacks via Random Parameter Pruning,6,C-Foundation,adversarial_core;classification_context,"Compared to untargeted attacks, targeted transfer-based attack is still suffering from much lower Attack Success Rates (ASRs), although significant improvements have been achieved by kinds of methods, such as diversifying input, stabilizing the gradient, and re-training surrogate models. In this paper, we find that adversarial examples generated by existing methods rely heavily on a small subset of surrogate model parameters, which in turn limits their transferability to unseen target models. Inspired by this, we propose the Random Parameter Pruning Attack (RaPA), which introduces parameter-level randomization during the attack process. At each optimization step, RaPA randomly prunes model parameters to generate diverse yet semantically consistent surrogate variants.We show this parameter-level randomization is equivalent to adding an importance-equalization regularizer, thereby alleviating the over-reliance issue. Extensive experiments across both CNN and Transformer architectures demonstrate that RaPA substantially enhances transferability. In the challenging case of transferring from CNN-based to Transformer-based models, RaPA achieves up to 11.7\% higher average ASRs than state-of-the-art baselines(with 33.3\% ASRs), while being training-free, cross-architecture efficient, and easily integrated into existing attack frameworks.","{""adversarial_core"": [""training surrogate models. In this paper, we find that adversarial examples generated by existing methods rely heavily on a small""], ""classification_context"": [""over-reliance issue. Extensive experiments across both CNN and Transformer architectures demonstrate that RaPA su""]}",{},https://openaccess.thecvf.com/content/CVPR2026/papers/Su_RaPA_Enhancing_Transferable_Targeted_Attacks_via_Random_Parameter_Pruning_CVPR_2026_paper.pdf,https://cvpr.thecvf.com/virtual/2026/poster/36301,True,cvpr2026_papers.json
icml2024_papers:2567,ICML,2024,RAUCA: A Novel Physical Adversarial Attack on Vehicle Detectors via Robust and Accurate Camouflage Generation,6,C-Foundation,adversarial_core;vision_context,"Adversarial camouflage is a widely used physical attack against vehicle detectors for its superiority in multi-view attack performance. One promising approach involves using differentiable neural renderers to facilitate adversarial camouflage optimization through gradient back-propagation. However, existing methods often struggle to capture environmental characteristics during the rendering process or produce adversarial textures that can precisely map to the target vehicle, resulting in suboptimal attack performance. Moreover, these approaches neglect diverse weather conditions, reducing the efficacy of generated camouflage across varying weather scenarios. To tackle these challenges, we propose a robust and accurate camouflage generation method, namely RAUCA. The core of RAUCA is a novel neural rendering component, Neural Renderer Plus (NRP), which can accurately project vehicle textures and render images with environmental characteristics such as lighting and weather. In addition, we integrate a multi-weather dataset for camouflage generation, leveraging the NRP to enhance the attack robustness. Experimental results on six popular object detectors show that RAUCA consistently outperforms existing methods in both simulation and real-world settings.","{""adversarial_core"": [""RAUCA: A Novel Physical Adversarial Attack on Vehicle Detectors via Robust and Accurate Camouflag""], ""vision_context"": [""ich can accurately project vehicle textures and render images with environmental characteristics such as lighting an""]}",{},https://raw.githubusercontent.com/mlresearch/v235/main/assets/zhou24n/zhou24n.pdf,,True,icml2024_papers.json
iclr2026_papers:9517,ICLR,2026,Rethinking the Vulnerability of Concept Erasure and a New Method,6,C-Foundation,adversarial_core;vision_context,"The proliferation of text-to-image diffusion models has raised significant privacy and security concerns, particularly regarding the generation of copyrighted or harmful images. In response, concept erasure (defense) methods have been developed to ""unlearn"" specific concepts through post-hoc finetuning. However, recent concept restoration (attack) methods have demonstrated that these supposedly erased concepts can be recovered using adversarially crafted prompts, revealing a critical vulnerability in current defense mechanisms. In this work, we first investigate the fundamental sources of adversarial vulnerability and reveal that vulnerabilities are pervasive in the prompt embedding space of concept-erased models, a characteristic inherited from the original pre-unlearned model. Furthermore, we introduce RECORD, a novel tangential-coordinate-descent-based restoration algorithm that consistently outperforms existing restoration methods by up to 17.8 times. We conduct extensive experiments to assess its compute-performance tradeoff and propose acceleration strategies. The code for RECORD is available at ***. Note: this paper may contain offensive or upsetting images.","{""adversarial_core"": [""this paper may contain offensive or upsetting images. adversarial attack diffusion model concept erasure machine unlearning""], ""vision_context"": [""Erasure and a New Method The proliferation of text-to-image diffusion models has raised significant privacy and se""]}",{},https://openreview.net/pdf/0a7a8123772b07338edb69ad9595310f5fa1fdb9.pdf,https://openreview.net/forum?id=coUdNGDmkB,True,iclr2026_papers.json
neurips2025_papers:548,NEURIPS,2025,Robust SuperAlignment: Weak-to-Strong Robustness Generalization for Vision-Language Models,6,C-Foundation,adversarial_core;vision_context,"Numerous well-established studies have demonstrated the superhuman capabilities of modern Vision-Language Models (VLMs) across a wide range of tasks. However, growing is the doubt about the continuing availability of reliable high-quality labeling (supervision) from human annotators, leading to stagnation of the model's performance. To address this challenge, ``superalignment'' employs the so-called weak-to-strong generalization paradigm, where the supervision from a weak model can provide generalizable knowledge for a strong model. While effective in aligning knowledge for clean samples between the strong and weak models, the standard weak-to-strong approach typically fails to capture adversarial robustness, exposing strong VLMs to adversarial attacks. This inability to transfer adversarial robustness is because adversarial samples are normally missing in the superalignment stage. To this end, we are the first to propose the weak-to-strong (adversarial) robustness generalization method to elicit zero-shot robustness in large-scale models by an unsupervised scheme, mitigating the unreliable information source for alignment from two perspectives: alignment re-weighting and source guidance refinement. We analyze settings under which robustness generalization is possible. Extensive experiments across various vision-language benchmarks validate the effectiveness of our method in numerous scenarios, demonstrating its plug-and-play applicability to large-scale VLMs.","{""adversarial_core"": [""ard weak-to-strong approach typically fails to capture adversarial robustness, exposing strong VLMs to adversarial attacks. This ina""], ""vision_context"": [""lignment: Weak-to-Strong Robustness Generalization for Vision-Language Models Numerous well-established studies have""]}",{},https://openreview.net/pdf/40bbb0ea90ff48e1f59ca82d81e24dabed8a6d00.pdf,https://openreview.net/forum?id=rOR5IZcwJx,True,neurips2025_papers.json
cvpr2026_papers:3493,CVPR,2026,Robust3DGSW: Toward Robust Watermarking for Quantization-Aware 3D Gaussian Splatting,6,C-Foundation,adversarial_core;vision_context,"Although current watermarking techniques for 3D Gaussian Splatting (3DGS) are promising in protecting the copyrights of both 3DGS models and their rendered images, they greatly suffer from low watermark robustness and poor rendering quality when applying quantization to large 3DGS models to accommodate resource-limited devices. To address these problems, this paper introduces a novel two-stage quantization-aware 3DGS watermarking approach called Robust3DGSW. By properly embedding watermarks into the mid-frequency bands of both the 3D Gaussian parameters and 2D rendered images, the first stage of Robust3DGSW can effectively counteract the quantization-induced signal loss and mitigate the adverse effects of watermarks on rendered images. In the second stage, Robust3DGSW trains both 2D and 3D decoders using our proposed multi-scale adversarial perturbation approach, alongside a gradual quantization process, which enables robust watermark extraction even under excessive quantization. Comprehensive experimental results obtained from the well-known Blender, LLFF, and MipNeRF-360 datasets demonstrate that, when compared to leading 3DGS watermarking techniques, Robust3DGSW not only mitigates the negative effects of quantization on watermarks but also enables fast rendering with high quality.","{""adversarial_core"": [""both 2D and 3D decoders using our proposed multi-scale adversarial perturbation approach, alongside a gradual quantization process, wh""], ""vision_context"": [""the copyrights of both 3DGS models and their rendered images, they greatly suffer from low watermark robustness and""]}",{},https://openaccess.thecvf.com/content/CVPR2026/papers/Wang_Robust3DGSW_Toward_Robust_Watermarking_for_Quantization-Aware_3D_Gaussian_Splatting_CVPR_2026_paper.pdf,https://cvpr.thecvf.com/virtual/2026/poster/39984,True,cvpr2026_papers.json
icml2024_papers:1456,ICML,2024,RODEO: Robust Outlier Detection via Exposing Adaptive Out-of-Distribution Samples,6,C-Foundation,adversarial_core;vision_context,"In recent years, there have been significant improvements in various forms of image outlier detection. However, outlier detection performance under adversarial settings lags far behind that in standard settings. This is due to the lack of effective exposure to adversarial scenarios during training, especially on unseen outliers, leading detection models failing to learn robust features. To bridge this gap, we introduce RODEO, a data-centric approach that generates effective outliers for robust outlier detection. More specifically, we show that incorporating outlier exposure (OE) and adversarial training could be an effective strategy for this purpose, as long as the exposed training outliers meet certain characteristics, including diversity, and both conceptual differentiability and analogy to the inlier samples. We leverage a text-to-image model to achieve this goal. We demonstrate both quantitatively and qualitatively that our adaptive OE method effectively generates ”diverse” and ”near-distribution” outliers, leveraging information from both text and image domains. Moreover, our experimental results show that utilizing our synthesized outliers significantly enhances the performance of the outlier detector, particularly in adversarial settings.","{""adversarial_core"": ["", we show that incorporating outlier exposure (OE) and adversarial training could be an effective strategy for this purpose, as lo""], ""vision_context"": [""have been significant improvements in various forms of image outlier detection. However, outlier detection performa""]}",{},https://raw.githubusercontent.com/mlresearch/v235/main/assets/mirzaei24a/mirzaei24a.pdf,,True,icml2024_papers.json
iclr2026_papers:8218,ICLR,2026,S2AP: Score-space Sharpness Minimization for Adversarial Pruning,6,C-Foundation,adversarial_core,"Adversarial pruning methods have emerged as a powerful tool for compressing neural networks while preserving robustness against adversarial attacks. These methods typically follow a three-step pipeline: (i) pretrain a robust model, (ii) select a binary mask for weight pruning, and (iii) finetune the pruned model. To select the binary mask, these methods minimize a robust loss by assigning an importance score to each weight, and then keep the weights with the highest scores. However, this score-space optimization can lead to sharp local minima in the robust loss landscape and, in turn, to an unstable mask selection, reducing the robustness of adversarial pruning methods. To overcome this issue, we propose a novel plug-in method for adversarial pruning, termed Score-space Sharpness-aware Adversarial Pruning (S2AP). Through our method, we introduce the concept of score-space sharpness minimization, which operates during the mask search by perturbing importance scores and minimizing the corresponding robust loss. Extensive experiments across various datasets, models, and sparsity levels demonstrate that S2AP effectively minimizes sharpness in score space, stabilizing the mask selection, and ultimately improving the robustness of adversarial pruning methods.","{""adversarial_core"": [""ng neural networks while preserving robustness against adversarial attacks. These methods typically follow a three-step pipeline:"", ""tool for compressing neural networks while preserving robustness against adversarial attacks. These methods typically follow a three-step p""]}",{},https://openreview.net/pdf/abb6fedf2c33b1b4837e7df931c310ee39cbee76.pdf,https://openreview.net/forum?id=vpCHB2zfpO,True,iclr2026_papers.json
icml2025_papers:453,ICML,2025,SAeUron: Interpretable Concept Unlearning in Diffusion Models with Sparse Autoencoders,6,C-Foundation,adversarial_core;vision_context,"Diffusion models, while powerful, can inadvertently generate harmful or undesirable content, raising significant ethical and safety concerns. Recent machine unlearning approaches offer potential solutions but often lack transparency, making it difficult to understand the changes they introduce to the base model. In this work, we introduce SAeUron, a novel method leveraging features learned by sparse autoencoders (SAEs) to remove unwanted concepts in text-to-image diffusion models. First, we demonstrate that SAEs, trained in an unsupervised manner on activations from multiple denoising timesteps of the diffusion model, capture sparse and interpretable features corresponding to specific concepts. Building on this, we propose a feature selection method that enables precise interventions on model activations to block targeted content while preserving overall performance. Our evaluation shows that SAeUron outperforms existing approaches on the UnlearnCanvas benchmark for concepts and style unlearning, and effectively eliminates nudity when evaluated with I2P. Moreover, we show that with a single SAE, we can remove multiple concepts simultaneously and that in contrast to other methods, SAeUron mitigates the possibility of generating unwanted content under adversarial attack. Code and checkpoints are available at GitHub.","{""adversarial_core"": [""s the possibility of generating unwanted content under adversarial attack. Code and checkpoints are available at GitHub.""], ""vision_context"": [""encoders (SAEs) to remove unwanted concepts in text-to-image diffusion models. First, we demonstrate that SAEs, tra""]}",{},https://raw.githubusercontent.com/mlresearch/v267/main/assets/cywinski25a/cywinski25a.pdf,,True,icml2025_papers.json
icml2024_papers:2603,ICML,2024,Safety Fine-Tuning at (Almost) No Cost: A Baseline for Vision Large Language Models,6,C-Foundation,adversarial_core;vision_context,"Current vision large language models (VLLMs) exhibit remarkable capabilities yet are prone to generate harmful content and are vulnerable to even the simplest jailbreaking attacks. Our initial analysis finds that this is due to the presence of harmful data during vision-language instruction fine-tuning, and that VLLM fine-tuning can cause forgetting of safety alignment previously learned by the underpinning LLM. To address this issue, we first curate a vision-language safe instruction-following dataset VLGuard covering various harmful categories. Our experiments demonstrate that integrating this dataset into standard vision-language fine-tuning or utilizing it for post-hoc fine-tuning effectively safety aligns VLLMs. This alignment is achieved with minimal impact on, or even enhancement of, the models’ helpfulness. The versatility of our safety fine-tuning dataset makes it a valuable resource for safety-testing existing VLLMs, training new models or safeguarding pre-trained VLLMs. Empirical results demonstrate that fine-tuned VLLMs effectively reject unsafe instructions and substantially reduce the success rates of several black-box adversarial attacks, which approach zero in many cases. The code and dataset will be open-sourced.","{""adversarial_core"": [""antially reduce the success rates of several black-box adversarial attacks, which approach zero in many cases. The code and datas""], ""vision_context"": [""Safety Fine-Tuning at (Almost) No Cost: A Baseline for Vision Large Language Models Current vision large language mo""]}",{},https://raw.githubusercontent.com/mlresearch/v235/main/assets/zong24a/zong24a.pdf,,True,icml2024_papers.json
icml2025_papers:2735,ICML,2025,SANA 1.5: Efficient Scaling of Training-Time and Inference-Time Compute in Linear Diffusion Transformer,6,C-Foundation,adversarial_core;vision_context,"This paper presents SANA-1.5, a linear Diffusion Transformer for efficient scaling in text-to-image generation. Building upon SANA-1.0, we introduce three key innovations: (1) Efficient Training Scaling: A depth-growth paradigm that enables scaling from 1.6B to 4.8B parameters with significantly reduced computational resources, combined with a memory-efficient 8-bit optimizer. (2) Model Depth Pruning: A block importance analysis technique for efficient model compression to arbitrary sizes with minimal quality loss. (3) Inference-time Scaling: A repeated sampling strategy that trades computation for model capacity, enabling smaller models to match larger model quality at inference time. Through these strategies, SANA-1.5 achieves a text-image alignment score of 0.72 on GenEval, which can be further improved to 0.80 through inference scaling, establishing a new SoTA on GenEval benchmark. These innovations enable efficient model scaling across different compute budgets while maintaining high quality, making high-quality image generation more accessible.","{""adversarial_core"": [""erence-time Scaling: A repeated sampling strategy that trades computation for model capacity, enabling smaller model""], ""vision_context"": [""Diffusion Transformer for efficient scaling in text-to-image generation. Building upon SANA-1.0, we introduce three""]}",{},https://raw.githubusercontent.com/mlresearch/v267/main/assets/xie25b/xie25b.pdf,,True,icml2025_papers.json
icml2025_papers:797,ICML,2025,SGD Jittering: A Training Strategy for Robust and Accurate Model-Based Architectures,6,C-Foundation,adversarial_core,"Inverse problems aim to reconstruct unseen data from corrupted or perturbed measurements. While most work focuses on improving reconstruction quality, generalization accuracy and robustness are equally important, especially for safety-critical applications. Model-based architectures (MBAs), such as loop unrolling methods, are considered more interpretable and achieve better reconstructions. Empirical evidence suggests that MBAs are more robust to perturbations than black-box solvers, but the accuracy-robustness tradeoff in MBAs remains underexplored. In this work, we propose a simple yet effective training scheme for MBAs, called SGD jittering, which injects noise iteration-wise during reconstruction. We theoretically demonstrate that SGD jittering not only generalizes better than the standard mean squared error training but is also more robust to average-case attacks. We validate SGD jittering using denoising toy examples, seismic deconvolution, and single-coil MRI reconstruction. Both SGD jittering and its SPGD extension yield cleaner reconstructions for out-of-distribution data and demonstrates enhanced robustness against adversarial attacks.","{""adversarial_core"": [""tion data and demonstrates enhanced robustness against adversarial attacks."", ""for out-of-distribution data and demonstrates enhanced robustness against adversarial attacks.""]}",{},https://raw.githubusercontent.com/mlresearch/v267/main/assets/guan25b/guan25b.pdf,,True,icml2025_papers.json
cvpr2026_papers:2791,CVPR,2026,Shedding Light on VLN Robustness: A Black-box Framework for Indoor Lighting-based Adversarial Attack,6,C-Foundation,adversarial_core;vision_context,"Vision-and-Language Navigation (VLN) agents have made remarkable progress, but their robustness remains insufficiently studied. Existing adversarial evaluations often rely on perturbations that manifest as unusual textures rarely encountered in everyday indoor environments. Errors under such contrived conditions have limited practical relevance, as real-world agents are unlikely to encounter such artificial patterns. In this work, we focus on indoor lighting, an intrinsic yet largely overlooked scene attribute that strongly influences navigation. We propose Indoor Lighting-based Adversarial Attack (ILA), a black-box framework that manipulates global illumination to disrupt VLN agents. Motivated by typical household lighting usage, we design two attack modes: Static Indoor Lighting-based Attack (SILA), where the lighting intensity remains constant throughout an episode, and Dynamic Indoor Lighting-based Attack (DILA), where lights are switched on or off at critical moments to induce abrupt illumination changes. We evaluate ILA on two state-of-the-art VLN models across three navigation tasks. Results show that ILA significantly increases failure rates while reducing trajectory efficiency, revealing previously unrecognized vulnerabilities of VLN agents to realistic indoor lighting variations.","{""adversarial_core"": [""tness: A Black-box Framework for Indoor Lighting-based Adversarial Attack Vision-and-Language Navigation (VLN) agents have made""], ""vision_context"": [""Framework for Indoor Lighting-based Adversarial Attack Vision-and-Language Navigation (VLN) agents have made remarka""]}",{},https://openaccess.thecvf.com/content/CVPR2026/papers/Li_Shedding_Light_on_VLN_Robustness_A_Black-box_Framework_for_Indoor_CVPR_2026_paper.pdf,https://cvpr.thecvf.com/virtual/2026/poster/38514,True,cvpr2026_papers.json
cvpr2026_papers:2993,CVPR,2026,Shoe Style-Invariant and Ground-Aware Learning for Dense Foot Contact Estimation,6,C-Foundation,adversarial_core;vision_context,"Foot contact plays a critical role in human interaction with the world, and thus exploring foot contact can advance our understanding of human movement and physical interaction. Despite its importance, existing methods often approximate foot contact using a zero-velocity constraint and focus on joint-level contact, failing to capture the detailed interaction between the foot and the world. Dense estimation of foot contact is crucial for accurately modeling this interaction, yet predicting dense foot contact from a single RGB image remains largely underexplored. There are two main challenges for learning dense foot contact estimation. First, shoes exhibit highly diverse appearances, making it difficult for models to generalize across different styles. Second, ground often has a monotonous appearance, making it difficult to extract informative features. To tackle these issues, we present a FEet COntact estimation (FECO) framework that learns dense foot contact with shoe style-invariant and ground-aware learning. To overcome the challenge of shoe appearance diversity, our approach incorporates shoe style adversarial training that enforces shoe style-invariant features for contact estimation. To effectively utilize ground information, we introduce a ground feature extractor that captures ground properties based on spatial context. As a result, our proposed method achieves robust foot contact estimation regardless of shoe appearance and effectively leverages ground information. Code will be released.","{""adversarial_core"": [""arance diversity, our approach incorporates shoe style adversarial training that enforces shoe style-invariant features for contac""], ""vision_context"": [""n, yet predicting dense foot contact from a single RGB image remains largely underexplored. There are two main chal""]}",{},https://openaccess.thecvf.com/content/CVPR2026/papers/Jung_Shoe_Style-Invariant_and_Ground-Aware_Learning_for_Dense_Foot_Contact_Estimation_CVPR_2026_paper.pdf,https://cvpr.thecvf.com/virtual/2026/poster/39209,True,cvpr2026_papers.json
iclr2026_papers:5568,ICLR,2026,StoRM: Stochastic Region Mixup,6,C-Foundation,adversarial_core;vision_context,"A number of data-augmentation strategies have been proposed to alleviate problems such as over-fitting, distribution shifts, and adversarial attacks in deep neural networks. A growing body of literature has investigated computationally expensive techniques like inclusion of saliency cues, diffusion processes or even fractal-like noise to improve upon robustness, clean accuracy. Although these methods may be intuitively compelling, there is limited theoretical justification for such techniques, especially given their computational inefficiencies and other issues. Thus, in this paper, we take a detour from them and propose Stochastic Region Mixup (StoRM). We simply focus on increasing the diversity of augmented samples. We show that this strategy can be extended to outperform saliency-based methods with lower computational overheads in several key metrics, and the key bottleneck in mixup based methods is the dimensionality of the vicinial risk space. StoRM—a stochastic extension of Region Mixup—stochastically combines multiple regions from a plurality of images leading to more diverse augmentations. We present empirical studies and theoretical analysis demonstrating that this richer augmentation space yields improved generalization and robustness while preserving label integrity through careful area-based mixing. Across benchmarks, StoRM consistently outperforms state-of-the-art mixup methods. The code will be released publicly upon acceptance.","{""adversarial_core"": [""roblems such as over-fitting, distribution shifts, and adversarial attacks in deep neural networks. A growing body of literature""], ""vision_context"": [""stically combines multiple regions from a plurality of images leading to more diverse augmentations. We present empi""]}",{},https://openreview.net/pdf/4913903037308bd4cdf1decc613094744db5f872.pdf,https://openreview.net/forum?id=3yKCsXUso2,True,iclr2026_papers.json
neurips2025_papers:2622,NEURIPS,2025,StyleGuard: Preventing Text-to-Image-Model-based Style Mimicry Attacks by Style Perturbations,6,C-Foundation,adversarial_core;vision_context,"Recently, text-to-image diffusion models have been widely used for style mimicry and personalized customization through methods such as DreamBooth and Textual Inversion. This has raised concerns about intellectual property protection and the generation of deceptive content. Recent studies, such as Glaze and Anti-DreamBooth, have proposed using adversarial noise to protect images from these attacks. However, recent purification-based methods, such as DiffPure and Noise Upscaling, have successfully attacked these latest defenses, showing the vulnerabilities of these methods. Moreover, present methods show limited transferability across models, making them less effective against unknown text-to-image models. To address these issues, we propose a novel anti-mimicry method, StyleGuard. We propose a novel style loss that optimizes the style-related features in the latent space to make it deviate from the original image, which improves model-agnostic transferability. Additionally, to enhance the perturbation's ability to bypass diffusion-based purification, we designed a novel upscale loss that involves ensemble purifiers and upscalers during training. Extensive experiments on the WikiArt and CelebA datasets demonstrate that StyleGuard outperforms existing methods in robustness against various transformations and purifications, effectively countering style mimicry in various models. Moreover, StyleGuard is effective on different style mimicry methods, including DreamBooth and Textual Inversion. The code is available at \url{https://github.com/PolyLiYJ/StyleGuard}.","{""adversarial_core"": [""lable at \\url{https://github.com/PolyLiYJ/StyleGuard}. adversarial attack style mimicry attack Dreambooth diffusion model""], ""vision_context"": [""StyleGuard: Preventing Text-to-Image-Model-based Style Mimicry Attacks by Style Perturbatio""]}",{},https://openreview.net/pdf/8b475ef742f4bdd818afc07210c1b96736a7f024.pdf,https://openreview.net/forum?id=SptbUlfhJg,True,neurips2025_papers.json
iclr2026_papers:5485,ICLR,2026,THE JPEG BLIND SPOT: EXPOSING A CRITICAL VULNERABILITY IN DOCUMENT TAMPERING DETECTION,6,C-Foundation,adversarial_core;vision_context,"Deep models for document tampering detection increasingly rely on multimodal RGB+DCT architectures, implicitly assuming that JPEG block artifact grids (BAG) provide stable cross forgery cues. In this paper, we show that this assumption embeds a strong inductive bias that fails under minimal, adversarially constructed perturbations. Unlike natural images, where JPEG alignment is largely stochastic, document images contain sharply bounded glyph structures, making grid-aligned manipulations trivial for an adversary. We formalize this phenomenon through two complementary attacks. Grid-Aligned Forgery (GAF) preserves local JPEG block statistics by aligning copy move, splicing, or generative manipulations to the underlying 8×8 grid, removing the inconsistencies current models depend on. Pad–Recompress–Crop (PRC) globally shifts the JPEG grid while leaving RGB content unchanged, probing whether detectors meaningfully fuse RGB and DCT features or merely memorize position dependent frequency cues. To quantify these effects, we use two evaluation metrics, Attack Success Rate (ASR) for missing forged regions and False Positive Area (FPA) for unintended detections, which capture failure modes not measured by prior work. Evaluations on the DocTamper benchmark show that both attacks substantially degrade performance across a range of state-of-the-art and robustness-oriented (including adversarially robust) detectors, such as CAT-Net, DTD, FFDN, DocForgeNet, and ADCD-Net. Our findings indicate that many existing models exhibit a strong bias toward JPEG-grid statistics and highlight this as an opportunity for developing more robust multimodal architectures for real world, security critical document forensics.","{""adversarial_core"": [""ocument forensics. Document Tampering Document Forgery Adversarial attacks JPEG artifacts""], ""vision_context"": [""dversarially constructed perturbations. Unlike natural images, where JPEG alignment is largely stochastic, document""]}",{},https://openreview.net/pdf/24f2690ce3a8bef6386338c43ad6693bc251e6e4.pdf,https://openreview.net/forum?id=oVyMK8YA9w,True,iclr2026_papers.json
icml2024_papers:1565,ICML,2024,The Perception-Robustness Tradeoff in Deterministic Image Restoration,6,C-Foundation,adversarial_core;vision_context,"We study the behavior of deterministic methods for solving inverse problems in imaging. These methods are commonly designed to achieve two goals: (1) attaining high perceptual quality, and (2) generating reconstructions that are consistent with the measurements. We provide a rigorous proof that the better a predictor satisfies these two requirements, the larger its Lipschitz constant must be, regardless of the nature of the degradation involved. In particular, to approach perfect perceptual quality and perfect consistency, the Lipschitz constant of the model must grow to infinity. This implies that such methods are necessarily more susceptible to adversarial attacks. We demonstrate our theory on single image super-resolution algorithms, addressing both noisy and noiseless settings. We also show how this undesired behavior can be leveraged to explore the posterior distribution, thereby allowing the deterministic model to imitate stochastic methods.","{""adversarial_core"": [""that such methods are necessarily more susceptible to adversarial attacks. We demonstrate our theory on single image super-resol""], ""vision_context"": [""The Perception-Robustness Tradeoff in Deterministic Image Restoration We study the behavior of deterministic met""]}",{},https://raw.githubusercontent.com/mlresearch/v235/main/assets/ohayon24a/ohayon24a.pdf,,True,icml2024_papers.json
neurips2025_papers:2515,NEURIPS,2025,The Unseen Threat: Residual Knowledge in Machine Unlearning under Perturbed Samples,6,C-Foundation,adversarial_core;vision_context,"Machine unlearning offers a practical alternative to avoid full model re-training by approximately removing the influence of specific user data. While existing methods certify unlearning via statistical indistinguishability from re-trained models, these guarantees do not naturally extend to model outputs when inputs are adversarially perturbed. In particular, slight perturbations of forget samples may still be correctly recognized by the unlearned model---even when a re-trained model fails to do so---revealing a novel privacy risk: information about the forget samples may persist in their local neighborhood. In this work, we formalize this vulnerability as residual knowledge and show that it is inevitable in high-dimensional settings. To mitigate this risk, we propose a fine-tuning strategy, named RURK, that penalizes the model’s ability to re-recognize perturbed forget samples. Experiments on vision benchmarks with deep neural networks demonstrate that residual knowledge is prevalent across existing unlearning methods and that our approach effectively prevents residual knowledge.","{""adversarial_core"": [""ents residual knowledge. Machine Unlearning robustness adversarial perturbation disagreement residual knowledge.""], ""vision_context"": [""re-recognize perturbed forget samples. Experiments on vision benchmarks with deep neural networks demonstrate that""]}",{},https://openreview.net/pdf/f7c5a6d8287289eaa86c6c0c96caf08e5903ac37.pdf,https://openreview.net/forum?id=1wlZoi4w5o,True,neurips2025_papers.json
iclr2026_papers:8137,ICLR,2026,Theoretically Understanding the Hidden Adversarial Price of Low-Rank Adaptation,6,C-Foundation,adversarial_core;vision_context,"Low-rank adaptation (LoRA) has emerged as a prominent parameter-efficient fine-tuning (PEFT) method for large pre-trained models, enabling strong downstream performance with minimal parameter updates. While LoRA is known to outperform head-only fine-tuning in terms of clean accuracy, its impact on adversarial robustness remains largely unexplored. In this work, and to the best of our knowledge, we present the first theoretical analysis of LoRA’s adversarial robustness, comparing it to that of head-only fine-tuning. We formalize the notion of expected adversarial robustness and derive upper bounds demonstrating that, despite its superior clean performance, LoRA can be inherently less robust than head-only tuning due to the additional degrees of freedom introduced by its low-rank components. We further study the influence of LoRA’s initialization scheme and show that simple changes in the initialization distribution of the low-rank matrix can significantly affect robustness. Finally, we support our theoretical findings with extensive experiments on both vision and language benchmarks under standard adversarial attacks. Our results provide a principled understanding of the trade-offs between parameter efficiency, clean performance, and adversarial robustness in commonly used fine-tuning strategies.","{""adversarial_core"": [""fine-tuning in terms of clean accuracy, its impact on adversarial robustness remains largely unexplored. In this work, and to the b""], ""vision_context"": [""heoretical findings with extensive experiments on both vision and language benchmarks under standard adversarial att""]}",{},https://openreview.net/pdf/e3188b525f12c87a096b1581def9e11505bd76a9.pdf,https://openreview.net/forum?id=TMKDVEOohD,True,iclr2026_papers.json
icml2025_papers:2448,ICML,2025,Topological Signatures of Adversaries in Multimodal Alignments,6,C-Foundation,adversarial_core;vision_context,"Multimodal Machine Learning systems, particularly those aligning text and image data like CLIP/BLIP models, have become increasingly prevalent, yet remain susceptible to adversarial attacks. While substantial research has addressed adversarial robustness in unimodal contexts, defense strategies for multimodal systems are underexplored. This work investigates the topological signatures that arise between image and text embeddings and shows how adversarial attacks disrupt their alignment, introducing distinctive signatures. We specifically leverage persistent homology and introduce two novel Topological-Contrastive losses based on Total Persistence and Multi-scale kernel methods to analyze the topological signatures introduced by adversarial perturbations. We observe a pattern of monotonic changes in the proposed topological losses emerging in a wide range of attacks on image-text alignments, as more adversarial samples are introduced in the data. By designing an algorithm to back-propagate these signatures to input samples, we are able to integrate these signatures into Maximum Mean Discrepancy tests, creating a novel class of tests that leverage topological signatures for better adversarial detection.","{""adversarial_core"": [""come increasingly prevalent, yet remain susceptible to adversarial attacks. While substantial research has addressed adversarial""], ""vision_context"": [""Learning systems, particularly those aligning text and image data like CLIP/BLIP models, have become increasingly p""]}",{},https://raw.githubusercontent.com/mlresearch/v267/main/assets/vu25a/vu25a.pdf,,True,icml2025_papers.json
cvpr2026_papers:198,CVPR,2026,TTP: Test-Time Padding for Adversarial Detection and Robust Adaptation on Vision-Language Models,6,C-Foundation,adversarial_core;vision_context,"Vision-Language Models (VLMs), such as CLIP, have achieved impressive zero-shot recognition performance but remain highly susceptible to adversarial perturbations, posing significant risks in safety-critical scenarios. Previous training-time defenses rely on adversarial fine-tuning, which requires labeled data and costly retraining, while existing test-time strategies fail to reliably distinguish between clean and adversarial inputs, thereby preventing both adversarial robustness and clean accuracy from reaching their optimum. To address these limitations, we propose Test-Time Padding (TTP), a lightweight defense framework that performs adversarial detection followed by targeted adaptation at inference. TTP identifies adversarial inputs via the cosine similarity shift between CLIP feature embeddings computed before and after spatial padding, yielding a universal threshold for reliable detection across architectures and datasets. For detected adversarial cases, TTP employs trainable padding to restore disrupted attention patterns, coupled with a similarity-aware ensemble strategy for a more robust final prediction. For clean inputs, TTP leaves them unchanged by default or optionally integrates existing test-time adaptation techniques for further accuracy gains. Comprehensive experiments on diverse CLIP backbones and fine-grained benchmarks show that TTP consistently surpasses state-of-the-art test-time defenses, delivering substantial improvements in adversarial robustness without compromising clean accuracy. The code for this paper will be released soon.","{""adversarial_core"": [""cognition performance but remain highly susceptible to adversarial perturbations, posing significant risks in safety-critical scenarios""], ""vision_context"": [""ing for Adversarial Detection and Robust Adaptation on Vision-Language Models Vision-Language Models (VLMs), such as""]}",{},https://openaccess.thecvf.com/content/CVPR2026/papers/Li_TTP_Test-Time_Padding_for_Adversarial_Detection_and_Robust_Adaptation_on_CVPR_2026_paper.pdf,https://cvpr.thecvf.com/virtual/2026/poster/39824,True,cvpr2026_papers.json
iclr2026_papers:724,ICLR,2026,Tug-of-War No More: Harmonizing Accuracy and Robustness in Vision-Language Models via Stability-Aware Task Vector Merging,6,C-Foundation,adversarial_core;vision_context,"Foundation Vision-Language Models (VLMs) excel across benchmarks yet remain vulnerable to adversarial attacks. While adversarial fine-tuning improves robustness, attaining a desirable clean–robust performance trade-off typically requires costly hyperparameter searches with multiple retraining runs. A promising alternative is to merge task vectors (i.e., parameter displacements from pre-trained models) to balance accuracy and robustness without retraining. However, we find that naive task-vector merging produces a near-linear trade-off, as it equally weights all coordinates and fails to distinguish weights that aid both objectives from those that create conflicts. To overcome this limitation, we propose a prediction stability-aware merging framework that composes task vectors from off-the-shelf naturally and robustly fine-tuned VLMs. Our key insight is that prediction stability serves as a proxy for cross-objective compatibility, enabling us to favor perturbation-invariant parameters while attenuating those with high cross-objective impact. Specifically, we estimate per-parameter stability from gradients under both objectives, building complementary masks that retain jointly stable coordinates while suppressing counterpart-sensitive ones. We further refine these masks along adversarial parameter trajectories, with steps weighted by a prediction-sensitivity index. Our theoretical analysis shows that the masks provably contract first-order cross-objective interference, and the prediction criticality index tracks curvature, biasing the merge toward flatter minima and better generalization. Extensive experiments across benchmarks and scenarios demonstrate our method consistently achieves superior clean–robust trade-offs over prior approaches, with the learned balance transferring effectively to downstream tasks.","{""adversarial_core"": [""VLMs) excel across benchmarks yet remain vulnerable to adversarial attacks. While adversarial fine-tuning improves robustness, at""], ""vision_context"": [""of-War No More: Harmonizing Accuracy and Robustness in Vision-Language Models via Stability-Aware Task Vector Mergin""]}",{},https://openreview.net/pdf/8acd32a71e1caade61341a67ee413f984c86387e.pdf,https://openreview.net/forum?id=KOO1cDm2bt,True,iclr2026_papers.json
iclr2026_papers:1207,ICLR,2026,TwinFlow: Realizing One-step Generation on Large Models with Self-adversarial Flows,6,C-Foundation,adversarial_core;vision_context,"Recent advances in large multi-modal generative models have demonstrated impressive capabilities in multi-modal generation, including image and video generation. These models are typically built upon multi-step frameworks like diffusion and flow matching, which inherently limits their inference efficiency (requiring 40-100 Number of Function Evaluations (NFEs)). While various few-step methods aim to accelerate the inference, existing solutions have clear limitations. Prominent distillation-based methods, such as progressive and consistency distillation, either require an iterative distillation procedure or show significant degradation at very few steps (< 4-NFE). Meanwhile, integrating adversarial training into distillation (e.g., DMD/DMD2 and SANA-Sprint) to enhance performance introduces training instability, added complexity, and high GPU memory overhead due to the auxiliary trained models. To this end, we propose TwinFlow, a simple yet effective framework for training 1-step generative models that bypasses the need for distillation from pre-trained models and avoids standard adversarial training, making it ideal for building large-scale, efficient models. On text-to-image tasks, our method achieves a GenEval score of 0.83 in 1-NFE, outperforming strong baselines like SANA-Sprint (a GAN loss-based framework) and RCGM (a consistency-based framework). **Notably, we demonstrate the scalability of TwinFlow by transforming Qwen-Image-20B---the current largest open-source multi-modal generative model---into an efficient few-step generator**. With just 1-NFE, our approach matches the performance of the original 100-NFE model on both the GenEval and DPG-Bench benchmarks, reducing computational cost by $100\times$ with minor quality degradation. Our code and models will be made publicly available.","{""adversarial_core"": [""on at very few steps (< 4-NFE). Meanwhile, integrating adversarial training into distillation (e.g., DMD/DMD2 and SANA-Sprint) to""], ""vision_context"": [""sive capabilities in multi-modal generation, including image and video generation. These models are typically built""]}",{},https://openreview.net/pdf/b65362604a23bf3ea79543a882c67f8d49b1343e.pdf,https://openreview.net/forum?id=fBc9v8CVvm,True,iclr2026_papers.json
iclr2026_papers:3790,ICLR,2026,Untraceable DeepFakes via Traceable Fingerprint Elimination,6,C-Foundation,adversarial_core;vision_context,"Recent advancements in DeepFakes attribution technologies have significantly enhanced forensic capabilities, enabling the extraction of traces left by generative models (GMs) in images, making DeepFakes traceable back to their source GMs. Meanwhile, several attacks have attempted to evade attribution models (AMs) for exploring their limitations, calling for more robust AMs. However, existing attacks fail to eliminate GMs' traces, thus can be mitigated by defensive measures. In this paper, we identify that untraceable DeepFakes can be achieved through a multiplicative attack, which can fundamentally eliminate GMs' traces. Therefore, by leveraging the structural prior from content-coupled fingerprints, we design a multiplicative attack framework that instills an explicit inductive bias into the adversarial model, guiding it to eliminate fingerprints within DeepFakes, thereby evading AMs even enhanced with defensive measures. This framework trains the adversarial model solely using real data, applicable for various GMs and agnostic to AMs. Experimental results demonstrate the outstanding attack capability and universal applicability of our method, achieving an average attack success rate (ASR) of 97.08\% against 6 advanced AMs across 12 GMs. Even in the presence of defensive mechanisms, our method maintains an ASR exceeding 72.39\%. Our work underscores the potential challenges posed by multiplicative attacks and highlights the need for more robust AMs.","{""adversarial_core"": [""ts the need for more robust AMs. DeepFakes Attribution;Adversarial Attack;Generative Model Fingerprint""], ""vision_context"": [""xtraction of traces left by generative models (GMs) in images, making DeepFakes traceable back to their source GMs.""]}",{},https://openreview.net/pdf/2eae29bec8cbf36dabc7117457482e044e720622.pdf,https://openreview.net/forum?id=LkWsQ3Tawx,True,iclr2026_papers.json
neurips2025_papers:405,NEURIPS,2025,Vanish into Thin Air: Cross-prompt Universal Adversarial Attacks for SAM2,6,C-Foundation,adversarial_core;vision_context,"Recent studies reveal the vulnerability of the image segmentation foundation model SAM to adversarial examples. Its successor, SAM2, has attracted significant attention due to its strong generalization capability in video segmentation. However, its robustness remains unexplored, and it is unclear whether existing attacks on SAM can be directly transferred to SAM2. In this paper, we first analyze the performance gap of existing attacks between SAM and SAM2 and highlight two key challenges arising from their architectural differences: directional guidance from the prompt and semantic entanglement across consecutive frames. To address these issues, we propose UAP-SAM2, the first cross-prompt universal adversarial attack against SAM2 driven by dual semantic deviation. For cross-prompt transferability, we begin by designing a target-scanning strategy that divides each frame into k regions, each randomly assigned a prompt, to reduce prompt dependency during optimization. For effectiveness, we design a dual semantic deviation framework that optimizes a UAP by distorting the semantics within the current frame and disrupting the semantic consistency across consecutive frames. Extensive experiments on six datasets across two segmentation tasks demonstrate the effectiveness of the proposed method for SAM2. The comparative results show that UAP-SAM2 significantly outperforms state-of-the-art (SOTA) attacks by a large margin.","{""adversarial_core"": [""Vanish into Thin Air: Cross-prompt Universal Adversarial Attacks for SAM2 Recent studies reveal the vulnerability of th""], ""vision_context"": [""or SAM2 Recent studies reveal the vulnerability of the image segmentation foundation model SAM to adversarial examp""]}",{},https://openreview.net/pdf/05638e3e613543d2ac58501463ff220be5da9270.pdf,https://openreview.net/forum?id=Ll29PmM3UH,True,neurips2025_papers.json
icml2025_papers:2850,ICML,2025,Variance as a Catalyst: Efficient and Transferable Semantic Erasure Adversarial Attack for Customized Diffusion Models,6,C-Foundation,adversarial_core;vision_context,"Latent Diffusion Models (LDMs) enable fine-tuning with only a few images and have become widely used on the Internet. However, it can also be misused to generate fake images, leading to privacy violations and social risks. Existing adversarial attack methods primarily introduce noise distortions to generated images but fail to completely erase identity semantics. In this work, we identify the variance of VAE latent code as a key factor that influences image distortion. Specifically, larger variances result in stronger distortions and ultimately erase semantic information. Based on this finding, we propose a Laplace-based (LA) loss function that optimizes along the fastest variance growth direction, ensuring each optimization step is locally optimal. Additionally, we analyze the limitations of existing methods and reveal that their loss functions often fail to align gradient signs with the direction of variance growth. They also struggle to ensure efficient optimization under different variance distributions. To address these issues, we further propose a novel Lagrange Entropy-based (LE) loss function. Experimental results demonstrate that our methods achieve state-of-the-art performance on CelebA-HQ and VGGFace2. Both proposed loss functions effectively lead diffusion models to generate pure-noise images with identity semantics completely erased. Furthermore, our methods exhibit strong transferability across diverse models and efficiently complete attacks with minimal computational resources. Our work provides a practical and efficient solution for privacy protection.","{""adversarial_core"": [""Catalyst: Efficient and Transferable Semantic Erasure Adversarial Attack for Customized Diffusion Models Latent Diffusion Model""], ""vision_context"": [""usion Models (LDMs) enable fine-tuning with only a few images and have become widely used on the Internet. However,""]}",{},https://raw.githubusercontent.com/mlresearch/v267/main/assets/yang25ai/yang25ai.pdf,,True,icml2025_papers.json
cvpr2026_papers:4817,CVPR,2026,Verifying Neural Network Robustness with Dual Perturbations,6,C-Foundation,adversarial_core;vision_context,"Safety-critical deep learning systems must be robust against real-world corruptions combining spatially correlated distortions and independent noise.Current deep neural network verification methods handle these perturbations separately, either checking independent pixel-wise perturbations or restricted convolutional transformations using predefined patterns.This gap prevents assessing robustness under realistic conditions where both perturbation types occur simultaneously.To address these limitations, we propose VeriDou, a framework that introduces:(i) universal convolutional perturbations that enable verification across continuous spatial distortion spaces, and(ii) dual perturbations that capture both convolutional distortions and independent pixel-level variations.Our evaluation on a set of diverse benchmarks with 14340 instances shows VeriDou's dual perturbations approach found substantially more adversarial examples on networks that existing methods claimed to be highly robust.This shows that VeriDou is able to explore a broader range of unsafe regions and thus enhances formal assessment of robustness.","{""adversarial_core"": [""s dual perturbations approach found substantially more adversarial examples on networks that existing methods claimed to be highly""], ""vision_context"": [""perturbations separately, either checking independent pixel-wise perturbations or restricted convolutional transfo""]}",{},https://openaccess.thecvf.com/content/CVPR2026/papers/Duong_Verifying_Neural_Network_Robustness_with_Dual_Perturbations_CVPR_2026_paper.pdf,https://cvpr.thecvf.com/virtual/2026/poster/39187,True,cvpr2026_papers.json
icml2024_papers:58,ICML,2024,WAVES: Benchmarking the Robustness of Image Watermarks,6,C-Foundation,adversarial_core;vision_context,"In the burgeoning age of generative AI, watermarks act as identifiers of provenance and artificial content. We present WAVES (Watermark Analysis via Enhanced Stress-testing), a benchmark for assessing image watermark robustness, overcoming the limitations of current evaluation methods. WAVES integrates detection and identification tasks and establishes a standardized evaluation protocol comprised of a diverse range of stress tests. The attacks in WAVES range from traditional image distortions to advanced, novel variations of diffusive, and adversarial attacks. Our evaluation examines two pivotal dimensions: the degree of image quality degradation and the efficacy of watermark detection after attacks. Our novel, comprehensive evaluation reveals previously undetected vulnerabilities of several modern watermarking algorithms. We envision WAVES as a toolkit for the future development of robust watermarks.","{""adversarial_core"": [""rtions to advanced, novel variations of diffusive, and adversarial attacks. Our evaluation examines two pivotal dimensions: the d""], ""vision_context"": [""WAVES: Benchmarking the Robustness of Image Watermarks In the burgeoning age of generative AI, wat""]}",{},https://raw.githubusercontent.com/mlresearch/v235/main/assets/an24a/an24a.pdf,,True,icml2024_papers.json
iclr2026_papers:9473,ICLR,2026,$\text{BrainM}^3$: A Multi-Task Learning Framework Based on A Multi-Level Mixture- of-Experts for Cross-Disease and Cross-Domain Dementia Diagnosis,5,C-Foundation,adversarial_core,"Accurate differential diagnosis of dementia subtypes is crucial due to their distinct clinical trajectories and treatment responses. However, rare subtypes such as Lewy Body Dementia (LBD) suffer from data scarcity, and domain shifts across institutions further hinder model generalization. To address these challenges, we propose $\text{BrainM}^3$, a Multi-task learning framework based on a Multi-level Mixture-of-Experts (MoE) architecture for cross-domain and cross-disease Brain modeling. Our model jointly learns Alzheimer’s disease (AD), mild cognitive impairment (MCI), and LBD diagnosis by disentangling disease-shared and specific brain connectivity features. At the domain level, a domain-aware Soft-MoE combined with adversarial training captures domain-invariant foundation brain representations, effectively mitigating scanner and cohort variability. At the task level, task-shared and task-specific Soft-MoEs enable mutual knowledge transfer and facilitate fine-grained pathological feature modeling. Experiments on multi-institutional datasets demonstrate that $\text{BrainM}^3$ consistently outperforms baselines under data heterogeneity. Moreover, our model offers interpretable insights into disease-relevant brain networks, offering potential clinical utility. Our work highlights the promise of an accurate and interpretable model for robust dementia diagnosis in real-world, cross-institution settings. Our code will be published based on acceptance.","{""adversarial_core"": [""he domain level, a domain-aware Soft-MoE combined with adversarial training captures domain-invariant foundation brain representat""]}",{},https://openreview.net/pdf/6a2144af5bfa343773fd0d66b61f6a02185cb3c8.pdf,https://openreview.net/forum?id=SwNrMxesH2,True,iclr2026_papers.json
neurips2025_papers:654,NEURIPS,2025,"A Near-optimal, Scalable and Parallelizable Framework for Stochastic Bandits Robust to Adversarial Corruptions and Beyond",5,C-Foundation,adversarial_core,"We investigate various stochastic bandit problems in the presence of adversarial corruptions. A seminal work for this problem is the BARBAR~\cite{gupta2019better} algorithm, which achieves both robustness and efficiency. However, it suffers from a regret of $O(KC)$, which does not match the lower bound of $\Omega(C)$, where $K$ denotes the number of arms and $C$ denotes the corruption level. In this paper, we first improve the BARBAR algorithm by proposing a novel framework called BARBAT, which eliminates the factor of $K$ to achieve an optimal regret bound up to a logarithmic factor. We also extend BARBAT to various settings, including multi-agent bandits, graph bandits, combinatorial semi-bandits and batched bandits. Compared with the Follow-the-Regularized-Leader framework, our methods are more amenable to parallelization, making them suitable for multi-agent and batched bandit settings, and they incur lower computational costs, particularly in semi-bandit problems. Numerical experiments verify the efficiency of the proposed methods.","{""adversarial_core"": [""le and Parallelizable Framework for Stochastic Bandits Robust to Adversarial Corruptions and Beyond We investigate various stochast""]}",{},https://openreview.net/pdf/f432f4377be8ed899da3c2711137ec1e5963e502.pdf,https://openreview.net/forum?id=kzdLY8C8oa,True,neurips2025_papers.json
neurips2025_papers:1933,NEURIPS,2025,Accelerated Vertical Federated Adversarial Learning through Decoupling Layer-Wise Dependencies,5,C-Foundation,adversarial_core,"Vertical Federated Learning (VFL) enables participants to collaboratively train models on aligned samples while keeping their heterogeneous features private and distributed. Despite their utility, VFL models remain vulnerable to adversarial attacks during inference. Adversarial Training (AT), which generates adversarial examples at each training iteration, stands as the most effective defense for improving model robustness. However, applying AT in VFL settings (VFAL) faces significant computational efficiency challenges, as the distributed training framework necessitates iterative propagations across participants. To this end, we propose **_DecVFAL_** framework, which substantially accelerates **_VFAL_** training through a dual-level ***Dec***oupling mechanism applied during adversarial sample generation. Specifically, we first decouple the bottom modules of clients (directly responsible for adversarial updates) from the remaining networks, enabling efficient _lazy sequential propagations_ that reduce communication frequency through delayed gradients. We further introduce _decoupled parallel backpropagation_ to accelerate delayed gradient computation by eliminating idle waiting through parallel processing across modules. Additionally, we are the first to establish convergence analysis for VFAL, rigorously characterizing how our decoupling mechanism interacts with existing VFL dynamics, and prove that _DecVFAL_ achieves an $\mathcal{O}(1/\sqrt{K})$ convergence rate matching that of standard VFLs. Experimental results show that _DecVFAL_ ensures competitive robustness while significantly achieving about $3\sim10\times$ speed up.","{""adversarial_core"": [""Despite their utility, VFL models remain vulnerable to adversarial attacks during inference. Adversarial Training (AT), which gen""]}",{},https://openreview.net/pdf/3a3183f6884fce8294bb86bd6e5ac9695870d89e.pdf,https://openreview.net/forum?id=qH70UC6SNy,True,neurips2025_papers.json
neurips2025_papers:5355,NEURIPS,2025,Accelerating first-order methods for nonconvex-strongly-convex bilevel optimization under general smoothness,5,C-Foundation,adversarial_core,"Bilevel optimization is pivotal in machine learning applications such as hyperparameter tuning and adversarial training. While existing methods for nonconvex-strongly-convex bilevel optimization can find an $\epsilon$-stationary point under Lipschitz continuity assumptions, two critical gaps persist: improving algorithmic complexity and generalizing smoothness conditions. This paper addresses these challenges by introducing an accelerated framework under Hölder continuity—a broader class of smoothness that subsumes Lipschitz continuity. We propose a restarted accelerated gradient method that leverages inexact hypergradient estimators and establishes theoretical oracle complexity for finding $\epsilon$-stationary points. Empirically, experiments on data hypercleaning and hyperparameter optimization demonstrate superior convergence rates compared to state-of-the-art baselines.","{""adversarial_core"": [""earning applications such as hyperparameter tuning and adversarial training. While existing methods for nonconvex-strongly-convex""]}",{},https://openreview.net/pdf/cf3cb98acd35bef3b2fac97f36af7c00bbc58f3f.pdf,https://openreview.net/forum?id=YEYOkWtkMm,True,neurips2025_papers.json
neurips2025_papers:3774,NEURIPS,2025,AdaptDel: Adaptable Deletion Rate Randomized Smoothing for Certified Robustness,5,C-Foundation,adversarial_core,"We consider the problem of certified robustness for sequence classification against edit distance perturbations. Naturally occurring inputs of varying lengths (e.g., sentences in natural language processing tasks) present a challenge to current methods that employ fixed-rate deletion mechanisms and lead to suboptimal performance. To this end, we introduce AdaptDel methods with adaptable deletion rates that dynamically adjust based on input properties. We extend the theoretical framework of randomized smoothing to variable-rate deletion, ensuring sound certification with respect to edit distance. We achieve strong empirical results in natural language tasks, observing up to 30 orders of magnitude improvement to median cardinality of the certified region, over state-of-the-art certifications.","{""adversarial_core"": [""tifications. Randomized Smoothing Certified Robustness Adversarial Training""]}",{},https://openreview.net/pdf/4c503f11a20968722f505de693a58e95c3871cd9.pdf,https://openreview.net/forum?id=xAKOn2IfsP,True,neurips2025_papers.json
neurips2025_papers:2161,NEURIPS,2025,Adv-SSL: Adversarial Self-Supervised Representation Learning with Theoretical Guarantees,5,C-Foundation,adversarial_core,"Learning transferable data representations from abundant unlabeled data remains a central challenge in machine learning. Although numerous self-supervised learning methods have been proposed to address this challenge, a significant class of these approaches aligns the covariance or correlation matrix with the identity matrix. Despite impressive performance across various downstream tasks, these methods often suffer from biased sample risk, leading to substantial optimization shifts in mini-batch settings and complicating theoretical analysis. In this paper, we introduce a novel \underline{\bf Adv}ersarial \underline{\bf S}elf-\underline{\bf S}upervised Representation \underline{\bf L}earning (Adv-SSL) for unbiased transfer learning with no additional cost compared to its biased counterparts. Our approach not only outperforms the existing methods across multiple benchmark datasets but is also supported by comprehensive end-to-end theoretical guarantees. Our analysis reveals that the minimax optimization in Adv-SSL encourages representations to form well-separated clusters in the embedding space, provided there is sufficient upstream unlabeled data. As a result, our method achieves strong classification performance even with limited downstream labels, shedding new light on few-shot learning.","{""adversarial_core"": [""f-supervised representation learning transfer learning adversarial training error analysis""]}",{},https://openreview.net/pdf/88659ad63c59a71b80ec45e88334ec04d0a59379.pdf,https://openreview.net/forum?id=a8mYhA3Fz8,True,neurips2025_papers.json
icml2024_papers:99,ICML,2024,Adversarial Attacks on Combinatorial Multi-Armed Bandits,5,C-Foundation,adversarial_core,"We study reward poisoning attacks on Combinatorial Multi-armed Bandits (CMAB). We first provide a sufficient and necessary condition for the attackability of CMAB, a notion to capture the vulnerability and robustness of CMAB. The attackability condition depends on the intrinsic properties of the corresponding CMAB instance such as the reward distributions of super arms and outcome distributions of base arms. Additionally, we devise an attack algorithm for attackable CMAB instances. Contrary to prior understanding of multi-armed bandits, our work reveals a surprising fact that the attackability of a specific CMAB instance also depends on whether the bandit instance is known or unknown to the adversary. This finding indicates that adversarial attacks on CMAB are difficult in practice and a general attack strategy for any CMAB instance does not exist since the environment is mostly unknown to the adversary. We validate our theoretical findings via extensive experiments on real-world CMAB applications including probabilistic maximum covering problem, online minimum spanning tree, cascading bandits for online ranking, and online shortest path.","{""adversarial_core"": [""Adversarial Attacks on Combinatorial Multi-Armed Bandits We study reward p""]}",{},https://raw.githubusercontent.com/mlresearch/v235/main/assets/balasubramanian24a/balasubramanian24a.pdf,,True,icml2024_papers.json
iclr2026_papers:5935,ICLR,2026,Adversarial Attacks on Downstream Weather Forecasting Models: Application to Tropical Cyclone Trajectory Prediction,5,C-Foundation,adversarial_core,"Deep learning–based weather forecasting (DLWF) models leverage past weather observations to generate future forecasts, supporting a wide range of downstream tasks, including tropical cyclone (TC) trajectory prediction. In this paper, we investigate their vulnerability to adversarial attacks, where subtle perturbations to the upstream weather forecasts can alter the downstream TC trajectory predictions. Although research on adversarial attacks in DLWF models has grown recently, generating perturbed upstream forecasts that reliably steer downstream output toward attacker-specified trajectories remains a challenge. First, conventional TC detection systems are opaque, non-differentiable black boxes, making standard gradient-based attacks infeasible. Second, the extreme rarity of TC events leads to severe class imbalance problem, making it difficult to develop efficient attack methods that will produce the attacker's target trajectories. Furthermore, maintaining physical consistency in adversarially generated forecasts presents another significant challenge. To overcome these limitations, we propose Cyc-Attack, a novel method that perturbs the upstream forecasts of DLWF models to generate adversarial trajectories. First, we pre-train a differentiable surrogate model to approximate the TC detector's output, enabling the construction of gradient-based attacks. Cyc-Attack also employs skewness-aware loss function with kernel dilation strategy to address the imbalance problem. Finally, a distance-based gradient weighting scheme and regularization are used to constrain the perturbations and eliminate spurious trajectories to ensure the adversarial forecasts are realistic and not easily detectable. Our experimental results show that Cyc-Attack achieves higher targeted TC trajectory detection rates, lower false alarm rates, and stealthier perturbations than conventional gradient-based attack methods.","{""adversarial_core"": [""Adversarial Attacks on Downstream Weather Forecasting Models: Application""]}",{},https://openreview.net/pdf/17f9647e46100cd2b2903b42469e62c73e47881c.pdf,https://openreview.net/forum?id=JQW9J9Q2gp,True,iclr2026_papers.json
neurips2025_papers:3334,NEURIPS,2025,Adversarial generalization of unfolding (model-based) networks,5,C-Foundation,adversarial_core,"Unfolding networks are interpretable networks emerging from iterative algorithms, incorporate prior knowledge of data structure, and are designed to solve inverse problems like compressed sensing, which deals with recovering data from noisy, missing observations. Compressed sensing finds applications in critical domains, from medical imaging to cryptography, where adversarial robustness is crucial to prevent catastrophic failures. However, a solid theoretical understanding of the performance of unfolding networks in the presence of adversarial attacks is still in its infancy. In this paper, we study the adversarial generalization of unfolding networks when perturbed with $l_2$-norm constrained attacks, generated by the fast gradient sign method. Particularly, we choose a family of state-of-the-art overaparameterized unfolding networks and deploy a new framework to estimate their adversarial Rademacher complexity. Given this estimate, we provide adversarial generalization error bounds for the networks under study, which are tight with respect to the attack level. To our knowledge, this is the first theoretical analysis on the adversarial generalization of unfolding networks. We further present a series of experiments on real-world data, with results corroborating our derived theory, consistently for all data. Finally, we observe that the family's overparameterization can be exploited to promote adversarial robustness, shedding light on how to efficiently robustify neural networks.","{""adversarial_core"": [""l domains, from medical imaging to cryptography, where adversarial robustness is crucial to prevent catastrophic failures. However,""]}",{},https://openreview.net/pdf/ce4e2e4a65d91ec3205fec1f46bcb1b6ae90d535.pdf,https://openreview.net/forum?id=WF9AyBTIjw,True,neurips2025_papers.json
icml2025_papers:1793,ICML,2025,Adversarial Robustness in Two-Stage Learning-to-Defer: Algorithms and Guarantees,5,C-Foundation,adversarial_core,"Two-stage Learning-to-Defer (L2D) enables optimal task delegation by assigning each input to either a fixed main model or one of several offline experts, supporting reliable decision-making in complex, multi-agent environments. However, existing L2D frameworks assume clean inputs and are vulnerable to adversarial perturbations that can manipulate query allocation—causing costly misrouting or expert overload. We present the first comprehensive study of adversarial robustness in two-stage L2D systems. We introduce two novel attack strategies—untargeted and targeted—which respectively disrupt optimal allocations or force queries to specific agents. To defend against such threats, we propose SARD, a convex learning algorithm built on a family of surrogate losses that are provably Bayes-consistent and $(\mathcal{R}, \mathcal{G})$-consistent. These guarantees hold across classification, regression, and multi-task settings. Empirical results demonstrate that SARD significantly improves robustness under adversarial attacks while maintaining strong clean performance, marking a critical step toward secure and trustworthy L2D deployment.","{""adversarial_core"": [""Adversarial Robustness in Two-Stage Learning-to-Defer: Algorithms and Guarant""]}",{},https://raw.githubusercontent.com/mlresearch/v267/main/assets/montreuil25a/montreuil25a.pdf,,True,icml2025_papers.json
icml2025_papers:1689,ICML,2025,Adversarial Robustness via Deformable Convolution with Stochasticity,5,C-Foundation,adversarial_core,"Random defense represents a promising strategy to protect neural networks from adversarial attacks. Most of these methods enhance robustness by injecting randomness into the data, increasing uncertainty for attackers. However, this randomness could reduce the generalization capacity of defense, as defense performance could be sensitive to the hyperparameters of noise added to the data, making it difficult to generalize across different datasets. Additionally, the involvement of randomness always comes with a reduction of natural accuracy, which leads to a delicate trade-off between them, which is seldom studied in random defense. In this work, we propose incorporating randomness into the network structure instead of data input by designing stochastic deformable convolution, where a random mask replaces the convolutional offset. This process promotes data independence, enhancing generalization across datasets. To study the trade-off, we conduct a theoretical analysis of both robust and clean accuracy, from a perspective of gradient cosine similarity and natural inference. Based on the analysis, we reformulate the adversarial training in our random defense framework. Extensive experiments show that our method achieves SOTA adversarial robustness and clean accuracy compared with other random defense methods.","{""adversarial_core"": [""Adversarial Robustness via Deformable Convolution with Stochasticity Random d""]}",{},https://raw.githubusercontent.com/mlresearch/v267/main/assets/ma25h/ma25h.pdf,,True,icml2025_papers.json
iclr2026_papers:3285,ICLR,2026,Adversarially Pretrained Transformers May Be Universally Robust In-Context Learners,5,C-Foundation,adversarial_core,"Adversarial training is one of the most effective defenses against adversarial attacks, but it incurs a high computational cost. In this study, we present the first theoretical analysis suggesting that adversarially pretrained transformers can serve as universally robust foundation models—models that can adapt robustly to diverse downstream tasks with only lightweight tuning. Specifically, we demonstrate that single-layer linear transformers, after adversarial pretraining across a variety of classification tasks, can generalize robustly to unseen classification tasks through in-context learning from clean demonstrations (i.e., without requiring additional adversarial training or examples). This universal robustness stems from the model's ability to adaptively focus on robust features within given tasks. We also identify two open challenges for attaining robustness: the accuracy–robustness trade-off and sample-hungry training. This study initiates the discussion on the utility of universally robust foundation models. While their training is expensive, the investment would prove worthwhile as downstream tasks can obtain adversarial robustness for free. The code is available at https://github.com/s-kumano/universally-robust-in-context-learner.","{""adversarial_core"": [""sformers May Be Universally Robust In-Context Learners Adversarial training is one of the most effective defenses against adversar""]}",{},https://openreview.net/pdf/0232b396d3662b84c35d2bb41356b15b5e06dda5.pdf,https://openreview.net/forum?id=11eHIPnWDx,True,iclr2026_papers.json
icml2024_papers:823,ICML,2024,Adversarially Robust Deep Multi-View Clustering: A Novel Attack and Defense Framework,5,C-Foundation,adversarial_core,"Deep Multi-view Clustering (DMVC) stands out as a widely adopted technique aiming at enhanced clustering performance by leveraging diverse data sources. However, the critical issue of vulnerability to adversarial attacks is unexplored due to the lack of well-defined attack objectives. To fill this crucial gap, this paper is the first work to investigate the possibility of adversarial attacks on DMVC models. Specifically, we introduce an adversarial attack with Generative Adversarial Networks (GANs) with the aim to maximally change the complementarity and consistency of multiple views, thus leading to wrong clustering. Building upon this adversarial context, in the realm of defense, we propose a novel Adversarially Robust Deep Multi-View Clustering by leveraging adversarial training. Based on the analysis from an information-theoretic perspective, we design an Attack Mitigator that provides a foundation to guarantee the adversarial robustness of our DMVC models. Experiments conducted on multi-view datasets confirmed that our attack framework effectively reduces the clustering performance of the target model. Furthermore, our proposed adversarially robust method is also demonstrated to be an effective defense against such attacks. This work is a pioneer in exploring adversarial threats and advancing both theoretical understanding and practical strategies for robust multi-view clustering. Code is available at https://github.com/libertyhhn/AR-DMVC.","{""adversarial_core"": [""urces. However, the critical issue of vulnerability to adversarial attacks is unexplored due to the lack of well-defined attack o""]}",{},https://raw.githubusercontent.com/mlresearch/v235/main/assets/huang24ai/huang24ai.pdf,,True,icml2024_papers.json
icml2024_papers:2049,ICML,2024,Adversarially Robust Hypothesis Transfer Learning,5,C-Foundation,adversarial_core,"In this work, we explore Hypothesis Transfer Learning (HTL) under adversarial attacks. In this setting, a learner has access to a training dataset of size $n$ from an underlying distribution $\mathcal{D}$ and a set of auxiliary hypotheses. These auxiliary hypotheses, which can be viewed as prior information originating either from expert knowledge or as pre-trained foundation models, are employed as an initialization for the learning process. Our goal is to develop an adversarially robust model for $\mathcal{D}$. We begin by examining an adversarial variant of the regularized empirical risk minimization learning rule that we term A-RERM. Assuming a non-negative smooth loss function with a strongly convex regularizer, we establish a bound on the robust generalization error of the hypothesis returned by A-RERM in terms of the robust empirical loss and the quality of the initialization. If the initialization is good, i.e., there exists a weighted combination of auxiliary hypotheses with a small robust population loss, the bound exhibits a fast rate of $\mathcal{O}(1/n)$. Otherwise, we get the standard rate of $\mathcal{O}(1/\sqrt{n})$. Additionally, we provide a bound on the robust excess risk which is similar in nature, albeit with a slightly worse rate. We also consider solving the problem using a practical variant, namely proximal stochastic adversarial training, and present a bound that depends on the initialization. This bound has the same dependence on the sample size as the ARERM bound, except for an additional term that depends on the size of the adversarial perturbation.","{""adversarial_core"": [""k, we explore Hypothesis Transfer Learning (HTL) under adversarial attacks. In this setting, a learner has access to a training d""]}",{},https://raw.githubusercontent.com/mlresearch/v235/main/assets/wang24d/wang24d.pdf,,True,icml2024_papers.json
cvpr2026_papers:2976,CVPR,2026,All Vehicles Can Lie: Efficient Adversarial Defense in Fully Untrusted-Vehicle Collaborative Perception via Pseudo-Random Bayesian Inference,5,C-Foundation,adversarial_core,"Collaborative perception (CP) enables multiple vehicles to augment their individual perception capacities through the exchange of feature-level sensory data. However, this fusion mechanism is inherently vulnerable to adversarial attacks, especially in fully untrusted-vehicle environments. Existing defense approaches often assume a trusted ego vehicle as a reference or incorporate additional binary classifiers. These assumptions limit their practicality in real-world deployments due to the questionable trustworthiness of ego vehicles, the requirement for real-time detection, and the need for generalizability across diverse scenarios. To address these challenges, we propose a novel Pseudo-Random Bayesian Inference (PRBI) framework, a first efficient defense method tailored for fully untrusted-vehicle CP. PRBI detects adversarial behavior by leveraging temporal perceptual discrepancies, using the reliable perception from the preceding frame as a dynamic reference. Additionally, it employs a pseudo-random grouping strategy that requires only two verifications per frame, while applying Bayesian inference to estimate both the number and identities of malicious vehicles. Theoretical analysis has proven the convergence and stability of the proposed PRBI framework. Extensive experiments show that PRBI requires only 2.5 verifications per frame on average, outperforming existing methods significantly, and restores detection precision to between 79.4% and 86.9% of pre-attack levels.","{""adversarial_core"": [""All Vehicles Can Lie: Efficient Adversarial Defense in Fully Untrusted-Vehicle Collaborative Perception vi""]}",{},https://openaccess.thecvf.com/content/CVPR2026/papers/Yu_All_Vehicles_Can_Lie_Efficient_Adversarial_Defense_in_Fully_Untrusted-Vehicle_CVPR_2026_paper.pdf,https://cvpr.thecvf.com/virtual/2026/poster/39484,True,cvpr2026_papers.json
iclr2026_papers:9258,ICLR,2026,Attacking Combinatorial Bandits: Beyond Bounded Rewards,5,C-Foundation,adversarial_core,"Combinatorial Multi-Armed Bandits (CMABs) are a widely adopted tool to address online learning problems with a combinatorial nature. Adversarial attacks, on the other hand, represent a significant threat to machine learning algorithms, where a malicious entity intentionally manipulates data or feedback to deceive learning algorithms, undermining their performance and reliability. While CMABs and adversarial machine learning received extensive attention as distinct subjects, CMABs under adversarial attacks are still underinvestigated. We propose algorithms to attack CMABs, providing theoretical guarantees regarding success and cost in three different scenarios. Each scenario differs in the assumptions on the rewards. First, we study attacks when rewards are bounded and means are positive. Then, we consider two extensions in which rewards have unbounded support, distinguishing between positive and arbitrary means. For each scenario, we design two attack strategies. First, we assume that the attacker is omniscient, i.e., knows the problem instance, then we extend the attack to a more realistic setting where the learner and the attacker have the same knowledge of the problem. We show that our attack strategies are successful, i.e., the learner will select a target superarm for $T - o(T)$ times, except for some degenerate cases. We also show that in most settings the attack cost is sublinear in $T$. Finally, we validate our theoretical results via numerical experiments on synthetic instances.","{""adversarial_core"": [""online learning problems with a combinatorial nature. Adversarial attacks, on the other hand, represent a significant threat to""]}",{},https://openreview.net/pdf/cdd9ef1a1c469495a5450824f8be5586e5490a76.pdf,https://openreview.net/forum?id=K42xtH1sqG,True,iclr2026_papers.json
iclr2026_papers:6437,ICLR,2026,Attention and Compression is all you need for Controllably Efficient Language Models,5,C-Foundation,adversarial_core,"The quadratic cost of attention in transformers motivated the development of efficient approaches: namely sparse and sliding window attention, convolutions and linear attention. Although these approaches result in impressive reductions in compute and memory, they often trade-off with quality, specifically in-context recall performance. Moreover, apriori fixing this quality-compute tradeoff in an architecture means being suboptimal from the get-go: some downstream applications require more memory for in-context recall, while others require lower latency and memory. Further, these approaches rely on heuristic choices that artificially restrict attention, or require handcrafted and complex recurrent state update rules, or they must be carefully composed with attention at specific layers to form a hybrid architecture that complicates the design process, especially at scale. To address above issues, we propose Compress & Attend Transformer (CAT), a conceptually simple architecture employing two simple ingredients only: dense attention and compression. CAT decodes chunks of tokens by attending to compressed chunks of the sequence so far. Compression results in decoding from a reduced sequence length that yields compute and memory savings, while choosing a particular chunk size trades-off quality for efficiency. Moreover, CAT can be trained with multiple chunk sizes at once, unlocking control of quality-compute trade-offs directly at test-time without any retraining, all in a single adaptive architecture. In exhaustive evaluations on language modeling, in-context recall, and longcontext understanding, a single adaptive CAT model outperforms many existing efficient models including hybrid architectures across varying inference budgets, when appropriately inference costs matched. Further, a single CAT matches dense transformer in language modeling while being 1.4−3$\times$ faster and requiring 2−9$\times$ lower total memory usage.","{""adversarial_core"": [""memory savings, while choosing a particular chunk size trades-off quality for efficiency. Moreover, CAT can be train""]}",{},https://openreview.net/pdf/4ee28b0df479883573fa15ba8cb319ab47f4cf9b.pdf,https://openreview.net/forum?id=6rYa2BUnTt,True,iclr2026_papers.json
neurips2025_papers:1708,NEURIPS,2025,Autoregressive Adversarial Post-Training for Real-Time Interactive Video Generation,5,C-Foundation,adversarial_core,"Existing large-scale video generation models are computationally intensive, preventing adoption in real-time and interactive applications. In this work, we propose autoregressive adversarial post-training (AAPT) to turn a pre-trained latent video diffusion model into a real-time, interactive, streaming video generator. Our model autoregressively generates a latent frame at a time using a single neural function evaluation (1NFE). The model can stream the result to the user in real time and receive interactive responses as control to generate the next latent frame. Unlike existing approaches, our method explores adversarial training as an effective paradigm for autoregressive generation. This allows us to design a more efficient architecture for one-step generation and to train the model in a student-forcing way to mitigate error accumulation. The adversarial approach also enables us to train the model for long-duration generation fully utilizing the KV cache. As a result, our 8B model achieves real-time, 24fps, nonstop, streaming video generation at 736x416 resolution on a single H100, or 1280x720 on 8xH100 up to a minute long (1440 frames).","{""adversarial_core"": [""frame. Unlike existing approaches, our method explores adversarial training as an effective paradigm for autoregressive generation""]}",{},https://openreview.net/pdf/dd77f1b02f7344fe92d5c026cf82bd33d98e1c51.pdf,https://openreview.net/forum?id=lF6SHARvmG,True,neurips2025_papers.json
iclr2026_papers:4620,ICLR,2026,Bandit Learning in Matching Markets Robust to Adversarial Corruptions,5,C-Foundation,adversarial_core,"This paper investigates the problem of bandit learning in two-sided decentralized matching markets with adversarial corruptions. In matching markets, players on one side aim to learn their unknown preferences over arms on the other side through iterative online learning, with the goal of identifying the optimal stable match. However, in real-world applications, stochastic rewards observed by players may be corrupted by malicious adversaries, potentially misleading the learning process and causing convergence to a sub-optimal match. We study this problem under two settings: one where the corruption level $C$ (defined as the sum of the largest adversarial alterations to the feedback across rounds) is known, and another where it is unknown. For the known corruption setting, we develop a robust variant of the classical Explore-Then-Gale-Shapley (ETGS) algorithm by incorporating widened confidence intervals. For the unknown corruption case, we propose a Multi-layer ETGS race method that adaptively mitigates adversarial effects without prior corruption knowledge. We provide theoretical guarantees for both algorithms by establishing upper bounds on their optimal stable regret, and further derive the lower bound to demonstrate their optimality.","{""adversarial_core"": [""Bandit Learning in Matching Markets Robust to Adversarial Corruptions This paper investigates the problem of ban""]}",{},https://openreview.net/pdf/64b119d0e46ef21ad68269d3d0ea3629e24fc6a4.pdf,https://openreview.net/forum?id=CoWJc5ofDO,True,iclr2026_papers.json
icml2024_papers:2137,ICML,2024,Benign Overfitting in Adversarial Training of Neural Networks,5,C-Foundation,adversarial_core,"Benign overfitting is the phenomenon wherein none of the predictors in the hypothesis class can achieve perfect accuracy (i.e., non-realizable or noisy setting), but a model that interpolates the training data still achieves good generalization. A series of recent works aim to understand this phenomenon for regression and classification tasks using linear predictors as well as two-layer neural networks. In this paper, we study such a benign overfitting phenomenon in an adversarial setting. We show that under a distributional assumption, interpolating neural networks found using adversarial training generalize well despite inference-time attacks. Specifically, we provide convergence and generalization guarantees for adversarial training of two-layer networks (with smooth as well as non-smooth activation functions) showing that under moderate $\ell_2$ norm perturbation budget, the trained model has near-zero robust training loss and near-optimal robust generalization error. We support our theoretical findings with an empirical study on synthetic and real-world data.","{""adversarial_core"": [""Benign Overfitting in Adversarial Training of Neural Networks Benign overfitting is the phenomeno""]}",{},https://raw.githubusercontent.com/mlresearch/v235/main/assets/wang24cn/wang24cn.pdf,,True,icml2024_papers.json
neurips2025_papers:2599,NEURIPS,2025,Better Language Model Inversion by Compactly Representing Next-Token Distributions,5,C-Foundation,adversarial_core,"Language model inversion seeks to recover hidden prompts using only language model outputs. This capability has implications for security and accountability in language model deployments, such as leaking private information from an API-protected language model’s system message. We propose a new method – prompt inversion from logprob sequences (PILS) – that recovers hidden prompts by gleaning clues from the model’s next-token probabilities over the course of multiple generation steps. Our method is enabled by a key insight: The vector-valued outputs of a language model occupy a low-dimensional subspace. This enables us to losslessly compress the full next-token probability distribution over multiple generation steps using a linear map, allowing more output information to be used for inversion. Our approach yields massive gains over previous state-of-the-art methods for recovering hidden prompts, achieving 2–3.5 times higher exact recovery rates across test sets, in one case increasing the recovery rate from 17% to 60%. Our method also exhibits surprisingly good generalization behavior; for instance, an inverter trained on 16 generations steps gets 5–27% higher prompt recovery when we increase the number of steps to 32 at test time. Furthermore, we demonstrate strong performance of our method on the more challenging task of recovering hidden system messages. We also analyze the role of verbatim repetition in prompt recovery and propose a new method for cross-family model transfer for logit-based inverters. Our findings suggest that next-token probabilities are a considerably more vulnerable attack surface for inversion attacks than previously known.","{""adversarial_core"": [""viously known. Language model inversion language model adversarial attack prompt injection jailbreak inversion system prompt sof""]}",{},https://openreview.net/pdf/5466d25c332de2a785747d07b5cf70022e3f6eda.pdf,https://openreview.net/forum?id=FZp6cheXt2,True,neurips2025_papers.json
iclr2026_papers:3329,ICLR,2026,Bi-LoRA: Efficient Sharpness-Aware Minimization for Fine-Tuning Large-Scale Models,5,C-Foundation,adversarial_core,"Low-Rank Adaptation (LoRA) enables parameter-efficient fine-tuning of large pre-trained models. Yet LoRA can face generalization challenges. One promising way to improve the generalization is Sharpness-Aware Minimization (SAM), which has proven effective for small-scale training scenarios. In this paper, we propose **Bi**-directional **Lo**w-**R**ank **A**daptation (Bi-LoRA), which introduces an auxiliary adversarial LoRA module. This design explicitly decouples sharpness optimization, handled by the auxiliary module, from task adaptation, performed by the primary module. Such a separation yields two key benefits. First, it transforms the sequential computation of primary LoRA update and adversarial perturbation into a parallel form, which roughly halves the time and conquers the main obstacle of applying SAM in LoRA. Second, it provides perturbations from the auxiliary module that do not collapse into the restricted optimization subspace of the primary module, enabling broader sharpness exploration and flatter minima. Bi-LoRA simultaneously achieves both efficiency and effectiveness within a single framework, as verified by extensive experiments across diverse architectures and tasks.","{""adversarial_core"": [""the sequential computation of primary LoRA update and adversarial perturbation into a parallel form, which roughly halves the time an""]}",{},https://openreview.net/pdf/d514cf4325ef5544f0c4a10d3114859578bef09b.pdf,https://openreview.net/forum?id=zoYPlgX1bH,True,iclr2026_papers.json
iclr2026_papers:6088,ICLR,2026,Black-box Attack Robustness with Model Diversity and Randomization,5,C-Foundation,adversarial_core,"Query-based black-box attack algorithms can compute imperceptible adversarial perturbations to misguide learned models, relying only on model outputs. The success of these attack algorithms poses a significant problem, especially for Machine Learning as a Service (MLaaS) providers. Our study explores a new approach to obfuscate information from an attacker. To craft an adversarial example, attacks exploit the relationship between successive responses to queries to optimize a perturbation. Our idea to attempt to obfuscate this relationship is to randomly select a model from a diverse set of models to respond to each query. Effectively, this randomization of models violates the attacker’s assumption of model parameters remaining unaltered between queries to extract information. What is unclear is, if model randomization leads to sufficient obfuscation to confuse attacks or how best to build such a method. This study seeks answers to these questions. Our theoretical analysis proves this approach consistently increases robustness. Extensive experiments across 7 state-of-the-art attacks and all major perturbation norms ($l_\infty$, $l_2$, $l_0$), including adaptive variants, confirm its effectiveness. Importantly, our findings reveal a new avenue for investigating robust methods against black-box attacks, offering theoretical understandings and a practical implementation pathway.","{""adversarial_core"": [""black-box attack algorithms can compute imperceptible adversarial perturbations to misguide learned models, relying only on model outp""]}",{},https://openreview.net/pdf/1ce19b0b06a815a8e836417ce1c651580cf5a23c.pdf,https://openreview.net/forum?id=c1fr8fmiaW,True,iclr2026_papers.json
icml2025_papers:781,ICML,2025,Boosting Adversarial Robustness with CLAT: Criticality Leveraged Adversarial Training,5,C-Foundation,adversarial_core,"Adversarial training (AT) enhances neural network robustness. Typically, AT updates all trainable parameters, but can lead to overfitting and increased errors on clean data. Research suggests that fine-tuning specific parameters may be more effective; however, methods for identifying these essential parameters and establishing effective optimization objectives remain inadequately addressed. We present CLAT, an innovative adversarial fine-tuning algorithm that mitigates adversarial overfitting by integrating ""criticality"" into the training process. Instead of tuning the entire model, CLAT identifies and fine-tunes fewer parameters in robustness-critical layers—those predominantly learning non-robust features—while keeping the rest of the model fixed. Additionally, CLAT employs a dynamic layer selection process that adapts to changes in layer criticality during training. Empirical results demonstrate that CLAT can be seamlessly integrated with existing adversarial training methods, enhancing clean accuracy and adversarial robustness by over 2% compared to baseline approaches.","{""adversarial_core"": [""Boosting Adversarial Robustness with CLAT: Criticality Leveraged Adversarial Training""]}",{},https://raw.githubusercontent.com/mlresearch/v267/main/assets/gopal25a/gopal25a.pdf,,True,icml2025_papers.json
iclr2026_papers:135,ICLR,2026,Byzantine-Robust Federated Learning with Learnable Aggregation Weights,5,C-Foundation,adversarial_core,"Federated Learning (FL) enables clients to collaboratively train a global model without sharing their private data. However, the presence of malicious (Byzantine) clients poses significant challenges to the robustness of FL, particularly when data distributions across clients are heterogeneous. In this paper, we propose a novel Byzantine-robust FL optimization problem that incorporates adaptive weighting into the aggregation process. Unlike conventional approaches, our formulation treats aggregation weights as learnable parameters, jointly optimizing them alongside the global model parameters. To solve this optimization problem, we develop an alternating minimization algorithm with strong convergence guarantees under adversarial attack. We analyze the Byzantine resilience of the proposed objective. We evaluate the performance of our algorithm against state-of-the-art Byzantine-robust FL approaches across various datasets and attack scenarios. Experimental results demonstrate that our method consistently outperforms existing approaches, particularly in settings with highly heterogeneous data and a large proportion of malicious clients.","{""adversarial_core"": [""ion algorithm with strong convergence guarantees under adversarial attack. We analyze the Byzantine resilience of the proposed o""]}",{},https://openreview.net/pdf/d2e295693a33719a604dccd92a6f57dd44eefc3d.pdf,https://openreview.net/forum?id=lXSrulux48,True,iclr2026_papers.json
iclr2026_papers:8705,ICLR,2026,Calibrating Uncertainty for Zero-Shot Adversarial CLIP,5,C-Foundation,adversarial_core,"CLIP delivers strong zero-shot classification but remains highly vulnerable to adversarial attacks. Previous work of adversarial fine-tuning largely focuses on matching the predicted logits between clean and adversarial examples, which overlooks uncertainty calibration and may degrade the zero-shot generalization. A common expectation in reliable uncertainty estimation is that predictive uncertainty should increase as inputs become more difficult or shift away from the training distribution. However, we frequently observe the opposite in the adversarial setting: perturbations not only degrade accuracy but also suppress uncertainty, leading to severe miscalibration and unreliable over-confidence. This overlooked phenomenon highlights a critical reliability gap beyond robustness. To bridge this gap, we propose a novel adversarial fine-tuning objective for CLIP considering both prediction accuracy and uncertainty alignments. By reparameterizing the output of CLIP as the concentration parameter of a Dirichlet distribution, we propose a unified representation that captures relative semantic structure and the magnitude of predictive confidence. Our objective aligns these distributions holistically under perturbations, moving beyond single-logit anchoring and restoring calibrated uncertainty. Experiments on multiple zero-shot classification benchmarks demonstrate that our approach effectively restores calibrated uncertainty and achieves competitive adversarial robustness while maintaining clean accuracy.","{""adversarial_core"": [""o-shot classification but remains highly vulnerable to adversarial attacks. Previous work of adversarial fine-tuning largely focu""]}",{},https://openreview.net/pdf/9c36de32b6d75965975ba98a3d6f8cce31e7cd89.pdf,https://openreview.net/forum?id=sNjSZB96EJ,True,iclr2026_papers.json
iclr2026_papers:9117,ICLR,2026,Class-Wise Disparity in Adversarial Training: Implicit Bias Perspective,5,C-Foundation,adversarial_core,"Disparities in class-wise robust accuracies frequently arise in adversarial training, where certain classes suffer significantly lower robustness than others, even when trained on balanced data. This phenomenon has been identified and termed robust fairness in prior work, highlighting the challenge of ensuring equitable robustness across classes. In this work, we investigate the root causes of such disparities and identify a strong correlation between the norms of head parameters (i.e., the last layer’s weights) and class-wise robust accuracies. Our theoretical and empirical analyses show that adversarial training tends to amplify these disparities by disproportionately affecting head norms, which in turn influence class-wise performance. To address this, we propose a simple yet effective solution that mitigates these imbalances by directly fine-tuning the head parameters while keeping the feature extractor fixed. Unlike existing methods that rely on class reweighting or remargining strategies, our approach requires no validation set and introduces minimal computational overhead. Experiments across various datasets and architectures demonstrate that our method significantly reduces disparities in class-wise robust accuracies without degrading overall performance, providing a practical and principled step toward improving robust fairness in adversarial learning.","{""adversarial_core"": [""Class-Wise Disparity in Adversarial Training: Implicit Bias Perspective Disparities in class-wise r""]}",{},https://openreview.net/pdf/35bdbd38c77ac590350a33f14fc600c1718dbbf6.pdf,https://openreview.net/forum?id=df4mr7eQg7,True,iclr2026_papers.json
iclr2026_papers:7548,ICLR,2026,CLINIC : Evaluating Multilingual Trustworthiness in Language Models for Healthcare,5,C-Foundation,adversarial_core,"Integrating language models (LMs) in healthcare systems holds great promise for improving medical workflows and decision-making. However, a critical barrier to their real-world adoption is the lack of reliable evaluation of their trustworthiness, especially in multilingual healthcare settings. Existing LMs are predominantly trained in high-resource languages, making them ill-equipped to handle the complexity and diversity of healthcare queries in mid- and low-resource languages, posing significant challenges for deploying them in global healthcare contexts where linguistic diversity is key. In this work, we present \textsc{Clinic}, a \textbf{C}omprehensive Mu\textbf{l}tilingual Benchmark to evaluate the trustworth\textbf{i}ness of la\textbf{n}guage models \textbf{i}n health\textbf{c}are. \name systematically benchmarks LMs across five key dimensions of trustworthiness: truthfulness, fairness, safety, robustness, and privacy, operationalized through 18 diverse tasks, spanning 15 languages (covering all the major continents), and encompassing a wide array of critical healthcare topics like disease conditions, preventive actions, diagnostic tests, treatments, surgeries, and medications. Our extensive evaluation reveals that LMs struggle with factual correctness, demonstrate bias across demographic and linguistic groups, and are susceptible to privacy breaches and adversarial attacks. By highlighting these shortcomings, \name lays the foundation for enhancing the global reach and safety of LMs in healthcare across diverse languages.","{""adversarial_core"": [""ic groups, and are susceptible to privacy breaches and adversarial attacks. By highlighting these shortcomings, \\name lays the fo""]}",{},https://openreview.net/pdf/0921eb7780405fff5fef6ae7fd236af044cd2cd1.pdf,https://openreview.net/forum?id=Uih66XPzHU,True,iclr2026_papers.json
icml2025_papers:2765,ICML,2025,Concept-Based Unsupervised Domain Adaptation,5,C-Foundation,adversarial_core,"Concept Bottleneck Models (CBMs) enhance interpretability by explaining predictions through human-understandable concepts but typically assume that training and test data share the same distribution. This assumption often fails under domain shifts, leading to degraded performance and poor generalization. To address these limitations and improve the robustness of CBMs, we propose the Concept-based Unsupervised Domain Adaptation (CUDA) framework. CUDA is designed to: (1) align concept representations across domains using adversarial training, (2) introduce a relaxation threshold to allow minor domain-specific differences in concept distributions, thereby preventing performance drop due to over-constraints of these distributions, (3) infer concepts directly in the target domain without requiring labeled concept data, enabling CBMs to adapt to diverse domains, and (4) integrate concept learning into conventional domain adaptation (DA) with theoretical guarantees, improving interpretability and establishing new benchmarks for DA. Experiments demonstrate that our approach significantly outperforms the state-of-the-art CBM and DA methods on real-world datasets.","{""adversarial_core"": [""(1) align concept representations across domains using adversarial training, (2) introduce a relaxation threshold to allow minor d""]}",{},https://raw.githubusercontent.com/mlresearch/v267/main/assets/xu25i/xu25i.pdf,,True,icml2025_papers.json
icml2024_papers:443,ICML,2024,Consistent Adversarially Robust Linear Classification: Non-Parametric Setting,5,C-Foundation,adversarial_core,"For binary classification in $d$ dimensions, it is known that with a sample size of $n$, an excess adversarial risk of $O(d/n)$ is achievable under strong parametric assumptions about the underlying data distribution (e.g., assuming a Gaussian mixture model). In the case of well-separated distributions, this rate can be further refined to $O(1/n)$. Our work studies the non-parametric setting, where very little is known. With only mild regularity conditions on the conditional distribution of the features, we examine adversarial attacks with respect to arbitrary norms and introduce a straightforward yet effective estimator with provable consistency w.r.t adversarial risk. Our estimator is given by minimizing a series of smoothed versions of the robust 0/1 loss, with a smoothing bandwidth that adapts to both $n$ and $d$. Furthermore, we demonstrate that our estimator can achieve the minimax excess adversarial risk of $\widetilde O(\sqrt{d/n})$ for linear classifiers, at the cost of solving possibly rougher optimization problems.","{""adversarial_core"": [""e conditional distribution of the features, we examine adversarial attacks with respect to arbitrary norms and introduce a straig""]}",{},https://raw.githubusercontent.com/mlresearch/v235/main/assets/dohmatob24a/dohmatob24a.pdf,,True,icml2024_papers.json
icml2024_papers:1056,ICML,2024,DataFreeShield: Defending Adversarial Attacks without Training Data,5,C-Foundation,adversarial_core,"Recent advances in adversarial robustness rely on an abundant set of training data, where using external or additional datasets has become a common setting. However, in real life, the training data is often kept private for security and privacy issues, while only the pretrained weight is available to the public. In such scenarios, existing methods that assume accessibility to the original data become inapplicable. Thus we investigate the pivotal problem of data-free adversarial robustness, where we try to achieve adversarial robustness without accessing any real data. Through a preliminary study, we highlight the severity of the problem by showing that robustness without the original dataset is difficult to achieve, even with similar domain datasets. To address this issue, we propose DataFreeShield, which tackles the problem from two perspectives: surrogate dataset generation and adversarial training using the generated data. Through extensive validation, we show that DataFreeShield outperforms baselines, demonstrating that the proposed method sets the first entirely data-free solution for the adversarial robustness problem.","{""adversarial_core"": [""DataFreeShield: Defending Adversarial Attacks without Training Data Recent advances in adversarial r""]}",{},https://raw.githubusercontent.com/mlresearch/v235/main/assets/lee24f/lee24f.pdf,,True,icml2024_papers.json
icml2025_papers:604,ICML,2025,De-AntiFake: Rethinking the Protective Perturbations Against Voice Cloning Attacks,5,C-Foundation,adversarial_core,"The rapid advancement of speech generation models has heightened privacy and security concerns related to voice cloning (VC). Recent studies have investigated disrupting unauthorized voice cloning by introducing adversarial perturbations. However, determined attackers can mitigate these protective perturbations and successfully execute VC. In this study, we conduct the first systematic evaluation of these protective perturbations against VC under realistic threat models that include perturbation purification. Our findings reveal that while existing purification methods can neutralize a considerable portion of the protective perturbations, they still lead to distortions in the feature space of VC models, which degrades the performance of VC. From this perspective, we propose a novel two-stage purification method: (1) Purify the perturbed speech; (2) Refine it using phoneme guidance to align it with the clean speech distribution. Experimental results demonstrate that our method outperforms state-of-the-art purification methods in disrupting VC defenses. Our study reveals the limitations of adversarial perturbation-based VC defenses and underscores the urgent need for more robust solutions to mitigate the security and privacy risks posed by VC. The code and audio samples are available at https://de-antifake.github.io.","{""adversarial_core"": [""d disrupting unauthorized voice cloning by introducing adversarial perturbations. However, determined attackers can mitigate these prot""]}",{},https://raw.githubusercontent.com/mlresearch/v267/main/assets/fan25b/fan25b.pdf,,True,icml2025_papers.json
cvpr2026_papers:1477,CVPR,2026,"Defending CLIP via Noise-Induced Feature Dynamics for Training-Free, Zero-shot Adversarial Robustness",5,C-Foundation,adversarial_core,,"{""adversarial_core"": [""-Induced Feature Dynamics for Training-Free, Zero-shot Adversarial Robustness""]}",{},,https://cvpr.thecvf.com/virtual/2026/poster/40578,False,cvpr2026_papers.json
iclr2026_papers:9502,ICLR,2026,Delayed Adversarial Attacks on Stochastic Bandits,5,C-Foundation,adversarial_core,"We study adversarial attacks on stochastic bandits when, differently from previous works, the attack of the malicious attacker is delayed and starts after the learning process begins. We focus on strong attacks and capture the setting in which the malicious attacker lacks information about the beginning of the learning process, a limitation that can dramatically affect the effectiveness of the attack. We introduce a more general framework to study adversarial attacks on stochastic bandit algorithms, providing new definitions of success and profitability of an attack, that account for variable corruption start time. We then analyze success and profitability for different families of algorithms such as UCB and $\epsilon$-greedy against an omniscient attacker. In particular, we derive upper and lower bounds on the number of target arm pulls, showing that our bounds are tight up to a sublinear factor. Finally, we identify an intuitive condition that characterizes when an attack can succeed as a function of its starting time and evaluate the tightness of our theoretical bounds on synthetic instances.","{""adversarial_core"": [""Delayed Adversarial Attacks on Stochastic Bandits We study adversarial attacks on""]}",{},https://openreview.net/pdf/a8073ee13604a333ede2317f659f69e9cfec508a.pdf,https://openreview.net/forum?id=ix1ctZID20,True,iclr2026_papers.json
icml2024_papers:2224,ICML,2024,Delving into the Convergence of Generalized Smooth Minimax Optimization,5,C-Foundation,adversarial_core,"Minimax optimization is fundamental and important for enormous machine learning applications such as generative adversarial network, adversarial training, and robust optimization. Recently, a variety of minimax algorithms with theoretical guarantees based on Lipschitz smoothness have been proposed. However, these algorithms could fail to converge in practice because the requisite Lipschitz smooth condition may not hold even in some classic minimax problems. We will present some counterexamples to reveal this divergence issue. Thus, to fill this gap, we are motivated to delve into the convergence analysis of minimax algorithms under a relaxed Lipschitz smoothness condition,i.e., generalized smoothness. We prove that variants of basic minimax optimization algorithms GDA, SGDA, GDmax and SGDmax can still converge in generalized smooth problems, and hence their theoretical guarantees can be extended to a wider range of applications. We also conduct a numerical experiment to validate the performance of our proposed algorithms.","{""adversarial_core"": [""g applications such as generative adversarial network, adversarial training, and robust optimization. Recently, a variety of minim""]}",{},https://raw.githubusercontent.com/mlresearch/v235/main/assets/xian24a/xian24a.pdf,,True,icml2024_papers.json
iclr2026_papers:6400,ICLR,2026,DenseMixer: Improving MoE Post-Training with Precise Router Gradient,5,C-Foundation,adversarial_core,"Mixture-of-Experts (MoE) models are notoriously harder to train compared with dense models. Existing approaches either rely on imprecise router gradient or freeze router parameters entirely, limiting training effectiveness. We introduce DenseMixer, a novel MoE post-training technique that trades one extra forward pass on inactive experts for a more precise router gradient estimation. Our method consistently outperforms conventional methods across different MoE scales (7B, 14B, 16B, 30B), architectures (with/without shared experts), pre-training methods (from scratch/up-cycling), and post-training data types (instruction/long CoT data). It is universally applicable to any MoE using Top-K routing and can be used in a plug-and-play manner, compatible with existing training libraries and parameter-efficient methods like LoRA, introducing no changes to inference. We provide comprehensive empirical validation showing DenseMixer's effectiveness in improving MoE post-training quality while maintaining practical computational overhead.","{""adversarial_core"": [""e DenseMixer, a novel MoE post-training technique that trades one extra forward pass on inactive experts for a more""]}",{},https://openreview.net/pdf/b4aebe633e7adf8cda9ca1fdc15fb70e26652f72.pdf,https://openreview.net/forum?id=4HGIIekCx3,True,iclr2026_papers.json
neurips2025_papers:1495,NEURIPS,2025,DepthVanish: Optimizing Adversarial Interval Structures for Stereo-Depth-Invisible Patches,5,C-Foundation,adversarial_core,"Stereo depth estimation is a critical task in autonomous driving and robotics, where inaccuracies (such as misidentifying nearby objects as distant) can lead to dangerous situations. Adversarial attacks against stereo depth estimation can help revealing vulnerabilities before deployment. Previous works have shown that repeating optimized textures can effectively mislead stereo depth estimation in digital settings. However, our research reveals that these naively repeated textures perform poorly in physical implementations, $\textit{i.e.}$, when deployed as patches, limiting their practical utility for stress-testing stereo depth estimation systems. In this work, for the first time, we discover that introducing regular intervals among the repeated textures, creating a grid structure, significantly enhances the patch attack performance. Through extensive experimentation, we analyze how variations of this novel structure influence the adversarial effectiveness. Based on these insights, we develop a novel stereo depth attack that jointly optimizes both the interval structure and texture elements. Our generated adversarial patches can be inserted into any scenes and successfully attack advanced stereo depth estimation methods of different paradigms, $\textit{i.e.}$, RAFT-Stereo and STTR. Most critically, our patch can also attack commercial RGB-D cameras (Intel RealSense) in real-world conditions, demonstrating their practical relevance for security assessment of stereo systems. The code is officially released at: https://github.com/WiWiN42/DepthVanish","{""adversarial_core"": [""objects as distant) can lead to dangerous situations. Adversarial attacks against stereo depth estimation can help revealing vul""]}",{},https://openreview.net/pdf/c92435021fc6c85495f7f94dbf3d28c09324855c.pdf,https://openreview.net/forum?id=eD1VyYURiq,True,neurips2025_papers.json
cvpr2026_papers:1569,CVPR,2026,DiffGradCAM: A Class Activation Map Using the Full Model Decision to Solve Unaddressed Adversarial Attacks,5,C-Foundation,adversarial_core,,"{""adversarial_core"": [""Map Using the Full Model Decision to Solve Unaddressed Adversarial Attacks""]}",{},,https://cvpr.thecvf.com/virtual/2026/poster/40631,False,cvpr2026_papers.json
neurips2025_papers:2196,NEURIPS,2025,Distributional Adversarial Attacks and Training in Deep Hedging,5,C-Foundation,adversarial_core,"In this paper, we study the robustness of classical deep hedging strategies under distributional shifts by leveraging the concept of adversarial attacks. We first demonstrate that standard deep hedging models are highly vulnerable to small perturbations in the input distribution, resulting in significant performance degradation. Motivated by this, we propose an adversarial training framework tailored to increase the robustness of deep hedging strategies. Our approach extends pointwise adversarial attacks to the distributional setting and introduces a computationally tractable reformulation of the adversarial optimization problem over a Wasserstein ball. This enables the efficient training of hedging strategies that are resilient to distributional perturbations. Through extensive numerical experiments, we show that adversarially trained deep hedging strategies consistently outperform their classical counterparts in terms of out-of-sample performance and resilience to model misspecification. Additional results indicate that the robust strategies maintain reliable performance on real market data and remain effective during periods of market change. Our findings establish a practical and effective framework for robust deep hedging under realistic market uncertainties.","{""adversarial_core"": [""Distributional Adversarial Attacks and Training in Deep Hedging In this paper, we study t""]}",{},https://openreview.net/pdf/8f888e1d5d4fb2b6dff79a5379bee8e50c1741b5.pdf,https://openreview.net/forum?id=vBtfIafffU,True,neurips2025_papers.json
iclr2026_papers:6073,ICLR,2026,Domain Generalizable Person Re-identification via Adversarial Dual-Stream Strategy with Local Consistency,5,C-Foundation,adversarial_core,"Domain Generalizable Person Re-identification (DG Re-ID) faces significant challenges due to appearance variations across different environments, resulting in domain shifts when models are deployed on unseen target domains. Current methods often neglect shared structural commonalities across identities, which limits their ability to generalize and recognize fine-grained identity details effectively. To address these issues, we propose an Adversarial Dual-Stream Learning (ADSL) framework, which integrates two complementary strategies: mining stable local commonalities and modeling local perturbations. The Cross-Identity Local Consistency Learning (CILL) module builds a memory bank of local features and utilizes clustering-driven similarity learning to balance structural consistency and discriminative granularity. Simultaneously, the Dual-stream Adversarial Perturbation Strategy (DAPS) generates adversarial samples that simulate cross-domain appearance variations while preserving local semantic structures. To further improve robustness to domain shifts, we introduce a Clean-Adv Local Cosine Alignment constraint, which ensures feature consistency between clean and adversarial samples in the local semantic space. Extensive experiments on DG Re-ID benchmarks demonstrate that our method significantly outperforms existing state-of-the-art approaches, highlighting its effectiveness and superiority. The code is available at: https://github.com/STUDY1231/ADSL.","{""adversarial_core"": [""iminative granularity. Simultaneously, the Dual-stream Adversarial Perturbation Strategy (DAPS) generates adversarial samples that sim""]}",{},https://openreview.net/pdf/9aa9c097115b9f3e7890480c3cc59b1a4a7b2f0a.pdf,https://openreview.net/forum?id=RtjeGHURQS,True,iclr2026_papers.json
iclr2026_papers:5464,ICLR,2026,Domain-Adaptive Syntax Tree Repair via Cross-Corpus Transfer with Adversarially Aligned Transformers,5,C-Foundation,adversarial_core,"We propose a domain-adaptive syntax tree repair system that meets the challenges of code correction tasks of cross corpus generalization. The natural heterogeneity of code corpora in terms of domains biases the average algorithmic repair model most of the time to the extent that the performance is not optimal when applied to see programming contexts. To reduce this, we propose Domain-Aligned Syntax Tree Transformer (DASTT), a hierarchical neural model that simultaneously optimizes syntactic feasibility and domain-invariant features. The model takes raw source code as input through a byte pair encoding tokenizer and uses a multi-layer encoder of Transformer with adversarial training to align pairwise distributions of the tokens across domains. A gradient reversal layer reduces domain discrimination while maintaining the accuracy of repairs so that the system adapts to different codebases without ever needing to retrain. Furthermore, the decoder includes a pointer amplified mechanism to directly manipulate the syntax trees, inducing exact repair actions (insertion of nodes or deletion of nodes). The proposed method fits smoothly into the existing compiler pipelines, where existing lexers and parsers are substituted; compatibility with downstream activities is assured. Experiments show that DASTT outperforms domain-specific baselines on cross-corpus repair tasks by a large margin, achieving strong performance on multiple programming languages and coding styles. The adversarial alignment framework guarantees the syntactic fidelity even under large domain shifts and hence is suitable for real-world deployment in heterogeneous development environment. This work significantly advances the state-of-the-art on automated code repair by bringing together techniques of domain adaptation and structural syntax tree manipulation.","{""adversarial_core"": [""zer and uses a multi-layer encoder of Transformer with adversarial training to align pairwise distributions of the tokens across d""]}",{},https://openreview.net/pdf/001c6cdaa89f5c4094186d4ba570e09c6ab6d08f.pdf,https://openreview.net/forum?id=gOf2ht5O0d,True,iclr2026_papers.json
iclr2026_papers:5487,ICLR,2026,Dynamic Semantic Equivalence Checking for Adversarially Robust Neural Compilers,5,C-Foundation,adversarial_core,"We propose a novel architecture of neural compiler which incorporates a Dynamic Semantic Equivalence Checker (DSEC) to overcome the music of adversarial robustness in program compilation. Traditional neural compiler In both cases, traditional neural compilers are susceptible to the adversarial perturbations of input program code, leading to semantically incorrect optimization; the DSEC addresses this issue by using runtime verification when combined with probabilistic program analysis. The core innovation is the Relational Execution Tracker, a dynamic technique to compare execution traces of the original and compiled programs with the aid of a probabilistic divergence metric to identify behavioral differences. Furthermore, a Bayesian neural network-based Probabilistic Program Analyzer is used to assign perturbation likelihood estimate which allows targeted trace comparisons and efficient resource allocation. The system adaptively changes the optimization strategies in case of detection of adversarial influence, relying on a formally verified code generator for critical code regions. We also propose a hybrid adversarial training objective which constrains semantic consistency in addition to standard compilation accuracy.","{""adversarial_core"": [""ic Equivalence Checker (DSEC) to overcome the music of adversarial robustness in program compilation. Traditional neural compiler In""]}",{},https://openreview.net/pdf/3d7ced1ccca5cc2902d9bfb42ec0457514e8a573.pdf,https://openreview.net/forum?id=nl6m20dzM6,True,iclr2026_papers.json
neurips2025_papers:2291,NEURIPS,2025,Dynamic Siamese Expansion Framework for Improving Robustness in Online Continual Learning,5,C-Foundation,adversarial_core,"Continual learning requires the model to continually capture novel information without forgetting prior knowledge. Nonetheless, existing studies predominantly address the catastrophic forgetting, often neglecting enhancements in model robustness. Consequently, these methodologies fall short in real-time applications, such as autonomous driving, where data samples frequently exhibit noise due to environmental and lighting variations, thereby impairing model efficacy and causing safety issues. In this paper, we address robustness in continual learning systems by introducing an innovative approach, the Dynamic Siamese Expansion Framework (DSEF) that employs a Siamese backbone architecture, comprising static and dynamic components, to facilitate the learning of both global and local representations over time. Specifically, the proposed framework dynamically generates a lightweight expert for each novel task, leveraging the Siamese backbone to enable rapid adaptation. A novel Robust Dynamic Representation Optimization (RDRO) approach is proposed to incrementally update the dynamic backbone by maintaining all previously acquired representations and prediction patterns of historical experts, thereby fostering new task learning without inducing detrimental knowledge transfer. Additionally, we propose a novel Robust Feature Fusion (RFF) approach to incrementally amalgamate robust representations from all historical experts into the expert construction process. A novel mutual information-based technique is employed to derive adaptive weights for feature fusion by assessing the knowledge relevance between historical experts and the new task, thus maximizing positive knowledge transfer effects. A comprehensive experimental evaluation, benchmarking our approach against established baselines, demonstrates that our method achieves state-of-the-art performance even under adversarial attacks.","{""adversarial_core"": [""ethod achieves state-of-the-art performance even under adversarial attacks. Continual Learning; Adversarial Robustness; Dynamic E""]}",{},https://openreview.net/pdf/67da68b3b329b0202146a83d07fb0d15ff233462.pdf,https://openreview.net/forum?id=M1OqlaNrw7,True,neurips2025_papers.json
iclr2026_papers:5492,ICLR,2026,Endogenous Communication in Repeated Games with Learning Agents,5,C-Foundation,adversarial_core,"Communication among learning agents often emerges without explicit supervision. We study endogenous protocol formation in infinitely repeated stage games with a costless pre-play channel. Each agent has a representation map that compresses private signals into messages subject to an information budget. Agents update strategies by no-regret learning with stochastic approximation and choose representation maps by a myopic objective that trades off predictive value and encoding cost. We provide three main results. First, if the stage game admits a folk-theorem set and the information budget exceeds a task-specific threshold, there exists a stable communication equilibrium in which messages are sufficient statistics for continuation payoffs. Second, when the budget is below the threshold, any stable equilibrium must be pooling on a finite partition that we characterize with a minimax information bound. Third, we give polynomial sample-complexity guarantees for convergence to an approximately efficient communicating equilibrium under mild regularity. Our analysis connects cheap talk, representation learning with information constraints, and multi-agent no-regret dynamics. The framework yields testable predictions for when emergent messages are interpretable, when they collapse, and how much data is needed for stable coordination.","{""adversarial_core"": [""choose representation maps by a myopic objective that trades off predictive value and encoding cost. We provide thr""]}",{},https://openreview.net/pdf/86f922654665a592b8c8743e25d2e4a57c80e11d.pdf,https://openreview.net/forum?id=f9cYLpakOI,True,iclr2026_papers.json
icml2025_papers:105,ICML,2025,Enhancing Adversarial Robustness with Conformal Prediction: A Framework for Guaranteed Model Reliability,5,C-Foundation,adversarial_core,"As deep learning models are increasingly deployed in high-risk applications, robust defenses against adversarial attacks and reliable performance guarantees become paramount. Moreover, accuracy alone does not provide sufficient assurance or reliable uncertainty estimates for these models. This study advances adversarial training by leveraging principles from Conformal Prediction. Specifically, we develop an adversarial attack method, termed OPSA (OPtimal Size Attack), designed to reduce the efficiency of conformal prediction at any significance level by maximizing model uncertainty without requiring coverage guarantees. Correspondingly, we introduce OPSA-AT (Adversarial Training), a defense strategy that integrates OPSA within a novel conformal training paradigm. Experimental evaluations demonstrate that our OPSA attack method induces greater uncertainty compared to baseline approaches for various defenses. Conversely, our OPSA-AT defensive model significantly enhances robustness not only against OPSA but also other adversarial attacks, and maintains reliable prediction. Our findings highlight the effectiveness of this integrated approach for developing trustworthy and resilient deep learning models for safety-critical domains. Our code is available at https://github.com/bjbbbb/Enhancing-Adversarial-Robustness-with-Conformal-Prediction.","{""adversarial_core"": [""Enhancing Adversarial Robustness with Conformal Prediction: A Framework for Guaranteed""]}",{},https://raw.githubusercontent.com/mlresearch/v267/main/assets/bao25a/bao25a.pdf,,True,icml2025_papers.json
icml2024_papers:384,ICML,2024,Et Tu Certifications: Robustness Certificates Yield Better Adversarial Examples,5,C-Foundation,adversarial_core,"In guaranteeing the absence of adversarial examples in an instance’s neighbourhood, certification mechanisms play an important role in demonstrating neural net robustness. In this paper, we ask if these certifications can compromise the very models they help to protect? Our newCertification Aware Attackexploits certifications to produce computationally efficient norm-minimising adversarial examples $74$% more often than comparable attacks, while reducing the median perturbation norm by more than $10$%. While these attacks can be used to assess the tightness of certification bounds, they also highlight that releasing certifications can paradoxically reduce security.","{""adversarial_core"": [""u Certifications: Robustness Certificates Yield Better Adversarial Examples In guaranteeing the absence of adversarial examples in""]}",{},https://raw.githubusercontent.com/mlresearch/v235/main/assets/cullen24a/cullen24a.pdf,,True,icml2024_papers.json
icml2024_papers:1991,ICML,2024,Exploration by Optimization with Hybrid Regularizers: Logarithmic Regret with Adversarial Robustness in Partial Monitoring,5,C-Foundation,adversarial_core,"Partial monitoring is a generic framework of online decision-making problems with limited feedback. To make decisions from such limited feedback, it is necessary to find an appropriate distribution for exploration. Recently, a powerful approach for this purpose, exploration by optimization (ExO), was proposed, which achieves optimal bounds in adversarial environments with follow-the-regularized-leader for a wide range of online decision-making problems. However, a naive application of ExO in stochastic environments significantly degrades regret bounds. To resolve this issue in locally observable games, we first establish a new framework and analysis for ExO with a hybrid regularizer. This development allows us to significantly improve existing regret bounds of best-of-both-worlds (BOBW) algorithms, which achieves nearly optimal bounds both in stochastic and adversarial environments. In particular, we derive a stochastic regret bound of $O(\sum_{a \neq a^*} k^2 m^2 \log T / \Delta_a)$, where $k$, $m$, and $T$ are the numbers of actions, observations and rounds, $a^*$ is an optimal action, and $\Delta_a$ is the suboptimality gap for action $a$. This bound is roughly $\Theta(k^2 \log T)$ times smaller than existing BOBW bounds. In addition, for globally observable games, we provide a new BOBW algorithm with the first $O(\log T)$ stochastic bound.","{""adversarial_core"": [""tion with Hybrid Regularizers: Logarithmic Regret with Adversarial Robustness in Partial Monitoring Partial monitoring is a generic""]}",{},https://raw.githubusercontent.com/mlresearch/v235/main/assets/tsuchiya24a/tsuchiya24a.pdf,,True,icml2024_papers.json
neurips2025_papers:345,NEURIPS,2025,Exploring Semantic-constrained Adversarial Example with Instruction Uncertainty Reduction,5,C-Foundation,adversarial_core,"Recently, semantically constrained adversarial examples (SemanticAE), which are directly generated from natural language instructions, have become a promising avenue for future research due to their flexible attacking forms, but have not been thoroughly explored yet. To generate SemanticAEs, current methods fall short of satisfactory attacking ability as the key underlying factors of semantic uncertainty in human instructions, such as $\textit{referring diversity}$, $\textit{descriptive incompleteness}$, and $\textit{boundary ambiguity}$, have not been fully investigated. To tackle the issues, this paper develops a multi-dimensional $\textbf{ins}$truction $\textbf{u}$ncertainty $\textbf{r}$eduction ($\textbf{InSUR}$) framework to generate more satisfactory SemanticAE, $\textit{i.e.}$, transferable, adaptive, and effective. Specifically, in the dimension of the sampling method, we propose the residual-driven attacking direction stabilization to alleviate the unstable adversarial optimization caused by the diversity of language references. By coarsely predicting the language-guided sampling process, the optimization process will be stabilized by the designed ResAdv-DDIM sampler‌, therefore releasing the transferable and robust adversarial capability of multi-step diffusion models. In task modeling, we propose the context-encoded attacking scenario constraint to supplement the missing knowledge from incomplete human instructions. Guidance masking and renderer integration are proposed to regulate the constraints of 2D/3D SemanticAE, activating stronger scenario-adapted attacks. Moreover, in the dimension of generator evaluation, we propose the semantic-abstracted attacking evaluation enhancement by clarifying the evaluation boundary based on the label taxonomy, facilitating the development of more effective SemanticAE generators. Extensive experiments demonstrate the superiority of the transfer attack performance of InSUR. Besides, it is worth highlighting that we realize the reference-free generation of semantically constrained 3D adversarial examples by utilizing language-guided 3D generation models for the first time.","{""adversarial_core"": [""Exploring Semantic-constrained Adversarial Example with Instruction Uncertainty Reduction Recently, seman""]}",{},https://openreview.net/pdf/36c8c190fb7539421ef1829fb8038decb808446b.pdf,https://openreview.net/forum?id=kITPSoTBUo,True,neurips2025_papers.json
iclr2026_papers:230,ICLR,2026,Exposing and Defending the Achilles' Heel of Video Mixture-of-Experts,5,C-Foundation,adversarial_core,"Mixture-of-Experts (MoE) has demonstrated strong performance in video understanding tasks, yet its adversarial robustness remains underexplored. Existing attack methods often treat MoE as a unified architecture, overlooking the independent and collaborative weaknesses of key components such as routers and expert modules. To fill this gap, we propose Temporal Lipschitz-Guided Attacks (TLGA) to thoroughly investigate component-level vulnerabilities in video MoE models. We first design attacks on the router, revealing its independent weaknesses. Building on this, we introduce Joint Temporal Lipschitz-Guided Attacks (J-TLGA), which collaboratively perturb both routers and experts. This joint attack significantly amplifies adversarial effects and exposes the Achilles’ Heel (collaborative weaknesses) of the MoE architecture. Based on these insights, we further propose Joint Temporal Lipschitz Adversarial Training (J-TLAT). J-TLAT performs joint training to further defend against collaborative weaknesses, enhancing component-wise robustness. Our framework is plug-and-play and reduces inference cost by more than 60% compared with dense models. It consistently enhances adversarial robustness across diverse video datasets and model architectures, effectively mitigating both the independent and collaborative weaknesses of MoE.","{""adversarial_core"": [""rong performance in video understanding tasks, yet its adversarial robustness remains underexplored. Existing attack methods often t""]}",{},https://openreview.net/pdf/8b205db4267ba00d49b29ec7b680de9f17ea608a.pdf,https://openreview.net/forum?id=8voly42rKo,True,iclr2026_papers.json
iclr2026_papers:1464,ICLR,2026,FAME: Formal Abstract Minimal Explanation for Neural Networks,5,C-Foundation,adversarial_core,"We propose $\textbf{FAME}$ (Formal Abstract Minimal Explanations), a new class of abductive explanations grounded in abstract interpretation. FAME is the first method to scale to large neural networks while reducing explanation size. Our main contribution is the design of dedicated perturbation domains that eliminate the need for traversal order. FAME progressively shrinks these domains and leverages LiRPA-based bounds to discard irrelevant features, ultimately converging to a $\textbf{formal abstract minimal explanation}$. To assess explanation quality, we introduce a procedure that measures the worst-case distance between an abstract minimal explanation and a true minimal explanation. This procedure combines adversarial attacks with an optional $VERI{\large X}+$ refinement step. We benchmark FAME against $VERI{\large X}+$ and demonstrate consistent gains in both explanation size and runtime on medium- to large-scale neural networks.","{""adversarial_core"": [""nd a true minimal explanation. This procedure combines adversarial attacks with an optional $VERI{\\large X}+$ refinement step. We""]}",{},https://openreview.net/pdf/d189862bd3e17f18cb525885463d83a8f31454ff.pdf,https://openreview.net/forum?id=VJkNqJJAhV,True,iclr2026_papers.json
icml2024_papers:1750,ICML,2024,Fast Adversarial Attacks on Language Models In One GPU Minute,5,C-Foundation,adversarial_core,"In this paper, we introduce a novel class of fast, beam search-based adversarial attack (BEAST) for Language Models (LMs). BEAST employs interpretable parameters, enabling attackers to balance between attack speed, success rate, and the readability of adversarial prompts. The computational efficiency of BEAST facilitates us to investigate its applications on LMs for jailbreaking, eliciting hallucinations, and privacy attacks. Our gradient-free targeted attack can jailbreak aligned LMs with high attack success rates within one minute. For instance, BEAST can jailbreak Vicuna-7B-v1.5 under one minute with a success rate of 89% when compared to a gradient-based baseline that takes over an hour to achieve 70% success rate using a single Nvidia RTX A6000 48GB GPU. BEAST can also generate adversarial suffixes for successful jailbreaks that can transfer to unseen prompts and unseen models such as GPT-4-Turbo. Additionally, we discover a unique outcome wherein our untargeted attack induces hallucinations in LM chatbots. Through human evaluations, we find that our untargeted attack causes Vicuna-7B-v1.5 to produce $\sim$15% more incorrect outputs when compared to LM outputs in the absence of our attack. We also learn that 22% of the time, BEAST causes Vicuna to generate outputs that are not relevant to the original prompt. Further, we use BEAST to generate adversarial prompts in a few seconds that can boost the performance of existing membership inference attacks for LMs. We believe that our fast attack, BEAST, has the potential to accelerate research in LM security and privacy.","{""adversarial_core"": [""Fast Adversarial Attacks on Language Models In One GPU Minute In this paper, we""]}",{},https://raw.githubusercontent.com/mlresearch/v235/main/assets/sadasivan24a/sadasivan24a.pdf,,True,icml2024_papers.json
iclr2026_papers:7627,ICLR,2026,Fast SDP certification of neural networks : towards large multi-class datasets,5,C-Foundation,adversarial_core,"We present a new quadratic model for the certification problem in adversarial robustness, which simultaneously accounts for all possible target classes. Building on this model, we propose a novel semidefinite programming (SDP) relaxation for incomplete verification. A key advantage of our approach is that it certifies robustness in a single optimization, avoiding the need for a separate resolution per class. This yields a significant computational speed-up and enables scalability to large datasets with many classes. To further gain in efficiency, we also propose an effective pruning strategy of active neurons, thus reducing the problem dimensionality and accelerating convergence.","{""adversarial_core"": [""a new quadratic model for the certification problem in adversarial robustness, which simultaneously accounts for all possible target""]}",{},https://openreview.net/pdf/67cbde83bb7ec1a702a3e0d2b55f13b83bf25d4b.pdf,https://openreview.net/forum?id=KYqHcVVR92,True,iclr2026_papers.json
cvpr2026_papers:4736,CVPR,2026,FedCART: Tackling Long-Tailed Distributions in Federated Adversarial Training via Classifier Refinement,5,C-Foundation,adversarial_core,"Growing privacy and security demands in the real world have spurred interest in adversarially robust Federated Learning (FL). While Adversarial Training (AT) is a well-established defense in centralized learning, its extension to the federated setting, known as Federated Adversarial Training (FAT), faces significant challenges due to data heterogeneity across clients. Existing FAT methods have made significant contributions, but they typically assume a balanced global data distribution, an assumption that rarely holds true in practice due to the prevalence of long-tailed distributions. This work first identifies and diagnoses the severe performance degradation of FAT under long-tailed data, attributing it to skewed feature representations and impaired classifier discriminability. To address this, we propose FedCART, a novel FAT framework that decouples the model into a shared feature extractor and a dual-classifier structure. On the client side, a representation-alignment loss enhances adversarial robustness, while gradient-based class prototypes are extracted for classifier calibration. On the server side, models and prototype sets are aggregated to synthesize balanced virtual features, enabling the re-training of an auxiliary classifier to mitigate long-tailed bias. Extensive experiments demonstrate that FedCART significantly improves both accuracy and robustness, outperforming state-of-the-art FAT methods. To the best of our knowledge, this is the first work to systematically investigate and address FAT under long-tailed distributions, representing a significant step toward practical adversarial robustness in FL. Our code will be publicly available upon acceptance.","{""adversarial_core"": [""dCART: Tackling Long-Tailed Distributions in Federated Adversarial Training via Classifier Refinement Growing privacy and security""]}",{},https://openaccess.thecvf.com/content/CVPR2026/papers/Qin_FedCART_Tackling_Long-Tailed_Distributions_in_Federated_Adversarial_Training_via_Classifier_CVPR_2026_paper.pdf,https://cvpr.thecvf.com/virtual/2026/poster/39619,True,cvpr2026_papers.json
iclr2026_papers:9733,ICLR,2026,Federated Learning with Binary Neural Networks: Competitive Accuracy at a Fraction of the Cost,5,C-Foundation,adversarial_core,"Federated Learning (FL) preserves privacy by distributing training across devices. However, using DNNs is computationally demanding for the low-powered edge at inference. Edge deployment demands models that simultaneously optimize memory footprint and computational efficiency, a dilemma where conventional DNNs fail by exceeding resource limits. Traditional post-training binarization reduces model size but suffers from severe accuracy loss due to quantization errors. To address these challenges, we propose FedBNN, a rotation-aware binary neural network framework that learns binary representations directly during local training. By encoding each weight as a single bit $\{+1, -1\}$ instead of a $32$-bit float, FedBNN shrinks the model footprint, significantly reducing runtime (during inference) FLOPs and memory requirements in comparison to federated methods using real models. Evaluations on multiple benchmark datasets demonstrate that FedBNN reduces resource consumption greatly while performing similarly to existing federated methods using real-valued models.","{""adversarial_core"": [""ederated Learning Binary Neural Networks Deep Learning Adversarial Robustness""]}",{},https://openreview.net/pdf/c7e4c7b4863fbce426541c510c7c7aa33b12a8f6.pdf,https://openreview.net/forum?id=PxbkcxC9ew,True,iclr2026_papers.json
iclr2026_papers:1748,ICLR,2026,Fine-Grained Iterative Adversarial Attacks with Limited Computation Budget,5,C-Foundation,adversarial_core,"This work tackles a critical challenge in AI safety research under limited compute: given a fixed computation budget, how can one maximize the strength of iterative adversarial attacks? Coarsely reducing the number of attack iterations lowers cost but substantially weakens effectiveness. To fulfill the attainable attack efficacy within a constrained budget, we propose a fine-grained control mechanism that selectively recomputes layer activations across both iteration-wise and layer-wise levels. Extensive experiments show that our method consistently outperforms existing baselines at equal cost. Moreover, when integrated into adversarial training, it attains comparable performance with only 30\% of the original budget.","{""adversarial_core"": [""Fine-Grained Iterative Adversarial Attacks with Limited Computation Budget This work tackles a cr""]}",{},https://openreview.net/pdf/7873a748d9eef586739c578de34b266b3564f191.pdf,https://openreview.net/forum?id=GW9sp1g9qh,True,iclr2026_papers.json
icml2025_papers:3202,ICML,2025,"Flexible, Efficient, and Stable Adversarial Attacks on Machine Unlearning",5,C-Foundation,adversarial_core,"Machine unlearning (MU) aims to remove the influence of specific data points from trained models, enhancing compliance with privacy regulations. However, the vulnerability of basic MU models to malicious unlearning requests in adversarial learning environments has been largely overlooked. Existing adversarial MU attacks suffer from three key limitations: inflexibility due to pre-defined attack targets, inefficiency in handling multiple attack requests, and instability caused by non-convex loss functions. To address these challenges, we propose a Flexible, Efficient, and Stable Attack (DDPA). First, leveraging Carathéodory’s theorem, we introduce a convex polyhedral approximation to identify points in the loss landscape where convexity approximately holds, ensuring stable attack performance. Second, inspired by simplex theory and John’s theorem, we develop a regular simplex detection technique that maximizes coverage over the parameter space, improving attack flexibility and efficiency. We theoretically derive the proportion of the effective parameter space occupied by the constructed simplex. We evaluate the attack success rate of our DDPA method on real datasets against state-of-the-art machine unlearning attack methods. Our source code is available at https://github.com/zzz0134/DDPA.","{""adversarial_core"": [""Flexible, Efficient, and Stable Adversarial Attacks on Machine Unlearning Machine unlearning (MU) aims to""]}",{},https://raw.githubusercontent.com/mlresearch/v267/main/assets/zhou25al/zhou25al.pdf,,True,icml2025_papers.json
cvpr2026_papers:732,CVPR,2026,Fractal Camouflage: A Bio-Inspired Approach for Multi-Scale Adversarial Attacks in the Infrared Domain,5,C-Foundation,adversarial_core,"Infrared pedestrian detection is crucial in safety-critical systems but remains vulnerable to adversarial attacks. Existing physical attacks often rely on fixed, static patterns. However, they often lack robustness across scales, as their hand-crafted or uniformly generated structures are fundamentally limited by a fixed receptive field and fail to adapt to varying distances and scene contexts. In light of this, we propose AdvFractal, a black-box attack that exploits the innate self-similarity and structural richness of fractal geometry to naturally generate multi-scale, physically realizable adversarial perturbations. By modeling perturbations with H-type fractals and optimizing parameters via Particle Swarm Optimization, AdvFractal seamlessly coordinates attacks across scales, progressively disrupting detector features from local textures to global shapes. Experiments show AdvFractal achieves an attack success rate (ASR) of 97.54% in the physical domain and 99.16% cross-dataset, significantly outperforming state-of-the-art methods. The perturbations are highly effective in the infrared spectrum while remaining stealthy in visible light, offering a novel approach for evaluating and understanding the security of infrared detection systems.","{""adversarial_core"": [""al Camouflage: A Bio-Inspired Approach for Multi-Scale Adversarial Attacks in the Infrared Domain Infrared pedestrian detection i""]}",{},https://openaccess.thecvf.com/content/CVPR2026/papers/Hu_Fractal_Camouflage_A_Bio-Inspired_Approach_for_Multi-Scale_Adversarial_Attacks_in_CVPR_2026_paper.pdf,https://cvpr.thecvf.com/virtual/2026/poster/40207,True,cvpr2026_papers.json
neurips2025_papers:4591,NEURIPS,2025,FrameShield: Adversarially Robust Video Anomaly Detection,5,C-Foundation,adversarial_core,"Weakly Supervised Video Anomaly Detection (WSVAD) has achieved notable advancements, yet existing models remain vulnerable to adversarial attacks, limiting their reliability. Due to the inherent constraints of weak supervision—where only video-level labels are provided despite the need for frame-level predictions—traditional adversarial defense mechanisms, such as adversarial training, are not effective since video-level adversarial perturbations are typically weak and inadequate. To address this limitation, pseudo-labels generated directly from the model can enable frame-level adversarial training; however, these pseudo-labels are inherently noisy, significantly degrading performance. We therefore introduce a novel Pseudo-Anomaly Generation method called Spatiotemporal Region Distortion (SRD), which creates synthetic anomalies by applying severe augmentations to localized regions in normal videos while preserving temporal consistency. Integrating these precisely annotated synthetic anomalies with the noisy pseudo-labels substantially reduces label noise, enabling effective adversarial training. Extensive experiments demonstrate that our method significantly enhances the robustness of WSVAD models against adversarial attacks, outperforming state-of-the-art methods by an average of 71.0\% in overall AUROC performance across multiple benchmarks. The implementation and code are publicly available at [FrameShield (GitHub)](https://github.com/rohban-lab/FrameShield).","{""adversarial_core"": [""advancements, yet existing models remain vulnerable to adversarial attacks, limiting their reliability. Due to the inherent const""]}",{},https://openreview.net/pdf/f538a1b7575343f5c2540e46b4d180f40adcaa51.pdf,https://openreview.net/forum?id=7FLKzOqsKd,True,neurips2025_papers.json
iclr2026_papers:2009,ICLR,2026,GAS: Improving Discretization of Diffusion ODEs via Generalized Adversarial Solver,5,C-Foundation,adversarial_core,"While diffusion models achieve state-of-the-art generation quality, they still suffer from computationally expensive sampling. Recent works address this issue with gradient-based optimization methods that distill a few-step ODE diffusion solver from the full sampling process, reducing the number of function evaluations from dozens to just a few. However, these approaches often rely on intricate training techniques and do not explicitly focus on preserving fine-grained details. In this paper, we introduce the Generalized Solver: a simple parameterization of the ODE sampler that does not require additional training tricks and improves quality over existing approaches. We further combine the original distillation loss with adversarial training, which mitigates artifacts and enhances detail fidelity. We call the resulting method the Generalized Adversarial Solver and demonstrate its superior performance compared to existing solver training methods under similar resource constraints.","{""adversarial_core"": [""We further combine the original distillation loss with adversarial training, which mitigates artifacts and enhances detail fidelit""]}",{},https://openreview.net/pdf/8af86903949bb513c46b2e3009b09dfbb4990ef2.pdf,https://openreview.net/forum?id=R1l46h8kyM,True,iclr2026_papers.json
icml2024_papers:2332,ICML,2024,Gated Linear Attention Transformers with Hardware-Efficient Training,5,C-Foundation,adversarial_core,"Transformers with linear attention allow for efficient parallel training but can simultaneously be formulated as an RNN with 2D (matrix-valued) hidden states, thus enjoying linear-time inference complexity. However, linear attention generally underperforms ordinary softmax attention. Moreover, current implementations of linear attention lack I/O-awareness and are thus slower than highly optimized implementations of softmax attention. This work describes a hardware-efficient algorithm for linear attention that trades off memory movement against parallelizability. The resulting implementation, dubbed FlashLinearAttention, is faster than FlashAttention-2 as a standalone layer even on short sequence lengths (e.g., 1K). We then generalize this algorithm to a more expressive variant of linear attention with data-dependent gates. When used as a replacement for the standard attention layer in Transformers, the resulting gated linear attention (GLA) Transformer is found to perform competitively against the LLaMA-architecture Transformer as well recent linear-time-inference baselines such as RetNet and Mamba on moderate-scale language modeling experiments. GLA Transformer is especially effective at length generalization, enabling a model trained on 2K to generalize to sequences longer than 20K without significant perplexity degradations. For training speed, the GLA Transformer has higher throughput than a similarly-sized Mamba model.","{""adversarial_core"": [""hardware-efficient algorithm for linear attention that trades off memory movement against parallelizability. The res""]}",{},https://raw.githubusercontent.com/mlresearch/v235/main/assets/yang24ab/yang24ab.pdf,,True,icml2024_papers.json
neurips2025_papers:1571,NEURIPS,2025,Generalized and Invariant Single-Neuron In-Vivo Activity Representation Learning,5,C-Foundation,adversarial_core,"In computational neuroscience, models representing single-neuron in-vivo activity have become essential for understanding the functional identities of individual neurons. These models, such as implicit representation methods based on Transformer architectures, contrastive learning frameworks, and variational autoencoders, aim to capture the invariant and intrinsic computational features of single neurons. The learned single-neuron computational role representations should remain invariant across changing environment and are affected by their molecular expression and location. Thus, the representations allow for in vivo prediction of the molecular cell types and anatomical locations of single neurons, facilitating advanced closed-loop experimental designs. However, current models face the problem of limited generalizability. This is due to batch effects caused by differences in experimental design, animal subjects, and recording platforms. These confounding factors often lead to overfitting, reducing the robustness and practical utility of the models across various experimental scenarios. Previous studies have not rigorously evaluated how well the models generalize to new animals or stimulus conditions, creating a significant gap in the field. To solve this issue, we present a comprehensive experimental protocol that explicitly evaluates model performance on unseen animals and stimulus types. Additionally, we propose a model-agnostic adversarial training strategy. In this strategy, a discriminator network is used to eliminate batch-related information from the learned representations. The adversarial framework forces the representation model to focus on the intrinsic properties of neurons, thereby enhancing generalizability. Our approach is compatible with all major single-neuron representation models and significantly improves model robustness. This work emphasizes the importance of generalization in single-neuron representation models and offers an effective solution, paving the way for the practical application of computational models in vivo. It also shows potential for building unified atlases based on single-neuron in vivo activity.","{""adversarial_core"": [""mulus types. Additionally, we propose a model-agnostic adversarial training strategy. In this strategy, a discriminator network is""]}",{},https://openreview.net/pdf/5d649a88c2a6c3e64b4591af93bd36a61787021a.pdf,https://openreview.net/forum?id=cujJ9AXZO3,True,neurips2025_papers.json
icml2024_papers:1022,ICML,2024,Geometry-Aware Instrumental Variable Regression,5,C-Foundation,adversarial_core,"Instrumental variable (IV) regression can be approached through its formulation in terms of conditional moment restrictions (CMR). Building on variants of the generalized method of moments, most CMR estimators are implicitly based on approximating the population data distribution via reweightings of the empirical sample. While for large sample sizes, in the independent identically distributed (IID) setting, reweightings can provide sufficient flexibility, they might fail to capture the relevant information in presence of corrupted data or data prone to adversarial attacks. To address these shortcomings, we propose the Sinkhorn Method of Moments, an optimal transport-based IV estimator that takes into account the geometry of the data manifold through data-derivative information. We provide a simple plug-and-play implementation of our method that performs on par with related estimators in standard settings but improves robustness against data corruption and adversarial attacks.","{""adversarial_core"": [""rmation in presence of corrupted data or data prone to adversarial attacks. To address these shortcomings, we propose the Sinkhor""]}",{},https://raw.githubusercontent.com/mlresearch/v235/main/assets/kremer24a/kremer24a.pdf,,True,icml2024_papers.json
cvpr2026_papers:4514,CVPR,2026,Good Can Sometimes be Bad: A Unified Attack against 3D Point Cloud Classifier by a Flexible Isotropic Resampling,5,C-Foundation,adversarial_core,"To ensure the robustness of 3D point cloud Deep Neural Network(3D DNN), 3D adversarial attack targeting the inference stage and backdoor attack targeting the training stage are well studied. The success of both attacks usually requires a specified permissions that attacker must have. However, the obtainable permissions are uncertain due to the deployment environment changes in practical scenarios. This renders existing separately designed adversarial attack or backdoor attack ineffective. To solve this issue, this paper proposes a unified attack that can adapt to both 3D point cloud backdoor attack and adversarial attack, named UAtt3D. Furthermore, by observing existing attacks, their way to promise attack stealthiness is to limit the undesirable perturbation. This strategy requires moving the point position as little as possible, which restricts the attack intensity and is not suitable for our unified attack. Meanwhile, this strategy will inevitably cause a quality decrease on 3D point cloud due to the remaining malicious perturbation. Therefore, our UAtt3D explores a new avenue to guarantee attack stealthiness which improves the quality of attacked 3D point cloud rather than decreasing it. In detail, to simultaneously consider feature movement of adversarial attack and backdoor feature learning of backdoor attack, a flexible isotropic resampling is designed. It realigns the position of most points based on surface approximation and rays sampling. By fine tuning the resampled point cloud, adversarial point cloud and backdoored point cloud are obtained. Several experiments suggest that the proposed UAtt3D achieves outstanding stealthiness comparing with existing adversarial attacks and backdoor attacks from the subjective and objective perspective. Meanwhile, its attack efficiency is competitive.","{""adversarial_core"": [""ness of 3D point cloud Deep Neural Network(3D DNN), 3D adversarial attack targeting the inference stage and backdoor attack targ""]}",{},https://openaccess.thecvf.com/content/CVPR2026/papers/Fan_Good_Can_Sometimes_be_Bad_A_Unified_Attack_against_3D_CVPR_2026_paper.pdf,https://cvpr.thecvf.com/virtual/2026/poster/37585,True,cvpr2026_papers.json
icml2025_papers:1778,ICML,2025,Gradient Flow Provably Learns Robust Classifiers for Orthonormal GMMs,5,C-Foundation,adversarial_core,"Deep learning-based classifiers are known to be vulnerable to adversarial attacks. Existing methods for defending against such attacks require adding a defense mechanism or modifying the learning procedure (e.g., by adding adversarial examples). This paper shows that for certain data distributions one can learn a provably robust classifier using standard learning methods and without adding a defense mechanism. More specifically, this paper addresses the problem of finding a robust classifier for a binary classification problem in which the data comes from an isotropic mixture of Gaussians with orthonormal cluster centers. First, we characterize the largest $\ell_2$-attack any classifier can defend against while maintaining high accuracy, and show the existence of optimal robust classifiers achieving this maximum $\ell_2$-robustness. Next, we show that given data from the orthonormal Gaussian mixture model, gradient flow on a two-layer network with a polynomial ReLU activation and without adversarial examples provably finds an optimal robust classifier.","{""adversarial_core"": [""arning-based classifiers are known to be vulnerable to adversarial attacks. Existing methods for defending against such attacks r""]}",{},https://raw.githubusercontent.com/mlresearch/v267/main/assets/min25c/min25c.pdf,,True,icml2025_papers.json
iclr2026_papers:9736,ICLR,2026,Guaranteeing Privacy in Hybrid Quantum Learning through Theoretical Mechanisms,5,C-Foundation,adversarial_core,"Quantum Machine Learning (QML) is becoming increasingly prevalent due to its potential to enhance classical machine learning (ML) tasks, such as classification. Although quantum noise is often viewed as a major challenge in quantum computing, it also offers a unique opportunity to enhance privacy. In particular, intrinsic quantum noise provides a natural stochastic resource that, when rigorously analyzed within the differential privacy (DP) framework and composed with classical mechanisms, can satisfy formal $(\varepsilon, \delta)$-DP guarantees. This enables a reduction in the required classical perturbation without compromising the privacy budget, potentially improving model utility. However, the integration of classical and quantum noise for privacy preservation remains unexplored. In this work, we propose a hybrid noise-added mechanism, HYPER-Q, that combines classical and quantum noise to protect the privacy of QML models. We provide a comprehensive analysis of its privacy guarantees and establish theoretical bounds on its utility. Empirically, we demonstrate that HYPER-Q outperforms existing classical noise-based mechanisms in terms of adversarial robustness across multiple real-world datasets.","{""adversarial_core"": [""existing classical noise-based mechanisms in terms of adversarial robustness across multiple real-world datasets. differential priv""]}",{},https://openreview.net/pdf/ae379384c9aa0ec636188731b75d97e0c07da0d5.pdf,https://openreview.net/forum?id=33OLb5F9uB,True,iclr2026_papers.json
iclr2026_papers:1359,ICLR,2026,How Dark Patterns Manipulate Web Agents,5,C-Foundation,adversarial_core,"Deceptive UI designs, widely instantiated across the web and commonly known as dark patterns, manipulate users into performing actions misaligned with their goals. In this paper, we show that dark patterns are highly effective in steer- ing agent trajectories, posing a significant risk to agent robustness. To quan- tify this risk, we introduce DECEPTICON, an environment for testing individual dark patterns in isolation. DECEPTICON includes 700 web navigation tasks with dark patterns—600 generated tasks and 100 real-world tasks, designed to measure instruction-following success and dark pattern effectiveness. Across state-of-the- art agents, we find dark patterns successfully steer agent trajectories towards mali- cious outcomes in over 70% of tested generated and real-world tasks—compared to a human average of 31%. Moreover, we find that dark pattern effectiveness correlates positively with model size and test-time reasoning, making larger, more capable models more susceptible. Leading countermeasures against adversarial attacks, including in-context prompting and guardrail models, fail to consistently reduce the success rate of dark pattern interventions. Our findings reveal dark pat- terns as a latent and unmitigated risk to web agents, highlighting the urgent need for robust defenses against manipulative designs.","{""adversarial_core"": [""dels more susceptible. Leading countermeasures against adversarial attacks, including in-context prompting and guardrail models,""]}",{},https://openreview.net/pdf/555ab72359ee2456721e870a1127b81f7b8a0674.pdf,https://openreview.net/forum?id=G7Dan0L7ho,True,iclr2026_papers.json
neurips2025_papers:4112,NEURIPS,2025,IMPACT: Irregular Multi-Patch Adversarial Composition Based on Two‑Phase Optimization,5,C-Foundation,adversarial_core,"Deep neural networks have become foundational in various applications but remain vulnerable to adversarial patch attacks. Crafting effective adversarial patches is inherently challenging due to the combinatorial complexity involved in jointly optimizing critical factors such as patch shape, location, number, and content. Existing approaches often simplify this optimization by addressing each factor independently, which limits their effectiveness. To tackle this significant challenge, we introduce a novel and flexible adversarial attack framework termed IMPACT (Irregular Multi-Patch Adversarial Composition based on Two-phase optimization). IMPACT uniquely enables comprehensive optimization of all essential patch factors using gradient-free methods. Specifically, we propose a novel dimensionality reduction encoding scheme that substantially lowers computational complexity while preserving expressive power. Leveraging this encoding, we further develop a two-phase optimization framework: phase 1 employs differential evolution for joint optimization of patch mask and content, while phase 2 refines patch content using an evolutionary strategy for enhanced precision. Additionally, we introduce a new aggregation algorithm explicitly designed to produce contiguous, irregular patches by merging localized regions, ensuring physical applicability. Extensive experiments demonstrate that our method significantly outperforms several state-of-the-art approaches, highlighting the critical benefit of jointly optimizing all patch factors in adversarial patch attacks.","{""adversarial_core"": [""gnificant challenge, we introduce a novel and flexible adversarial attack framework termed IMPACT (Irregular Multi-Patch Adversa""]}",{},https://openreview.net/pdf/206bc80ae55961e9c545fa7a5c809b53ae308801.pdf,https://openreview.net/forum?id=RsZv37DGka,True,neurips2025_papers.json
iclr2026_papers:6862,ICLR,2026,Implicit Denoiser Structure in Robust Classifiers Explains Generative Capabilities,5,C-Foundation,adversarial_core,"Adversarially robust neural networks, while designed for classification, exhibit surprising generative capabilities when appropriately probed. We provide a theoretical framework explaining this phenomenon by connecting adversarial robustness to implicit denoising structure. Building on established results that robust training drives Jacobians toward low-rank solutions, we demonstrate that the Gram operator $\mathbf{J}^{\top}\mathbf{J}$ functions as an implicit denoiser, selectively preserving signal along discriminative subspaces while suppressing noise in orthogonal directions. This insight leads to Prior-Guided Drift Diffusion (PGDD), a simple algorithm that leverages this structure for generation through inference objectives rather than explicit Jacobian computation. PGDD requires no generative training or architectural modifications, yet produces class-consistent samples across different datasets and architectures. We extend our approach to standard networks via sPGDD, demonstrating that implicit generative structure exists beyond adversarially trained models. Our results establish a connection between discriminative robustness and generative modeling, showing that robust classifiers encode statistical priors that enable structured pattern generation without explicit generative objectives.","{""adversarial_core"": [""cal framework explaining this phenomenon by connecting adversarial robustness to implicit denoising structure. Building on establish""]}",{},https://openreview.net/pdf/062d0260a6dab697f61cce45f60d44d4e8dd623b.pdf,https://openreview.net/forum?id=wNDXppfkJj,True,iclr2026_papers.json
icml2024_papers:1807,ICML,2024,Improved Dimensionality Dependence for Zeroth-Order Optimisation over Cross-Polytopes,5,C-Foundation,adversarial_core,"This work proposes an algorithm improving the dimensionality dependence for gradient-free optimisation over cross-polytopes, which has many applications such as adversarial attacks, explainable AI and sparse regression. For bandit convex optimisation with two-point feedback over cross-polytopes, the state-of-the-art algorithms have a dimensionality dependence of $\mathcal{O}(\sqrt{d\log d})$, while the known lower bound is of the form $\Omega(\sqrt{d(\log d)^{-1}})$. We propose a mirror descent algorithm equipped with a symmetric version of the negative $\frac{1}{2}$-Tsallis entropy. Combined with an $\ell_1$-ellipsoidal smoothing-based gradient estimator, the proposed algorithm guarantees a dimensionality dependence on $\mathcal{O}(\sqrt{d})$, which improves the state-of-the-art algorithms by a factor of $\sqrt{\log d}$. The idea can be further applied to optimising non-smooth and non-convex functions. We propose an algorithm with a convergence depending on $\mathcal{O}(d)$, which is the best-known dimensionality dependence.","{""adversarial_core"": [""r cross-polytopes, which has many applications such as adversarial attacks, explainable AI and sparse regression. For bandit conv""]}",{},https://raw.githubusercontent.com/mlresearch/v235/main/assets/shao24a/shao24a.pdf,,True,icml2024_papers.json
iclr2026_papers:919,ICLR,2026,Improving Black-Box Generative Attacks via Generator Semantic Consistency,5,C-Foundation,adversarial_core,"Transfer attacks optimize on a surrogate and deploy to a black-box target. While iterative optimization attacks in this paradigm are limited by their efficiency and scalability due to multistep gradient updates per input, generative attacks alleviate these by producing adversarial examples in a single forward pass at test time. However, current generative attacks still adhere to optimizing surrogate losses (e.g., feature divergence) and overlook the generator’s internal dynamics, underexploring how the generator’s internal representations shape transferable perturbations. To address this, we enforce semantic consistency by aligning the early generator’s intermediate features to an exponential moving average (EMA) teacher, stabilizing object-aligned representations and improving black-box transfer without inference-time overhead. To ground the mechanism, we quantify semantic stability as the standard deviation of foreground IoU between cluster-derived activation masks and foreground masks across generator blocks, and observe reduced semantic drift under our method. For more reliable evaluation, we also introduce Accidental Correction Rate (ACR) to separate inadvertent corrections from intended misclassifications, complementing the inherent blind spots in traditional Attack Success Rate (ASR), Fooling Rate (FR), and Accuracy metrics. Across architectures, domains, and tasks, our approach can be seamlessly integrated into existing generative attacks with consistent improvements in black-box transfer, while maintaining test-time efficiency.","{""adversarial_core"": [""input, generative attacks alleviate these by producing adversarial examples in a single forward pass at test time. However, curren""]}",{},https://openreview.net/pdf/15413df178952d01126c5859b995e20b48fc0b69.pdf,https://openreview.net/forum?id=ibXhUapwcz,True,iclr2026_papers.json
icml2024_papers:1223,ICML,2024,Layer-Aware Analysis of Catastrophic Overfitting: Revealing the Pseudo-Robust Shortcut Dependency,5,C-Foundation,adversarial_core,"Catastrophic overfitting (CO) presents a significant challenge in single-step adversarial training (AT), manifesting as highly distorted deep neural networks (DNNs) that are vulnerable to multi-step adversarial attacks. However, the underlying factors that lead to the distortion of decision boundaries remain unclear. In this work, we delve into the specific changes within different DNN layers and discover that during CO, the former layers are more susceptible, experiencing earlier and greater distortion, while the latter layers show relative insensitivity. Our analysis further reveals that this increased sensitivity in former layers stems from the formation of $\textit{pseudo-robust shortcuts}$, which alone can impeccably defend against single-step adversarial attacks but bypass genuine-robust learning, resulting in distorted decision boundaries. Eliminating these shortcuts can partially restore robustness in DNNs from the CO state, thereby verifying that dependence on them triggers the occurrence of CO. This understanding motivates us to implement adaptive weight perturbations across different layers to hinder the generation of $\textit{pseudo-robust shortcuts}$, consequently mitigating CO. Extensive experiments demonstrate that our proposed method, $\textbf{L}$ayer-$\textbf{A}$ware Adversarial Weight $\textbf{P}$erturbation (LAP), can effectively prevent CO and further enhance robustness.","{""adversarial_core"": [""g (CO) presents a significant challenge in single-step adversarial training (AT), manifesting as highly distorted deep neural netw""]}",{},https://raw.githubusercontent.com/mlresearch/v235/main/assets/lin24v/lin24v.pdf,,True,icml2024_papers.json
icml2024_papers:922,ICML,2024,Learning Decision Trees and Forests with Algorithmic Recourse,5,C-Foundation,adversarial_core,"This paper proposes a new algorithm for learning accurate tree-based models while ensuring the existence of recourse actions. Algorithmic Recourse (AR) aims to provide a recourse action for altering the undesired prediction result given by a model. Typical AR methods provide a reasonable action by solving an optimization task of minimizing the required effort among executable actions. In practice, however, such actions do not always exist for models optimized only for predictive performance. To alleviate this issue, we formulate the task of learning an accurate classification tree under the constraint of ensuring the existence of reasonable actions for as many instances as possible. Then, we propose an efficient top-down greedy algorithm by leveraging the adversarial training techniques. We also show that our proposed algorithm can be applied to the random forest, which is known as a popular framework for learning tree ensembles. Experimental results demonstrated that our method successfully provided reasonable actions to more instances than the baselines without significantly degrading accuracy and computational efficiency.","{""adversarial_core"": [""efficient top-down greedy algorithm by leveraging the adversarial training techniques. We also show that our proposed algorithm c""]}",{},https://raw.githubusercontent.com/mlresearch/v235/main/assets/kanamori24a/kanamori24a.pdf,,True,icml2024_papers.json
iclr2026_papers:4356,ICLR,2026,Learning of Population Dynamics: Inverse Optimization Meets JKO Scheme,5,C-Foundation,adversarial_core,"Learning population dynamics involves recovering the underlying process that governs particle evolution, given evolutionary snapshots of samples at discrete time points. Recent methods frame this as an energy minimization problem in probability space and leverage the celebrated JKO scheme for efficient time discretization. In this work, we introduce ``iJKOnet``, an approach that combines the JKO framework with inverse optimization techniques to learn population dynamics. Our method relies on a conventional *end-to-end* adversarial training procedure and does not require restrictive architectural choices, e.g., input-convex neural networks. We establish theoretical guarantees for our methodology and demonstrate improved performance over prior JKO-based methods.","{""adversarial_core"": [""mics. Our method relies on a conventional *end-to-end* adversarial training procedure and does not require restrictive architectur""]}",{},https://openreview.net/pdf/7c39821b9a9bbdfe7d6d6f422da455319981e8a7.pdf,https://openreview.net/forum?id=tVJIKd6CLF,True,iclr2026_papers.json
icml2025_papers:2131,ICML,2025,Learning Representations of Instruments for Partial Identification of Treatment Effects,5,C-Foundation,adversarial_core,"Reliable estimation of treatment effects from observational data is important in many disciplines such as medicine. However, estimation is challenging when unconfoundedness as a standard assumption in the causal inference literature is violated. In this work, we leverage arbitrary (potentially high-dimensional) instruments to estimate bounds on the conditional average treatment effect (CATE). Our contributions are three-fold: (1) We propose a novel approach for partial identification through a mapping of instruments to a discrete representation space so that we yield valid bounds on the CATE. This is crucial for reliable decision-making in real-world applications. (2) We derive a two-step procedure that learns tight bounds using a tailored neural partitioning of the latent instrument space. As a result, we avoid instability issues due to numerical approximations or adversarial training. Furthermore, our procedure aims to reduce the estimation variance in finite-sample settings to yield more reliable estimates. (3) We show theoretically that our procedure obtains valid bounds while reducing estimation variance. We further perform extensive experiments to demonstrate the effectiveness across various settings. Overall, our procedure offers a novel path for practitioners to make use of potentially high-dimensional instruments (e.g., as in Mendelian randomization).","{""adversarial_core"": [""instability issues due to numerical approximations or adversarial training. Furthermore, our procedure aims to reduce the estimat""]}",{},https://raw.githubusercontent.com/mlresearch/v267/main/assets/schweisthal25a/schweisthal25a.pdf,,True,icml2025_papers.json
iclr2026_papers:6517,ICLR,2026,Learning What to Do and What Not To Do: Offline Imitation from Expert and Undesirable Demonstrations,5,C-Foundation,adversarial_core,"Offline imitation learning typically learns from expert and unlabeled demonstrations, yet often overlooks the valuable signal in explicitly undesirable behaviors. In this work, we study offline imitation learning from contrasting behaviors, where the dataset contains both expert and undesirable demonstrations. We propose a novel formulation that optimizes a difference of KL divergences over the state-action visitation distributions of expert and undesirable (or bad) data. Although the resulting objective is a DC (Difference-of-Convex) program, we prove that it becomes *convex* when expert demonstrations outweigh undesirable demonstrations, enabling a practical and stable non-adversarial training objective. Our method avoids adversarial training and handles both positive and negative demonstrations in a unified framework. Extensive experiments on standard offline imitation learning benchmarks demonstrate that our approach consistently outperforms state-of-the-art baselines.","{""adversarial_core"": [""le demonstrations, enabling a practical and stable non-adversarial training objective. Our method avoids adversarial training and""]}",{},https://openreview.net/pdf/5e2446ac3b18fb4c1b89348f38a86ddaf3e37449.pdf,https://openreview.net/forum?id=IqlKCjLyYd,True,iclr2026_papers.json
cvpr2026_papers:2440,CVPR,2026,MART: Mechanism-disentanglement Anchor-Routed Training for Learning with Open-World Noisy Data,5,C-Foundation,adversarial_core,,"{""adversarial_core"": [""MART: Mechanism-disentanglement Anchor-Routed Training for""]}",{},,https://cvpr.thecvf.com/virtual/2026/poster/41192,False,cvpr2026_papers.json
cvpr2026_papers:3252,CVPR,2026,Mitigating Error Amplification in Fast Adversarial Training,5,C-Foundation,adversarial_core,"Fast Adversarial Training (FAT) has proven effective in enhancing model robustness by encouraging networks to learn perturbation-invariant representations.However, FAT often suffers from catastrophic overfitting (CO), where the model overfits to the training attack and fails to generalize to unseen ones. Moreover, robustness-oriented optimization typically leads to notable performance degradation on clean inputs, and such degradation becomes increasingly severe as the perturbation budget grows.In this work, we conduct a comprehensive analysis of how guidance strength affects model performance by modulating perturbation and supervision levels across distinct confidence groups.The findings reveal that low-confidence samples are the primary contributors to CO and the robustness–accuracy trade-off. Building on this insight, we propose a Distribution-aware Dynamic Guidance (DDG) strategy that dynamically adjusts both the perturbation budget and supervision signal. Specifically, DDG scales the perturbation magnitude according to the sample confidence at the ground-truth class, thereby guiding samples toward consistent decision boundaries while mitigating the influence of learning spurious correlations. Simultaneously, it dynamically adjusts the supervision signal based on the prediction state of each sample, preventing overemphasis on incorrect signals. To alleviate potential gradient instability arising from dynamic guidance, we further design a weighted regularization constraint.Extensive experiments on standard benchmarks demonstrate that DDG effectively alleviates both CO and the robustness–accuracy trade-off.","{""adversarial_core"": [""Mitigating Error Amplification in Fast Adversarial Training Fast Adversarial Training (FAT) has proven effective i""]}",{},https://openaccess.thecvf.com/content/CVPR2026/papers/Zhao_Mitigating_Error_Amplification_in_Fast_Adversarial_Training_CVPR_2026_paper.pdf,https://cvpr.thecvf.com/virtual/2026/poster/37922,True,cvpr2026_papers.json
icml2025_papers:2574,ICML,2025,Multi-Domain Graph Foundation Models: Robust Knowledge Transfer via Topology Alignment,5,C-Foundation,adversarial_core,"Recent advances in CV and NLP have inspired researchers to develop general-purpose graph foundation models through pre-training across diverse domains. However, a fundamental challenge arises from the substantial differences in graph topologies across domains. Additionally, real-world graphs are often sparse and prone to noisy connections and adversarial attacks. To address these issues, we propose the Multi-Domain Graph Foundation Model (MDGFM), a unified framework that aligns and leverages cross-domain topological information to facilitate robust knowledge transfer. MDGFM bridges different domains by adaptively balancing features and topology while refining original graphs to eliminate noise and align topological structures. To further enhance knowledge transfer, we introduce an efficient prompt-tuning approach. By aligning topologies, MDGFM not only improves multi-domain pre-training but also enables robust knowledge transfer to unseen domains. Theoretical analyses provide guarantees of MDGFM’s effectiveness and domain generalization capabilities. Extensive experiments on both homophilic and heterophilic graph datasets validate the robustness and efficacy of our method.","{""adversarial_core"": [""hs are often sparse and prone to noisy connections and adversarial attacks. To address these issues, we propose the Multi-Domain""]}",{},https://raw.githubusercontent.com/mlresearch/v267/main/assets/wang25dj/wang25dj.pdf,,True,icml2025_papers.json
iclr2026_papers:4271,ICLR,2026,Nasty Adversarial Training: A Probability Sparsity Perspective for Robustness Enhancement,5,C-Foundation,adversarial_core,"The vulnerability of deep neural networks to adversarial examples poses significant challenges to their reliable deployment. Among existing empirical defenses, adversarial training and robust distillation have proven the most effective. In this paper, we identify a property originally associated with model intellectual property, i.e., probability sparsity induced by nasty training, and demonstrate that it can also provide interpretable improvements to adversarial robustness. We begin by analyzing how nasty training induces sparse probability distributions and qualitatively explore the spatial metric preferences this sparsity introduces to the model. Building on these insights, we propose a simple yet effective adversarial training method, nasty adversarial training (NAT), which incorporates probability sparsity as a regularization mechanism to boost adversarial robustness. Both theoretical analysis and experimental results validate the effectiveness of NAT, highlighting its potential to enhance the adversarial robustness of deep neural networks in an interpretable manner.","{""adversarial_core"": [""Nasty Adversarial Training: A Probability Sparsity Perspective for Robustness Enh""]}",{},https://openreview.net/pdf/171bd210170c757c151e4f7098f9c5154c6ca05c.pdf,https://openreview.net/forum?id=eCXpA14KHd,True,iclr2026_papers.json
iclr2026_papers:2756,ICLR,2026,Nearly Space-Optimal Graph and Hypergraph Sparsification in Insertion-Only Data Streams,5,C-Foundation,adversarial_core,"We study the problem of graph and hypergraph sparsification in insertion-only data streams. The input is a hypergraph $H=(V, E, w)$ with $n$ nodes, $m$ hyperedges, and rank $r$, and the goal is to compute a hypergraph $\widehat{H}$ that preserves the energy of each vector $x \in \mathbb{R}^n$ in $H$, up to a small multiplicative error. In this paper, we give a streaming algorithm that achieves a $(1+\varepsilon)$-approximation, using $\mathcal{O}\left(\frac{rn}{\varepsilon^2} \log^2 n \log r\right) \cdot$ poly $(\log \log m)$ bits of space, matching the sample complexity of the best known offline algorithm up to poly $(\log \log m)$ factors. Our approach also provides a streaming algorithm for graph sparsification that achieves a $(1+\varepsilon)$-approximation, using $\mathcal{O}\left(\frac{n}{\varepsilon^2} \log n\right)\cdot\text{poly}(\log\log n)$ bits of space, improving the current bound by $\log n$ factors. Furthermore, we give a space-efficient streaming algorithm for min-cut approximation. Along the way, we present an online algorithm for $(1+\varepsilon)$-hypergraph sparsification, which is optimal up to poly-logarithmic factors. Hence, we achieve $(1+\varepsilon)$-hypergraph sparsification in the sliding window model, with space optimal up to poly-logarithmic factors. Lastly, we give an adversarially robust algorithm for hypergraph sparsification using $\frac{n}{\varepsilon^2} \cdot $ poly $(r, \log n, \log r, \log \log m)$ bits of space.","{""adversarial_core"": [""its of space. streaming algorthms graph sparsification adversarial robustness""]}",{},https://openreview.net/pdf/22f2959e5360b3d57fe630e98103041d7b10b74e.pdf,https://openreview.net/forum?id=LIqsZmk6bY,True,iclr2026_papers.json
iclr2026_papers:2942,ICLR,2026,Neural Hamilton--Jacobi Characteristic Flows for Optimal Transport,5,C-Foundation,adversarial_core,"We present a novel framework for solving optimal transport (OT) problems based on the Hamilton--Jacobi (HJ) equation, whose viscosity solution uniquely characterizes the OT map. By leveraging the method of characteristics, we derive closed-form, bidirectional transport maps, thereby eliminating the need for numerical integration. The proposed method adopts a pure minimization framework: a single neural network is trained with a loss function derived from the method of characteristics of the HJ equation. This design guarantees convergence to the optimal map while eliminating adversarial training stages, thereby substantially reducing computational complexity. Furthermore, the framework naturally extends to a wide class of cost functions and supports class-conditional transport. Extensive experiments on diverse datasets demonstrate the accuracy, scalability, and efficiency of the proposed method, establishing it as a principled and versatile tool for OT applications with provable optimality.","{""adversarial_core"": [""ntees convergence to the optimal map while eliminating adversarial training stages, thereby substantially reducing computational c""]}",{},https://openreview.net/pdf/dd82add378673fa48d140b40ce66e3d791f5c1a6.pdf,https://openreview.net/forum?id=YbQxus1KEa,True,iclr2026_papers.json
iclr2026_papers:70,ICLR,2026,Noise Tolerance of Distributionally Robust Learning,5,C-Foundation,adversarial_core,"Given the importance of building robust machine learning models, considerable efforts have recently been put into developing training strategies that achieve robustness to outliers and adversarial attacks. Yet, a major aspect that remains an open problem is systematic robustness to global forms of noise such as those that come from measurements and quantization. Hence, we propose in this work an approach to train regression models from data with additive forms of noise, leveraging the Wasserstein distance as a loss function. Importantly, our approach is agnostic to the model structure, unlike the increasingly popular Wasserstein Distributionally Robust Learning paradigm (WDRL) which, we show, does not achieve improved robustness when the regression function is not convex or Lipschitz. We provide a theoretical analysis of the scaling of the regression functions in terms of the variance of the noise, for both formulations and show consistency of the proposed loss function. Lastly, we conclude with numerical experiments on physical PDE Benchmarks and electric grid data, demonstrating competitive performance with an order of magnitude reduction in computational cost.","{""adversarial_core"": [""ing strategies that achieve robustness to outliers and adversarial attacks. Yet, a major aspect that remains an open problem is s""]}",{},https://openreview.net/pdf/2017d428e51f1ac1e32ef62249d1c8282c061c60.pdf,https://openreview.net/forum?id=mf35JXqWHS,True,iclr2026_papers.json
iclr2026_papers:2281,ICLR,2026,Nonparametric Contextual Online Bilateral Trade,5,C-Foundation,adversarial_core,"We study the problem of contextual online bilateral trade. At each round, the learner faces a seller-buyer pair and must propose a trade price without observing their private valuations for the item being sold. The goal of the learner is to post prices to facilitate trades between the two parties. Before posting a price, the learner observes a $d$-dimensional context vector that influences the agent's valuations. Prior work in the contextual setting has focused on linear valuation models, where valuations are linear functions of the context. We provide the first characterisation of a general nonparametric setting in which the buyer’s and seller’s valuations behave according to arbitrary Lipschitz functions of the context. We design an algorithm that leverages contextual information through a hierarchical tree construction and guarantees regret $\widetilde{O}(T^{(d-1)/d})$. Remarkably, our algorithm operates under two stringent features of the setting: (1) one-bit feedback, where the learner only observes whether a trade occurred or not, and (2) strong budget balance, where the learner cannot subsidize or profit from the market participants. We further provide a matching lower bound in the full-feedback setting, demonstrating the tightness of our regret bound.","{""adversarial_core"": [""he goal of the learner is to post prices to facilitate trades between the two parties. Before posting a price, the l""]}",{},https://openreview.net/pdf/654a3ee28aca5ec7a531c257e02e87c3bc2e8cdf.pdf,https://openreview.net/forum?id=3IA5XRwP27,True,iclr2026_papers.json
neurips2025_papers:2789,NEURIPS,2025,Obliviator Reveals the Cost of Nonlinear Guardedness in Concept Erasure,5,C-Foundation,adversarial_core,"Concept erasure aims to remove unwanted attributes, such as social or demographic factors, from learned representations, while preserving their task-relevant utility. While the goal of concept erasure is protection against all adversaries, existing methods remain vulnerable to nonlinear ones. This vulnerability arises from their failure to fully capture the complex, nonlinear statistical dependencies between learned representations and unwanted attributes. Moreover, although the existence of a trade-off between utility and erasure is expected, its progression during the erasure process, i.e., the cost of erasure, remains unstudied. In this work, we introduce Obliviator, a post-hoc erasure method designed to fully capture nonlinear statistical dependencies. We formulate erasure from a functional perspective, leading to an optimization problem involving a composition of kernels that lacks a closed-form solution. Instead of solving this problem in a single shot, we adopt an iterative approach that gradually morphs the feature space to achieve a more utility-preserving erasure. Unlike prior methods, Obliviator guards unwanted attribute against nonlinear adversaries. Our gradual approach quantifies the cost of nonlinear guardedness and reveals the dynamics between attribute protection and utility-preservation over the course of erasure. The utility-erasure trade-off curves obtained by Obliviator outperform the baselines and demonstrate its strong generalizability: its erasure becomes more utility-preserving when applied to the better-disentangled representations learned by more capable models.","{""adversarial_core"": [""by more capable models. Concept Erasure kernel methods adversarial training model bias/unfairness mitigation representation learni""]}",{},https://openreview.net/pdf/89a8edd3dba9a0c323a0e649557a12a894e012d3.pdf,https://openreview.net/forum?id=GcjpjIHDZn,True,neurips2025_papers.json
icml2025_papers:2927,ICML,2025,On the Adversarial Robustness of Multi-Kernel Clustering,5,C-Foundation,adversarial_core,"Multi-kernel clustering (MKC) has emerged as a powerful method for capturing diverse data patterns, offering robust and generalized representations of data structures. However, the increasing deployment of MKC in real-world applications raises concerns about its vulnerability to adversarial perturbations. While adversarial robustness has been extensively studied in other domains, its impact on MKC remains largely unexplored. In this paper, we address the challenge of assessing the adversarial robustness of MKC methods in a black-box setting. Specifically, we proposeAdvMKC, a novel reinforcement-learning-based adversarial attack framework designed to inject imperceptible perturbations into data and mislead MKC methods. AdvMKC leverages proximal policy optimization with an advantage function to overcome the instability of clustering results during optimization. Additionally, it introduces a generator-clusterer framework, where a generator produces adversarial perturbations, and a clusterer approximates MKC behavior, significantly reducing computational overhead. We provide theoretical insights into the impact of adversarial perturbations on MKC and validate these findings through experiments. Evaluations across seven datasets and eleven MKC methods (seven traditional and four robust) demonstrate AdvMKC’s effectiveness, robustness, and transferability.","{""adversarial_core"": [""On the Adversarial Robustness of Multi-Kernel Clustering Multi-kernel clustering (MK""]}",{},https://raw.githubusercontent.com/mlresearch/v267/main/assets/yu25m/yu25m.pdf,,True,icml2025_papers.json
iclr2026_papers:3526,ICLR,2026,On the Bayes Inconsistency of Disagreement Discrepancy Surrogates,5,C-Foundation,adversarial_core,"Deep neural networks often fail when deployed in real-world contexts due to distribution shift, a critical barrier to building safe and reliable systems. An emerging approach to address this problem relies on _disagreement discrepancy_—a measure of how the disagreement between two models changes under a shifting distribution. The process of maximizing this measure has seen applications in bounding error under shifts, testing for harmful shifts, and training more robust models. However, this optimization involves the non-differentiable zero-one loss, necessitating the use of practical surrogate losses. We prove that existing surrogates for disagreement discrepancy are not Bayes consistent, revealing a fundamental flaw: maximizing these surrogates can fail to maximize the true disagreement discrepancy. To address this, we introduce new theoretical results providing both upper and lower bounds on the optimality gap for such surrogates. Guided by this theory, we propose a novel disagreement loss that, when paired with cross-entropy, yields a provably consistent surrogate for disagreement discrepancy. Empirical evaluations across diverse benchmarks demonstrate that our method provides more accurate and robust estimates of disagreement discrepancy than existing approaches, particularly under challenging adversarial conditions.","{""adversarial_core"": [""ibution shift disagreeent discrepancy surrogate losses adversarial robustness""]}",{},https://openreview.net/pdf/5e250e393e435b9d33618dc38cd225285f6350c6.pdf,https://openreview.net/forum?id=VwCyRQJ51H,True,iclr2026_papers.json
icml2024_papers:2436,ICML,2024,On the Duality Between Sharpness-Aware Minimization and Adversarial Training,5,C-Foundation,adversarial_core,"Adversarial Training (AT), which adversarially perturb the input samples during training, has been acknowledged as one of the most effective defenses against adversarial attacks, yet suffers from inevitably decreased clean accuracy. Instead of perturbing the samples, Sharpness-Aware Minimization (SAM) perturbs the model weights during training to find a more flat loss landscape and improve generalization. However, as SAM is designed for better clean accuracy, its effectiveness in enhancing adversarial robustness remains unexplored. In this work, considering the duality between SAM and AT, we investigate the adversarial robustness derived from SAM. Intriguingly, we find that using SAM alone can improve adversarial robustness. To understand this unexpected property of SAM, we first provide empirical and theoretical insights into how SAM can implicitly learn more robust features, and conduct comprehensive experiments to show that SAM can improve adversarial robustness notably without sacrificing any clean accuracy, shedding light on the potential of SAM to be a substitute for AT when accuracy comes at a higher priority. Code is available at https://github.com/weizeming/SAM_AT.","{""adversarial_core"": [""n the Duality Between Sharpness-Aware Minimization and Adversarial Training Adversarial Training (AT), which adversarially perturb""]}",{},https://raw.githubusercontent.com/mlresearch/v235/main/assets/zhang24w/zhang24w.pdf,,True,icml2024_papers.json
icml2025_papers:1930,ICML,2025,On the Local Complexity of Linear Regions in Deep ReLU Networks,5,C-Foundation,adversarial_core,"We define thelocal complexityof a neural network with continuous piecewise linear activations as a measure of the density of linear regions over an input data distribution. We show theoretically that ReLU networks that learn low-dimensional feature representations have a lower local complexity. This allows us to connect recent empirical observations on feature learning at the level of the weight matrices with concrete properties of the learned functions. In particular, we show that the local complexity serves as an upper bound on the total variation of the function over the input data distribution and thus that feature learning can be related to adversarial robustness. Lastly, we consider how optimization drives ReLU networks towards solutions with lower local complexity. Overall, this work contributes a theoretical framework towards relating geometric properties of ReLU networks to different aspects of learning such as feature learning and representation cost.","{""adversarial_core"": [""ution and thus that feature learning can be related to adversarial robustness. Lastly, we consider how optimization drives ReLU netw""]}",{},https://raw.githubusercontent.com/mlresearch/v267/main/assets/patel25a/patel25a.pdf,,True,icml2025_papers.json
cvpr2026_papers:3881,CVPR,2026,On the Role of Temporal Granularity in the Robustness of Spiking Neural Networks,5,C-Foundation,adversarial_core,"As the third generation of neural networks, Spiking Neural Networks (SNNs) have demonstrated remarkable potential across diverse applications owing to their unique temporal dynamics. In recent years, analyzing the robustness of SNNs from a temporal perspective has become an emerging research focus. However, most existing works examine only the overall temporal behavior of SNNs, typically applying adversarial attacks that rely on time-averaged gradients.In this study, we revisit SNN robustness through the lens of temporal granularity, emphasizing the distinct behaviors that occur at individual time steps. We first introduce a Temporal Granularity Attack (TG-Attack), which selectively perturbs gradients at specific time steps. This approach enables a finer-grained evaluation of SNN robustness across time and demonstrates higher attack success rates than traditional gradient-averaging methods.Furthermore, we theoretically show that the robustness of SNNs at a given time step is determined by the Hessian of the input–output gradient at that step, which we define as Temporal Sensitivity (TS). By calculating the Temporal Sensitivity Value (TSV) for each time step, robustness can be effectively estimated without generating adversarial examples. Finally, we propose a Temporal Granularity Regularization (TG-Reg) term that constrains the TSV across all time steps, thereby improving the model’s overall robustness. Experimental evaluations confirm that our framework consistently outperforms existing state-of-the-art methods.","{""adversarial_core"": [""overall temporal behavior of SNNs, typically applying adversarial attacks that rely on time-averaged gradients.In this study, we""]}",{},https://openaccess.thecvf.com/content/CVPR2026/papers/Xu_On_the_Role_of_Temporal_Granularity_in_the_Robustness_of_CVPR_2026_paper.pdf,https://cvpr.thecvf.com/virtual/2026/poster/36599,True,cvpr2026_papers.json
iclr2026_papers:9779,ICLR,2026,On the Sharp Input-Output Analysis of Nonlinear Systems under Adversarial Attacks,5,C-Foundation,adversarial_core,"This paper is concerned with learning the input-output mapping of general nonlinear dynamical systems. While the existing literature focuses on Gaussian inputs and benign disturbances, we significantly broaden the scope of admissible control inputs and allow correlated, nonzero-mean, adversarial disturbances. With our reformulation as a linear combination of basis functions, we prove that the $\ell_2$-norm estimator overcomes the challenges posed by an adversary with access to the full information history, provided that the attack times are sparse, *i.e.*, the probability that the system is under adversarial attack at a given time is smaller than a certain threshold. We provide an estimation error bound that decays with the input memory length and prove its optimality by constructing a problem instance that suffers from the same bound under adversarial attacks. Our work provides a sharp input-output analysis for a generic nonlinear and partially observed system under significantly generalized assumptions compared to existing works.","{""adversarial_core"": [""Sharp Input-Output Analysis of Nonlinear Systems under Adversarial Attacks This paper is concerned with learning the input-output""]}",{},https://openreview.net/pdf/a6bea5313c7273126f5b02d83255d7d489fc3640.pdf,https://openreview.net/forum?id=Be72SJOCjJ,True,iclr2026_papers.json
neurips2025_papers:4423,NEURIPS,2025,On the Stability of Graph Convolutional Neural Networks: A Probabilistic Perspective,5,C-Foundation,adversarial_core,"Graph convolutional neural networks (GCNNs) have emerged as powerful tools for analyzing graph-structured data, achieving remarkable success across diverse applications. However, the theoretical understanding of the stability of these models, i.e., their sensitivity to small changes in the graph structure, remains in rather limited settings, hampering the development and deployment of robust and trustworthy models in practice. To fill this gap, we study how small perturbations in the graph topology affect GCNN outputs and propose a novel formulation for analyzing model stability. Unlike prior studies that focus only on worst-case perturbations, our distribution-aware formulation characterizes output perturbations across a broad range of input data. This way, our framework enables, for the first time, a probabilistic perspective on the interplay between the statistical properties of the node data and perturbations in the graph topology. We conduct extensive experiments to validate our theoretical findings and demonstrate their benefits over existing baselines, in terms of both representation stability and adversarial attacks on downstream tasks. Our results demonstrate the practical significance of the proposed formulation and highlight the importance of incorporating data distribution into stability analysis.","{""adversarial_core"": [""selines, in terms of both representation stability and adversarial attacks on downstream tasks. Our results demonstrate the pract""]}",{},https://openreview.net/pdf/955a28e5aa17a7b95da7b7591adb6f5fa69d382c.pdf,https://openreview.net/forum?id=IoSLbwZkal,True,neurips2025_papers.json
iclr2026_papers:6238,ICLR,2026,On the Theory of Neural Network Surjectivity: Can You Elicit Any Behavior from Your Model?,5,C-Foundation,adversarial_core,"Given a trained neural network, can any specified output be generated by some input? Equivalently, does the network correspond to a function that is surjective? In generative modeling, surjectivity implies that any output, including harmful or undesirable ones, can in principle be generated by the networks, raising concerns about model safety and jailbreaks. In this paper, we prove that many fundamental building blocks of modern neural architectures, such as networks with pre-layer normalization and linear-attention modules, are almost always surjective. As corollaries, widely used generative frameworks, including GPT-style transformers and flow-matching models, admit inverse mappings for arbitrary outputs. By studying surjectivity of these modern and commonly used neural architectures, we contribute a formalism that sheds light on their vulnerability to a broad class of adversarial attacks.","{""adversarial_core"": [""sheds light on their vulnerability to a broad class of adversarial attacks. Theory Safety Neural Network Generative Model""]}",{},https://openreview.net/pdf/46b5c77b83641c98e102aac28255dbd72fda536b.pdf,https://openreview.net/forum?id=QUVcCwWbFb,True,iclr2026_papers.json
neurips2025_papers:1060,NEURIPS,2025,Online Learning in the Repeated Mediated Newsvendor Problem,5,C-Foundation,adversarial_core,"Motivated by real-life supply chain management, we study a repeated newsvendor problem in which the learner is a mediator that facilitates trades between suppliers and retailers in a sequence of supplier/retailer interactions. At each time step, a new supplier and retailer join the mediator's platform with a private production cost and utility function, respectively, and the platform proposes a unitary trading price. The supplier accepts the proposed price if it meets or exceeds their unitary production cost and communicates their decision to the platform; simultaneously, the retailer decides the quantity to purchase at the proposed trading price based on their private utility function and sends their decision to the platform. If the supplier accepts the trading price, the transaction proceeds, and the retailer purchases their chosen quantity of units, paying the product of this quantity and the trading price to the supplier. The mediator's objective is to maximize social welfare. We design an online mediator's pricing strategy that features sharp regret rates under some natural assumptions, and we investigate the necessity of these assumptions, proving that relaxing any of them leads to unlearnability.","{""adversarial_core"": [""em in which the learner is a mediator that facilitates trades between suppliers and retailers in a sequence of suppl""]}",{},https://openreview.net/pdf/e747e485fc726366687cf8c49075b49777c2e75e.pdf,https://openreview.net/forum?id=NR5QjnbWGD,True,neurips2025_papers.json
iclr2026_papers:8066,ICLR,2026,Online Multi-Agent Control with Adversarial Disturbances,5,C-Foundation,adversarial_core,"Online multi-agent control problems, where many agents pursue competing and time-varying objectives, are widespread in domains such as autonomous robotics, economics, and energy systems. In these settings, robustness to adversarial disturbances is critical. In this paper, we study online control in multi-agent linear dynamical systems subject to such disturbances. In contrast to most prior work in multi-agent control, which typically assumes noiseless or stochastically perturbed dynamics, we consider an online setting where disturbances can be adversarial, and where each agent seeks to minimize its own sequence of convex losses. Under two feedback models, we analyze online gradient-based controllers with local policy updates. We prove per-agent regret bounds that are sublinear and near-optimal in the time horizon and that highlight different scalings with the number of agents. When agents' objectives are aligned, we further show that the multi-agent control problem induces a time-varying potential game for which we derive equilibrium tracking guarantees. Together, our results take a first step in bridging online control with online learning in games, establishing robust individual and collective performance guarantees in dynamic continuous-state environments.","{""adversarial_core"": [""ics, economics, and energy systems. In these settings, robustness to adversarial disturbances is critical. In this paper, we study onli""]}",{},https://openreview.net/pdf/cd15e13c92d77334f93b4a1ece0bd9617c019c0b.pdf,https://openreview.net/forum?id=SS7Mkejt5P,True,iclr2026_papers.json
icml2024_papers:1157,ICML,2024,OODRobustBench: a Benchmark and Large-Scale Analysis of Adversarial Robustness under Distribution Shift,5,C-Foundation,adversarial_core,"Existing works have made great progress in improving adversarial robustness, but typically test their method only on data from the same distribution as the training data, i.e. in-distribution (ID) testing. As a result, it is unclear how such robustness generalizes under input distribution shifts, i.e. out-of-distribution (OOD) testing. This omission is concerning as such distribution shifts are unavoidable when methods are deployed in the wild. To address this issue we propose a benchmark named OODRobustBench to comprehensively assess OOD adversarial robustness using 23 dataset-wise shifts (i.e. naturalistic shifts in input distribution) and 6 threat-wise shifts (i.e., unforeseen adversarial threat models). OODRobustBench is used to assess 706 robust models using 60.7K adversarial evaluations. This large-scale analysis shows that: 1) adversarial robustness suffers from a severe OOD generalization issue; 2) ID robustness correlates strongly with OOD robustness in a positive linear way. The latter enables the prediction of OOD robustness from ID robustness. We then predict and verify that existing methods are unlikely to achieve high OOD robustness. Novel methods are therefore required to achieve OOD robustness beyond our prediction. To facilitate the development of these methods, we investigate a wide range of techniques and identify several promising directions. Code and models are available at: https://github.com/OODRobustBench/OODRobustBench.","{""adversarial_core"": [""ODRobustBench: a Benchmark and Large-Scale Analysis of Adversarial Robustness under Distribution Shift Existing works have made grea""]}",{},https://raw.githubusercontent.com/mlresearch/v235/main/assets/li24bp/li24bp.pdf,,True,icml2024_papers.json
neurips2025_papers:1800,NEURIPS,2025,Optimal Best Arm Identification under Differential Privacy,5,C-Foundation,adversarial_core,"Best Arm Identification (BAI) algorithms are deployed in data-sensitive applications, such as adaptive clinical trials or user studies. Driven by the privacy concerns of these applications, we study the problem of fixed-confidence BAI under global Differential Privacy (DP) for Bernoulli distributions. While numerous asymptotically optimal BAI algorithms exist in the non-private setting, a significant gap remains between the best lower and upper bounds in the global DP setting. This work reduces this gap to a small multiplicative constant, for any privacy budget $\epsilon$. First, we provide a tighter lower bound on the expected sample complexity of any $\delta$-correct and $\epsilon$-global DP strategy. Our lower bound replaces the Kullback–Leibler (KL) divergence in the transportation cost used by the non-private characteristic time with a new information-theoretic quantity that optimally trades off between the KL divergence and the Total Variation distance scaled by $\epsilon$. Second, we introduce a stopping rule based on these transportation costs and a private estimator of the means computed using an arm-dependent geometric batching. En route to proving the correctness of our stopping rule, we derive concentration results of independent interest for the Laplace distribution and for the sum of Bernoulli and Laplace distributions. Third, we propose a Top Two sampling rule based on these transportation costs. For any budget $\epsilon$, we show an asymptotic upper bound on its expected sample complexity that matches our lower bound to a multiplicative constant smaller than $8$. Our algorithm outperforms existing $\delta$-correct and $\epsilon$-global DP BAI algorithms for different values of $\epsilon$.","{""adversarial_core"": [""th a new information-theoretic quantity that optimally trades off between the KL divergence and the Total Variation""]}",{},https://openreview.net/pdf/6faa2835f86ddc8fb37a24bbb3c533c531fb6147.pdf,https://openreview.net/forum?id=y4AXO2pFAh,True,neurips2025_papers.json
icml2025_papers:19,ICML,2025,Optimal Fair Learning Robust to Adversarial Distribution Shift,5,C-Foundation,adversarial_core,"Previous work in fair machine learning has characterised the Fair Bayes Optimal Classifier (BOC) on a given distribution for both deterministic and randomized classifiers. We study the robustness of the Fair BOC to adversarial noise in the data distribution. Kearns & Li (1988) implies that the accuracy of the deterministic BOC without any fairness constraints is robust (Lipschitz) to malicious noise in the data distribution. We demonstrate that their robustness guarantee breaks down when we add fairness constraints. Hence, we consider the randomized Fair BOC, and our central result is that its accuracy is robust to malicious noise in the data distribution. Our robustness result applies to various fairness constraints—Demographic Parity, Equal Opportunity, Predictive Equality. Beyond robustness, we demonstrate that randomization leads to better accuracy and efficiency. We show that the randomized Fair BOC is nearly-deterministic, and gives randomized predictions on at most one data point, hence availing numerous benefits of randomness, while using very little of it.","{""adversarial_core"": [""Optimal Fair Learning Robust to Adversarial Distribution Shift Previous work in fair machine learn""]}",{},https://raw.githubusercontent.com/mlresearch/v267/main/assets/agarwal25b/agarwal25b.pdf,,True,icml2025_papers.json
cvpr2026_papers:371,CVPR,2026,"Out of Sight, Out of Track: Adversarial Attacks on Propagation-based Multi-Object Trackers via Query State Manipulation",5,C-Foundation,adversarial_core,"Recent Tracking-by-Query-Propagation (TBP) methods have advanced Multi-Object Tracking (MOT) by enabling end-to-end (E2E) pipelines with long-range temporal modeling. However, this reliance on query propagation introduces un-explored architectural vulnerabilities to adversarial attacks. We present FADE, a novel attack framework designed to exploit these specific vulnerabilities. FADE employs two attack strategies targeting core TBP mechanisms: (i) Temporal Query Flooding: Generates spurious temporally-consistent track queries to exhaust the tracker's limited query budget, forcing it to terminate valid tracks. (ii) Temporal Memory Corruption: Directly attacks the query updater's memory by severing temporal links via state de-correlation and erasing the learned feature identity of matched tracks. Furthermore, we introduce a differentiable pipeline to optimize these attacks for the physical world realizability by leveraging differentiable simulations of advanced perception sensor spoofing methods. Experiments on MOT17 and MOT20 demonstrate that FADE is highly effective against state-of-the-art TBP trackers, causing significant identity switches and track terminations.","{""adversarial_core"": [""Out of Sight, Out of Track: Adversarial Attacks on Propagation-based Multi-Object Trackers via Query S""]}",{},https://openaccess.thecvf.com/content/CVPR2026/papers/Bouzidi_Out_of_Sight_Out_of_Track_Adversarial_Attacks_on_Propagation-based_CVPR_2026_paper.pdf,https://cvpr.thecvf.com/virtual/2026/poster/38119,True,cvpr2026_papers.json
neurips2025_papers:1867,NEURIPS,2025,Out-of-Distribution Generalized Graph Anomaly Detection with Homophily-aware Environment Mixup,5,C-Foundation,adversarial_core,"Graph anomaly detection (GAD) is widely prevalent in scenarios such as financial fraud detection, anti-money laundering, and social bot detection. However, structural distribution shifts are commonly observed in real-world GAD data due to selection bias, resulting in reduced homophily. Existing GAD methods tend to rely on homophilic shortcuts when trained on high-homophily structures, limiting their ability to generalize well to data with low homophily under structural distribution shifts. In this study, we propose to handle structural distribution shifts by generating novel environments characterized by diverse homophilic structures and utilizing invariant patterns, i.e., features and structures with the capability of stable prediction across structural distribution shifts, which face two challenges: (1) How to discover invariant patterns from entangled features and structures, as structures are sensitive to varying homophilic distributions. (2) How to systematically construct new environments with diverse homophilic structures. To address these challenges, we propose the Ego-Neighborhood Disentangled Encoder with Homophily-aware Environment Mixup (HEM), which effectively handles structural distribution shifts in GAD by discovering invariant patterns. Specifically, we first propose an ego-neighborhood disentangled encoder to decouple the learning of feature embeddings and structural embeddings, which facilitates subsequent improvements in the invariance of structural embeddings for prediction. Next, we introduce a homophily-aware environment mixup that dynamically adjusts edge weights through adversarial learning, effectively generating environments with diverse structural distributions. Finally, we iteratively train the classifier and environment mixup via adversarial training, simultaneously improving the diversity of constructed environments and discovering invariant patterns under structural distribution shifts. Extensive experiments on real-world datasets demonstrate that our method outperforms existing baselines and achieves state-of-the-art performance under structural distribution shift conditions.","{""adversarial_core"": [""atively train the classifier and environment mixup via adversarial training, simultaneously improving the diversity of constructed""]}",{},https://openreview.net/pdf/347d18a2821729ffb135d7312bd6ac3754454578.pdf,https://openreview.net/forum?id=EpGtAOr4vs,True,neurips2025_papers.json
cvpr2026_papers:719,CVPR,2026,Physical Adversarial Clothing Evades Visible-Thermal Detectors via Non-Overlapping RGB-T Pattern,5,C-Foundation,adversarial_core,"Visible-thermal (RGB-T) object detection is a crucial technology for applications such as autonomous driving, where multimodal fusion enhances performance in challenging conditions like low light. However, the security of RGB-T detectors, particularly in the physical world, has been largely overlooked. This paper proposes a novel approach to RGB-T physical attacks using adversarial clothing with a non-overlapping RGB-T pattern (NORP). To simulate full-view (0$^{\circ}$–360$^{\circ}$) RGB-T attacks, we construct 3D RGB-T models for human and adversarial clothing. NORP is a new adversarial pattern design using distinct visible and thermal materials without overlap, avoiding the light reduction in overlapping RGB-T patterns (ORP). To optimize the NORP on adversarial clothing, we propose a spatial discrete-continuous optimization (SDCO) method. We systematically evaluated our method on RGB-T detectors with different fusion architectures, demonstrating high attack success rates both in the digital and physical worlds. Additionally, we introduce a fusion-stage ensemble method that enhances the transferability of adversarial attacks across unseen RGB-T detectors with different fusion architectures.","{""adversarial_core"": [""e ensemble method that enhances the transferability of adversarial attacks across unseen RGB-T detectors with different fusion ar""]}",{},https://openaccess.thecvf.com/content/CVPR2026/papers/Zhu_Physical_Adversarial_Clothing_Evades_Visible-Thermal_Detectors_via_Non-Overlapping_RGB-T_Pattern_CVPR_2026_paper.pdf,https://cvpr.thecvf.com/virtual/2026/poster/39343,True,cvpr2026_papers.json
cvpr2026_papers:4972,CVPR,2026,PoInit-of-View: Poisoning Initialization of Views Transfers Across Multiple 3D Reconstruction Systems,5,C-Foundation,adversarial_core,"Poisoning input views of 3D reconstruction systems has been recently studied.However, we identify that existing studies simply backpropagate adversarial gradients through the 3D reconstruction pipeline as a whole, without uncovering the new vulnerability rooted in specific modules of the 3D reconstruction pipeline.In this paper, we argue that the structure-from-motion (SfM) initialization, as the geometric core of many widely used reconstruction systems, can be targeted to achieve strong poisoning effects. To this end, we propose PoInit-of-View, which optimizes adversarial perturbations to intentionally introduce cross-view gradient inconsistencies at projections of corresponding 3D points. These inconsistencies disrupt keypoint detection and feature matching, thereby corrupting pose estimation and triangulation within SfM, eventually resulting in low-quality rendered views. We also provide a theoretical analysis that connects cross-view inconsistency to correspondence collapse.Experimental results demonstrate the effectiveness of our \name on diverse 3D reconstruction systems and datasets, surpassing the single-view-based method by 25.1% in PSNR and 16.5% in SSIM in black-box transfer settings, such as 3DGS to NeRF.","{""adversarial_core"": [""o this end, we propose PoInit-of-View, which optimizes adversarial perturbations to intentionally introduce cross-view gradient inconsi""]}",{},https://openaccess.thecvf.com/content/CVPR2026/papers/Wang_PoInit-of-View_Poisoning_Initialization_of_Views_Transfers_Across_Multiple_3D_Reconstruction_CVPR_2026_paper.pdf,https://cvpr.thecvf.com/virtual/2026/poster/38683,True,cvpr2026_papers.json
icml2025_papers:3266,ICML,2025,Position: Certified Robustness Does Not (Yet) Imply Model Security,5,C-Foundation,adversarial_core,"While certified robustness is widely promoted as a solution to adversarial examples in Artificial Intelligence systems, significant challenges remain before these techniques can be meaningfully deployed in real-world applications. We identify critical gaps in current research, including the paradox of detection without distinction, the lack of clear criteria for practitioners to evaluate certification schemes, and the potential security risks arising from users’ expectations surrounding “guaranteed"" robustness claims. These create an alignment issue between how certifications are presented and perceived, relative to their actual capabilities. This position paper is a call to arms for the certification research community, proposing concrete steps to address these fundamental challenges and advance the field toward practical applicability.","{""adversarial_core"": [""rtified robustness is widely promoted as a solution to adversarial examples in Artificial Intelligence systems, significant challe""]}",{},https://raw.githubusercontent.com/mlresearch/v267/main/assets/cullen25a/cullen25a.pdf,,True,icml2025_papers.json
icml2024_papers:445,ICML,2024,Precise Accuracy / Robustness Tradeoffs in Regression: Case of General Norms,5,C-Foundation,adversarial_core,"In this paper, we investigate the impact of test-time adversarial attacks on linear regression models and determine the optimal level of robustness that any model can reach while maintaining a given level of standard predictive performance (accuracy). Through quantitative estimates, we uncover fundamental tradeoffs between adversarial robustness and accuracy in different regimes. We obtain a precise characterization which distinguishes between regimes where robustness is achievable without hurting standard accuracy and regimes where a tradeoff might be unavoidable. Our findings are empirically confirmed with simple experiments that represent a variety of settings. This work covers feature covariance matrices and attack norms of any nature, extending previous works in this area.","{""adversarial_core"": [""In this paper, we investigate the impact of test-time adversarial attacks on linear regression models and determine the optimal""]}",{},https://raw.githubusercontent.com/mlresearch/v235/main/assets/dohmatob24c/dohmatob24c.pdf,,True,icml2024_papers.json
iclr2026_papers:5687,ICLR,2026,Probabilistic Robustness for Free? Revisiting Training via a Benchmark,5,C-Foundation,adversarial_core,"Deep learning models are notoriously vulnerable to imperceptible perturbations. Most existing research centers on adversarial robustness (AR), which evaluates models under worst-case scenarios by examining the existence of deterministic adversarial examples (AEs). In contrast, probabilistic robustness (PR) adopts a statistical perspective, measuring the probability that predictions remain correct under stochastic perturbations. While PR is widely regarded as a practical complement to AR, dedicated training methods for improving PR are still relatively underexplored, albeit with emerging progress. Among the few PR-targeted training methods, we identify three limitations: i) non‑comparable evaluation protocols; ii) limited comparisons to strong AT baselines despite anecdotal PR gains from AT, and; iii) no unified framework to compare the generalization of these methods. Thus, we introduce $\mathtt{PRBench}$, the first benchmark dedicated to evaluating improvements in PR achieved by different robustness training methods. $\mathtt{PRBench}$ empirically compares most common AT and PR-targeted training methods using a comprehensive set of metrics, including clean accuracy, PR and AR performance, training efficiency, and generalization error (GE). We also provide theoretical analysis on the GE of PR performance across different training methods. Main findings revealed by $\mathtt{PRBench}$ include: AT methods are more versatile than PR-targeted training methods in terms of improving both AR and PR performance across diverse hyperparameter settings, while PR-targeted training methods consistently yield lower GE and higher clean accuracy. A leaderboard comprising 222 trained models across 7 datasets and 10 model architectures is publicly available at https://tmpspace.github.io/PRBenchLeaderboard/","{""adversarial_core"": [""tible perturbations. Most existing research centers on adversarial robustness (AR), which evaluates models under worst-case scenario""]}",{},https://openreview.net/pdf/e438b1a9cd092353264fd70d7c251d2058af0dd6.pdf,https://openreview.net/forum?id=2KgXWnikxR,True,iclr2026_papers.json
icml2025_papers:171,ICML,2025,Probably Approximately Global Robustness Certification,5,C-Foundation,adversarial_core,"We propose and investigate probabilistic guarantees for the adversarial robustness of classification algorithms. While traditional formal verification approaches for robustness are intractable and sampling-based approaches do not provide formal guarantees, our approach is able to efficiently certify a probabilistic relaxation of robustness. The key idea is to sample an $\epsilon$-net and invoke a local robustness oracle on the sample. Remarkably, the size of the sample needed to achieve probably approximately global robustness guarantees is independent of the input dimensionality, the number of classes, and the learning algorithm itself. Our approach can, therefore, be applied even to large neural networks that are beyond the scope of traditional formal verification. Experiments empirically confirm that it characterizes robustness better than state-of-the-art sampling-based approaches and scales better than formal methods.","{""adversarial_core"": [""opose and investigate probabilistic guarantees for the adversarial robustness of classification algorithms. While traditional formal""]}",{},https://raw.githubusercontent.com/mlresearch/v267/main/assets/blohm25a/blohm25a.pdf,,True,icml2025_papers.json
icml2025_papers:1694,ICML,2025,PTTA: Purifying Malicious Samples for Test-Time Model Adaptation,5,C-Foundation,adversarial_core,"Test-Time Adaptation (TTA) enables deep neural networks to adapt to arbitrary distributions during inference. Existing TTA algorithms generally tend to select benign samples that help achieve robust online prediction and stable self-training. Although malicious samples that would undermine the model’s optimization should be filtered out, it also leads to a waste of test data. To alleviate this issue, we focus on how to make full use of the malicious test samples for TTA by transforming them into benign ones, and propose a plug-and-play method, PTTA. The core of our solution lies in the purification strategy, which retrieves benign samples having opposite effects on the objective function to perform Mixup with malicious samples, based on a saliency indicator for encoding benign and malicious data. This strategy results in effective utilization of the information in malicious samples and an improvement of the models’ online test accuracy. In this way, we can directly apply the purification loss to existing TTA algorithms without the need to carefully adjust the sample selection threshold. Extensive experiments on four types of TTA tasks as well as classification, segmentation, and adversarial defense demonstrate the effectiveness of our method. Code is available at https://github.com/HAIV-Lab/PTTA.","{""adversarial_core"": [""TTA tasks as well as classification, segmentation, and adversarial defense demonstrate the effectiveness of our method. Code is a""]}",{},https://raw.githubusercontent.com/mlresearch/v267/main/assets/ma25m/ma25m.pdf,,True,icml2025_papers.json
icml2025_papers:2908,ICML,2025,Quadratic Upper Bound for Boosting Robustness,5,C-Foundation,adversarial_core,"Fast adversarial training (FAT) aims to enhance the robustness of models against adversarial attacks with reduced training time, however, FAT often suffers from compromised robustness due to insufficient exploration of adversarial space. In this paper, we develop a loss function to mitigate the problem of degraded robustness under FAT. Specifically, we derive a quadratic upper bound (QUB) on the adversarial training (AT) loss function and propose to utilize the bound with existing FAT methods. Our experimental results show that applying QUB loss to the existing methods yields significant improvement of robustness. Furthermore, using various metrics, we demonstrate that this improvement is likely to result from the smoothened loss landscape of the resulting model.","{""adversarial_core"": [""Quadratic Upper Bound for Boosting Robustness Fast adversarial training (FAT) aims to enhance the robustness of models against""]}",{},https://raw.githubusercontent.com/mlresearch/v267/main/assets/you25a/you25a.pdf,,True,icml2025_papers.json
icml2024_papers:110,ICML,2024,Relational DNN Verification With Cross Executional Bound Refinement,5,C-Foundation,adversarial_core,"We focus on verifying relational properties defined over deep neural networks (DNNs) such as robustness against universal adversarial perturbations (UAP), certified worst-case hamming distance for binary string classifications, etc. Precise verification of these properties requires reasoning about multiple executions of the same DNN. However, most of the existing works in DNN verification only handle properties defined over single executions and as a result, are imprecise for relational properties. Though few recent works for relational DNN verification, capture linear dependencies between the inputs of multiple executions, they do not leverage dependencies between the outputs of hidden layers producing imprecise results. We develop a scalable relational verifier RACoon that utilizes cross-execution dependencies at all layers of the DNN gaining substantial precision over SOTA baselines on a wide range of datasets, networks, and relational properties.","{""adversarial_core"": [""l networks (DNNs) such as robustness against universal adversarial perturbations (UAP), certified worst-case hamming distance for binar""]}",{},https://raw.githubusercontent.com/mlresearch/v235/main/assets/banerjee24a/banerjee24a.pdf,,True,icml2024_papers.json
iclr2026_papers:322,ICLR,2026,"RESFL: An Uncertainty-Aware Framework for Responsible Federated Learning by Balancing Privacy, Fairness and Utility",5,C-Foundation,adversarial_core,"Federated Learning (FL) has gained prominence in machine learning applications across critical domains, offering collaborative model training without centralized data aggregation. However, FL frameworks that protect privacy often sacrifice fairness and reliability; differential privacy reduces data leakage but hides sensitive attributes needed for bias correction, worsening performance gaps across demographic groups. This work explores the trade-off between privacy and fairness in FL-based object detection and introduces RESFL, an integrated solution optimizing both. RESFL incorporates adversarial privacy disentanglement and uncertainty-guided fairness-aware aggregation. The adversarial component uses a gradient reversal layer to remove sensitive attributes, reducing privacy risks while maintaining fairness. The uncertainty-aware aggregation employs an evidential neural network to weight client updates adaptively, prioritizing contributions with lower fairness disparities and higher confidence. This ensures robust and equitable FL model updates. We demonstrate the effectiveness of RESFL in high-stakes autonomous vehicle scenarios, where it achieves high mAP on FACET and CARLA, reduces membership-inference attack success by 37%, reduces equality-of-opportunity gap by 17% relative to the FedAvg baseline, and maintains superior adversarial robustness. However, RESFL is inherently domain-agnostic and thus applicable to a broad range of application domains beyond autonomous driving.","{""adversarial_core"": [""elative to the FedAvg baseline, and maintains superior adversarial robustness. However, RESFL is inherently domain-agnostic and thus""]}",{},https://openreview.net/pdf/c994d3d8bb60f3c97cb36075996be2739f2f11a7.pdf,https://openreview.net/forum?id=Wfz7gpoDSl,True,iclr2026_papers.json
icml2024_papers:2519,ICML,2024,Rethinking Adversarial Robustness in the Context of the Right to be Forgotten,5,C-Foundation,adversarial_core,"The past few years have seen an intense research interest in the practical needs of the ""right to be forgotten"", which has motivated researchers to develop machine unlearning methods to unlearn a fraction of training data and its lineage. While existing machine unlearning methods prioritize the protection of individuals’ private data, they overlook investigating the unlearned models’ susceptibility to adversarial attacks and security breaches. In this work, we uncover a novel security vulnerability of machine unlearning based on the insight that adversarial vulnerabilities can be bolstered, especially for adversarially robust models. To exploit this observed vulnerability, we propose a novel attack called Adversarial Unlearning Attack (AdvUA), which aims to generate a small fraction of malicious unlearning requests during the unlearning process. AdvUA causes a significant reduction of adversarial robustness in the unlearned model compared to the original model, providing an entirely new capability for adversaries that is infeasible in conventional machine learning pipelines. Notably, we also show that AdvUA can effectively enhance model stealing attacks by extracting additional decision boundary information, further emphasizing the breadth and significance of our research. We also conduct both theoretical analysis and computational complexity of AdvUA. Extensive numerical studies are performed to demonstrate the effectiveness and efficiency of the proposed attack.","{""adversarial_core"": [""Rethinking Adversarial Robustness in the Context of the Right to be Forgotten The past f""]}",{},https://raw.githubusercontent.com/mlresearch/v235/main/assets/zhao24k/zhao24k.pdf,,True,icml2024_papers.json
iclr2026_papers:7496,ICLR,2026,Rethinking Knowledge Distillation: A Data Dependent Regulariser With a Negative Asymmetric Payoff,5,C-Foundation,adversarial_core,"Knowledge distillation is often considered a compression mechanism when judged on the resulting student's accuracy and loss, yet its functional impact is poorly understood. In this work, we quantify the compression capacity of knowledge distillation and the resulting knowledge transfer from a functional perspective, decoupling compression from architectural reduction, which provides an improved understanding of knowledge distillation. We employ hypothesis testing, controls, and random control distillation to understand knowledge transfer mechanisms across data modalities. To rigorously test the breadth and limits of our analyses, we explore multiple distillation variants and analyse distillation scaling laws across model sizes. Our findings demonstrate that, while there is statistically significant knowledge transfer in some modalities and architectures, the extent of this transfer is less pronounced than anticipated, even under conditions designed to maximise knowledge sharing. Notably, in cases of significant knowledge transfer, we identify a consistent and severe asymmetric transfer of negative knowledge to the student, raising safety concerns in knowledge distillation applications. Across 18 experimental setups, 9 architectures, and 8 datasets, our findings show that knowledge distillation functions less as a compression mechanism and more as a data-dependent regulariser with a negative asymmetric payoff.","{""adversarial_core"": [""ion Randomised Control Trial Distillation Scaling Laws Adversarial Attacks""]}",{},https://openreview.net/pdf/d466fd73477c25016a1f339a65e1c39c57bf7dae.pdf,https://openreview.net/forum?id=ja0tZJS3hM,True,iclr2026_papers.json
icml2024_papers:0,ICML,2024,Revisiting Character-level Adversarial Attacks for Language Models,5,C-Foundation,adversarial_core,"Adversarial attacks in Natural Language Processing apply perturbations in the character or token levels. Token-level attacks, gaining prominence for their use of gradient-based methods, are susceptible to altering sentence semantics, leading to invalid adversarial examples. While character-level attacks easily maintain semantics, they have received less attention as they cannot easily adopt popular gradient-based methods, and are thought to be easy to defend. Challenging these beliefs, we introduce Charmer, an efficient query-based adversarial attack capable of achieving high attack success rate (ASR) while generating highly similar adversarial examples. Our method successfully targets both small (BERT) and large (Llama 2) models. Specifically, on BERT with SST-2, Charmer improves the ASR in $4.84$% points and the USE similarity in $8$% points with respect to the previous art. Our implementation is available in https://github.com/LIONS-EPFL/Charmer.","{""adversarial_core"": [""Revisiting Character-level Adversarial Attacks for Language Models Adversarial attacks in Natural Lan""]}",{},https://raw.githubusercontent.com/mlresearch/v235/main/assets/abad-rocamora24a/abad-rocamora24a.pdf,,True,icml2024_papers.json
iclr2026_papers:6346,ICLR,2026,RFD-LoRA: Robust Federated Distillation for LoRA Fine-Tuning under Heterogeneous and Adversarial Clients,5,C-Foundation,adversarial_core,"Federated learning (FL) with low-rank adaptation (LoRA) is attractive for efficiency but fragile compared to full-rank FL. We show three fundamental vulnerabilities: (i) aggregation and projection bias, since bilinear averaging of adapters misrepresents the true global update; (ii) adversarial amplification, where low-rank projections can magnify malicious perturbations; and (iii) Jacobian sensitivity, where small adapter changes trigger large gradient variation. Existing methods only mitigate these issues and require identical client ranks, limiting practicality. We propose Robust Federated Distillation for LoRA (RFD-LoRA), the first framework to combine federated distillation with LoRA. By aggregating logits in a shared subspace, RFD-LoRA totally eliminates aggregation and initialization lag while enabling clients with heterogeneous ranks and adapter structures to collaborate seamlessly. To defend against non-IID and adversarial clients, we design three modules: Confidence-Adaptive Temperature (CAT), MMD-based Distillation (MMD-KD), and Disagreement Suppression (DIS). We provide error bounds and show on GLUE benchmarks that RFD-LoRA consistently outperforms prior methods in accuracy and robustness.","{""adversarial_core"": [""rated Learning LoRA Fine-Tuning Knowledge Distillation Adversarial Robustness""]}",{},https://openreview.net/pdf/a2796193e7a5552ff21f8006eb4b35cad2799568.pdf,https://openreview.net/forum?id=srLqdXZHR0,True,iclr2026_papers.json
iclr2026_papers:2101,ICLR,2026,Robust Adversarial Attacks Against Unknown Disturbance via Inverse Gradient Sample,5,C-Foundation,adversarial_core,"Adversarial attacks have achieved widespread success in various domains, yet existing methods suffer from significant performance degradation when adversarial examples are subjected to even minor disturbances. In this paper, we propose a novel and robust attack called IGSA (**I**nverse **G**radient **S**ample-based **A**ttack), capable of generating adversarial examples that remain effective under diverse unknown disturbances. IGSA employs an iterative two-step framework: (i) inverse gradient sampling, which searches for the most disruptive direction within the neighborhood of adversarial examples, and (ii) disturbance-guided refinement, which updates adversarial examples via gradient descent along the identified disruptive disturbance. Theoretical analysis reveals that IGSA enhances robustness by increasing the likelihood of adversarial examples within the data distribution. Extensive experiments in both white-box and black-box attack scenarios demonstrate that IGSA significantly outperforms state-of-the-art attacks in terms of robustness against various unknown disturbances. Moreover, IGSA exhibits superior performance when attacking adversarially trained defense models. Code is available at https://github.com/nimingck/IGSA.","{""adversarial_core"": [""Robust Adversarial Attacks Against Unknown Disturbance via Inverse Gradient Sampl""]}",{},https://openreview.net/pdf/0ec4fa4a72bf3c265d8270c2f5d3abcbbb76bf44.pdf,https://openreview.net/forum?id=WhFS8mxWJh,True,iclr2026_papers.json
iclr2026_papers:2923,ICLR,2026,Robust Adversarial Quantification via Conflict-Aware Evidential Deep Learning,5,C-Foundation,adversarial_core,"Reliability of deep learning models is critical for deployment in high-stakes applications, where out-of-distribution or adversarial inputs may lead to detrimental outcomes. Evidential Deep Learning, an efficient paradigm for uncertainty quantification, models predictions as Dirichlet distributions of a single forward pass. However, EDL is particularly vulnerable to adversarially perturbed inputs, making overconfident errors. Conflict-aware Evidential Deep Learning (C-EDL) is a lightweight post-hoc uncertainty quantification approach that mitigates these issues, enhancing adversarial and OOD robustness without retraining. C-EDL generates diverse, task-preserving transformations per input and quantifies representational disagreement to calibrate uncertainty estimates when needed. C-EDL's conflict-aware prediction adjustment improves detection of OOD and adversarial inputs, maintaining high in-distribution accuracy and low computational overhead. Our experimental evaluation shows that C-EDL significantly outperforms state-of-the-art EDL variants and competitive baselines, achieving substantial reductions in coverage for OOD data (up to $\approx55\%$) and adversarial data (up to $\approx90\%$), across a range of datasets, attack types, and uncertainty metrics.","{""adversarial_core"": [""s, and uncertainty metrics. Uncertainty Quantification Adversarial Attack Detection Evidential Deep Learning""]}",{},https://openreview.net/pdf/40813c53afc3ea553fa313984d7bea721ed7f3f8.pdf,https://openreview.net/forum?id=27oJibuygA,True,iclr2026_papers.json
cvpr2026_papers:1495,CVPR,2026,Robust Alignment: Harmonizing Clean Accuracy and Adversarial Robustness in Adversarial Training,5,C-Foundation,adversarial_core,,"{""adversarial_core"": [""Robust Alignment: Harmonizing Clean Accuracy and Adversarial Robustness in Adversarial Training""]}",{},,https://cvpr.thecvf.com/virtual/2026/poster/40589,False,cvpr2026_papers.json
iclr2026_papers:8058,ICLR,2026,Robust Bidirectional Associative Memory via Regularization Inspired by the Subspace Rotation Algorithm,5,C-Foundation,adversarial_core,"Bidirectional Associative Memory (BAM) trained by Bidirectional Backpropagation (B-BP) suffer from poor robustness and sensitivity to noise and adversarial attacks. To address it, we propose a novel gradient-free training algorithm, the Bidirectional Subspace Rotation Algorithm (B-SRA), designed to improve the robustness and convergence behavior of BAM. Through comprehensive experiments, two key principles, orthogonal weight matrices (OWM) and gradient-pattern alignment (GPA), are identified as central to enhancing the robustness of BAM. Motivated by these insights, new regularization strategies are introduced into B-BP, yielding models with significantly improved resistance to corruption and adversarial perturbations. We conduct an ablation study across different training strategies to determine which approach achieves a more robust BAM. Additionally, we evaluate the robustness of BAM under various attack scenarios and across increasing memory capacities, including the association of 50, 100, and 200 pattern pairs. Among all strategies, the SAME configuration—which combines OWM and GPA—achieves the highest resilience. Our findings suggest that B-SRA and carefully designed regularization strategies lead to more reliable associative memories and open new directions for building resilient neural architectures.","{""adversarial_core"": [""ffer from poor robustness and sensitivity to noise and adversarial attacks. To address it, we propose a novel gradient-free train""]}",{},https://openreview.net/pdf/58ec21f871531f0a5c45d5fa58a0d7da5012bcb2.pdf,https://openreview.net/forum?id=vmiqjqo08s,True,iclr2026_papers.json
iclr2026_papers:796,ICLR,2026,Robust Federated Inference,5,C-Foundation,adversarial_core,"Federated inference, in the form of one-shot federated learning, edge ensembles, or federated ensembles, has emerged as an attractive solution to combine predictions from multiple models. This paradigm enables each model to remain local and proprietary while a central server queries them and aggregates predictions. Yet, the robustness of federated inference has been largely neglected, leaving them vulnerable to even simple attacks. To address this critical gap, we formalize the problem of robust federated inference and provide the first robustness analysis of this class of methods. Our analysis of averaging-based aggregators shows that the error of the aggregator is small either when the dissimilarity between honest responses is small or the margin between the two most probable classes is large. Moving beyond linear averaging, we show that the problem of robust federated inference with non-linear aggregators can be cast as an adversarial machine learning problem. We then introduce an advanced technique using the DeepSet aggregation model, proposing a novel composition of adversarial training and test-time robust aggregation to robustify non-linear aggregators. Our composition yields significant improvements, surpassing existing robust aggregation methods by 4.7 - 22.2% in accuracy points across diverse benchmarks.","{""adversarial_core"": [""et aggregation model, proposing a novel composition of adversarial training and test-time robust aggregation to robustify non-line""]}",{},https://openreview.net/pdf/60adc0dc09d074493a6ca2087f4368ab1b641db3.pdf,https://openreview.net/forum?id=47eKYCaBIV,True,iclr2026_papers.json
neurips2025_papers:1092,NEURIPS,2025,Robust Graph Condensation via Classification Complexity Mitigation,5,C-Foundation,adversarial_core,"Graph condensation (GC) has gained significant attention for its ability to synthesize smaller yet informative graphs. However, existing studies often overlook the robustness of GC in scenarios where the original graph is corrupted. In such cases, we observe that the performance of GC deteriorates significantly, while existing robust graph learning technologies offer only limited effectiveness. Through both empirical investigation and theoretical analysis, we reveal that GC is inherently an intrinsic-dimension-reducing process, synthesizing a condensed graph with lower classification complexity. Although this property is critical for effective GC performance, it remains highly vulnerable to adversarial perturbations. To tackle this vulnerability and improve GC robustness, we adopt the geometry perspective of graph data manifold and propose a novel **M**anifold-constrained **R**obust **G**raph **C**ondensation framework named **MRGC**. Specifically, we introduce three graph data manifold learning modules that guide the condensed graph to lie within a smooth, low-dimensional manifold with minimal class ambiguity, thereby preserving the classification complexity reduction capability of GC and ensuring robust performance under universal adversarial attacks. Extensive experiments demonstrate the robustness of MRGC across diverse attack scenarios.","{""adversarial_core"": [""ective GC performance, it remains highly vulnerable to adversarial perturbations. To tackle this vulnerability and improve GC robustnes""]}",{},https://openreview.net/pdf/384ba2a5c724e92e860136d69be32bbb223e6ced.pdf,https://openreview.net/forum?id=vATe64ktAo,True,neurips2025_papers.json
neurips2025_papers:2619,NEURIPS,2025,Robust learning of halfspaces under log-concave marginals,5,C-Foundation,adversarial_core,"We say that a classifier is $\text{\emph{adversarially robust}}$ to perturbations of norm $r$ if, with high probability over a point $x$ drawn from the input distribution, there is no point within distance $\le r$ from $x$ that is classified differently. The $\text{\emph{boundary volume}}$ is the probability that a point falls within distance $r$ of a point with a different label. This work studies the task of learning a hypothesis with small boundary volume, where the input is distributed as a subgaussian isotropic log-concave distribution over $\mathbb{R}^d$. Linear threshold functions are adversarially robust; they have boundary volume proportional to $r$. Such concept classes are efficiently learnable by polynomial regression, which produces a polynomial threshold function (PTF), but PTFs in general may have boundary volume $\Omega(1)$, even for $r \ll 1$. We give an algorithm that agnostically learns linear threshold functions and returns a classfier with boundary volume $O(r+\varepsilon)$ at radius of perturbation $r$. The time and sample complexity of $d^{\tilde{O}(1/\varepsilon^2)}$ matches the complexity of polynomial regression. Our algorithm augments the classic approach of polynomial regression with three additional steps:\ $\quad$ a) performing the $\ell_1$-error regression under $\ell_1$ noise sensitivity constraints,\ $\quad$ b) a structured partitioning and rounding step that returns a Boolean classifier with error $\mathrm{opt} + O(\varepsilon)$ and noise sensitivity $O(r+\varepsilon)$ simultaneously, and \ $\quad c)$ a local corrector that ``smooths'' a function with low noise sensitivity into a function that is adversarially robust.","{""adversarial_core"": [""sitivity into a function that is adversarially robust. adversarial robustness linear classifiers agnostic learning""]}",{},https://openreview.net/pdf/7f7b494505375ea69eb452242b0c6b25b56f7f37.pdf,https://openreview.net/forum?id=ZrCQGVpQrl,True,neurips2025_papers.json
neurips2025_papers:4033,NEURIPS,2025,Robust Satisficing Gaussian Process Bandits Under Adversarial Attacks,5,C-Foundation,adversarial_core,"We address the problem of Gaussian Process (GP) optimization in the presence of unknown and potentially varying adversarial perturbations. Unlike traditional robust optimization approaches that focus on maximizing performance under worst-case scenarios, we consider a robust satisficing objective, where the goal is to consistently achieve a predefined performance threshold $\tau$, even under adversarial conditions. We propose two novel algorithms based on distinct formulations of robust satisficing, and show that they are instances of a general robust satisficing framework. Further, each algorithm offers different guarantees depending on the nature of the adversary. Specifically, we derive two regret bounds: one that is sublinear over time, assuming certain conditions on the adversary and the satisficing threshold $\tau$, and another that scales with the perturbation magnitude but requires no assumptions on the adversary. Through extensive experiments, we demonstrate that our approach outperforms the established robust optimization methods in achieving the satisficing objective, particularly when the ambiguity set of the robust optimization framework is inaccurately specified.","{""adversarial_core"": [""Robust Satisficing Gaussian Process Bandits Under Adversarial Attacks We address the problem of Gaussian Process (GP) optimi""]}",{},https://openreview.net/pdf/c3fac85ce00b797c9ee9a997d46344cc60a722a3.pdf,https://openreview.net/forum?id=Ejcn7IDkzT,True,neurips2025_papers.json
iclr2026_papers:2584,ICLR,2026,Robust Spiking Neural Networks Against Adversarial Attacks,5,C-Foundation,adversarial_core,"Spiking Neural Networks (SNNs) represent a promising paradigm for energy-efficient neuromorphic computing due to their bio-plausible and spike-driven characteristics. However, the robustness of SNNs in complex adversarial environments remains significantly constrained. In this study, we theoretically demonstrate that those threshold-neighboring spiking neurons are the key factors limiting the robustness of directly trained SNNs. We find that these neurons set the upper limits for the maximum potential strength of adversarial attacks and are prone to state-flipping under minor disturbances. To address this challenge, we propose a Threshold Guarding Optimization (TGO) method, which comprises two key aspects. First, we incorporate additional constraints into the loss function to move neurons' membrane potentials away from their thresholds. It increases SNNs' gradient sparsity, thereby reducing the theoretical upper bound of adversarial attacks. Second, we introduce noisy spiking neurons to transition the neuronal firing mechanism from deterministic to probabilistic, decreasing their state-flipping probability due to minor disturbances. Extensive experiments conducted in standard adversarial scenarios prove that our method significantly enhances the robustness of directly trained SNNs. These findings pave the way for advancing more reliable and secure neuromorphic computing in real-world applications.","{""adversarial_core"": [""Robust Spiking Neural Networks Against Adversarial Attacks Spiking Neural Networks (SNNs) represent a promising p""]}",{},https://openreview.net/pdf/f09732b314024a960260f394ea0de0ea2d7c90a0.pdf,https://openreview.net/forum?id=qTqAL2t8Aa,True,iclr2026_papers.json
neurips2025_papers:1766,NEURIPS,2025,RUAGO: Effective and Practical Retain-Free Unlearning via Adversarial Attack and OOD Generator,5,C-Foundation,adversarial_core,"With increasing regulations on private data usage in AI systems, machine unlearning has emerged as a critical solution for selectively removing sensitive information from trained models while preserving their overall utility. While many existing unlearning methods rely on the *retain data* to mitigate the performance decline caused by forgetting, such data may not always be available (*retain-free*) in real-world scenarios. To address this challenge posed by retain-free unlearning, we introduce **RUAGO**, utilizing adversarial soft labels to mitigate over-unlearning and a generative model pretrained on out-of-distribution (OOD) data to effectively distill the original model’s knowledge. We introduce a progressive sampling strategy to incrementally increase synthetic data complexity, coupled with an inversion-based alignment step that ensures the synthetic data closely matches the original training distribution. Our extensive experiments on multiple benchmark datasets and architectures demonstrate that our approach consistently outperforms existing retain-free methods and achieves comparable or superior performance relative to retain-based approaches, demonstrating its effectiveness and practicality in real-world, data-constrained environments.","{""adversarial_core"": [""GO: Effective and Practical Retain-Free Unlearning via Adversarial Attack and OOD Generator With increasing regulations on priva""]}",{},https://openreview.net/pdf/63a15f296c1d00303630ad59b6ee9210d8c3bab2.pdf,https://openreview.net/forum?id=1YzRtbaAzZ,True,neurips2025_papers.json
neurips2025_papers:3864,NEURIPS,2025,Scaling Data-Driven Probabilistic Robustness Analysis for Semantic Segmentation Neural Networks,5,C-Foundation,adversarial_core,"Semantic segmentation neural networks (SSNs) are increasingly essential in high-stakes fields such as medical imaging, autonomous driving, and environmental monitoring, where robustness to input uncertainties and adversarial examples is crucial for ensuring safety and reliability. However, traditional probabilistic verification methods struggle to scale effectively with the size and depth of modern SSNs, especially when dealing with their high-dimensional, structured inputs/outputs. As the output dimension increases, these methods tend to become overly conservative, resulting in unnecessarily restrictive safety guarantees. In this work, we propose a probabilistic, data-driven verification algorithm that is architecture-agnostic and scalable, capable of handling the high-dimensional outputs of SSNs without introducing conservative and loose guarantees. We leverage efficient sampling-based reachability analysis to explore the space of possible outputs while maintaining computational feasibility. Our methodology is based on Conformal Inference (CI), which is known for its high data efficiency. However, CI tends to be overly conservative in high-dimensional spaces. To address this, in this paper, we introduce techniques to mitigate these sources of conservatism, enabling us to provide less conservative yet provable guarantees for SSNs. We validate our approach on large segmentation models applied to CamVid, OCTA-500 and Lung\_Segmentation, and Cityscapes datasets, showing that it can offer reliable safety guarantees while lowering the conservatism inherent in traditional methods. We also provide a public GitHub repository for this approach, to support reproducibility.","{""adversarial_core"": [""onitoring, where robustness to input uncertainties and adversarial examples is crucial for ensuring safety and reliability. Howeve""]}",{},https://openreview.net/pdf/3d1ede4b41046b9a6a7fc898ea076874dca6bcea.pdf,https://openreview.net/forum?id=liefJOFVfH,True,neurips2025_papers.json
iclr2026_papers:7597,ICLR,2026,SELECTIVE FINE-TUNING FOR TARGETED AND ROBUST CONCEPT UNLEARNING,5,C-Foundation,adversarial_core,"Text-guided diffusion models are used by millions of users, but can be easily exploited to produce harmful content. Concept unlearning methods aim at reducing the models’ likelihood of generating harmful content. Traditionally, this has been tackled at an individual concept level, with only a handful of recent works considering more realistic concept combinations. However, state-of-the-art methods depend on full fine-tuning, which is computationally expensive. Concept localisation methods can facilitate selective fine-tuning, but existing techniques are static, resulting in suboptimal utility. In order to tackle these challenges, we propose TRUST (Targeted Robust Selective fine-Tuning), a novel approach for dynamically estimating target concept neurons and unlearning them through selective fine-tuning, empowered by a Hessian-based regularization. We show experimentally, against a number of SOTA baselines, that TRUST is robust against adversarial prompts, preserves generation quality to a significant degree (∆FID = 0.02), and is also significantly (2.5 times) faster than the SOTA. Our method achieves unlearning of not only individual concepts but also combinations of concepts and conditional concepts, without any specific regularization.","{""adversarial_core"": [""lly, against a number of SOTA baselines, that TRUST is robust against adversarial prompts, preserves generation quality to a significant""]}",{},https://openreview.net/pdf/bc568a99970f43ff776dc646d90878b77e0e615a.pdf,https://openreview.net/forum?id=nuAQ0okd8i,True,iclr2026_papers.json
neurips2025_papers:4382,NEURIPS,2025,Semi-infinite Nonconvex Constrained Min-Max Optimization,5,C-Foundation,adversarial_core,"Semi-Infinite Programming (SIP) has emerged as a powerful framework for modeling problems with infinite constraints, however, its theoretical development in the context of nonconvex and large-scale optimization remains limited. In this paper, we investigate a class of nonconvex min-max optimization problems with nonconvex infinite constraints, motivated by applications such as adversarial robustness and safety-constrained learning. We propose a novel inexact dynamic barrier primal-dual algorithm and establish its convergence properties. Specifically, under the assumption that the squared infeasibility residual function satisfies the Lojasiewicz inequality with exponent $\theta \in (0,1)$, we prove that the proposed method achieves $\mathcal{O}(\epsilon^{-3})$, $\mathcal{O}(\epsilon^{-6\theta})$, and $\mathcal{O}(\epsilon^{-3\theta/(1-\theta)})$ iteration complexities to achieve an $\epsilon$-approximate stationarity, infeasibility, and complementarity slackness, respectively. Numerical experiments on robust multitask learning with task priority further illustrate the practical effectiveness of the algorithm.","{""adversarial_core"": [""nfinite constraints, motivated by applications such as adversarial robustness and safety-constrained learning. We propose a novel in""]}",{},https://openreview.net/pdf/966993a19f315fd6e974a9535045424861b2e91c.pdf,https://openreview.net/forum?id=XX7XpzSMHd,True,neurips2025_papers.json
neurips2025_papers:2097,NEURIPS,2025,Sharp Gaussian approximations for Decentralized Federated Learning,5,C-Foundation,adversarial_core,"Federated Learning has gained traction in privacy-sensitive collaborative environments, with local SGD emerging as a key optimization method in decentralized settings. While its convergence properties are well-studied, asymptotic statistical guarantees beyond convergence remain limited. In this paper, we present two generalized Gaussian approximation results for local SGD and explore their implications. First, we prove a Berry-Esseen theorem for the final local SGD iterates, enabling valid multiplier bootstrap procedures. Second, motivated by robustness considerations, we introduce two distinct time-uniform Gaussian approximations for the entire trajectory of local SGD. The time-uniform approximations support Gaussian bootstrap-based tests for detecting adversarial attacks. Extensive simulations are provided to support our theoretical results.","{""adversarial_core"": [""s support Gaussian bootstrap-based tests for detecting adversarial attacks. Extensive simulations are provided to support our the""]}",{},https://openreview.net/pdf/24982d06815c91b43ec754cfdd5deb509e3f06b7.pdf,https://openreview.net/forum?id=b7waOsMnq8,True,neurips2025_papers.json
iclr2026_papers:1458,ICLR,2026,"Shuffling the Data, Extrapolating the Step: Sharper Bias In Constant Step-Size SGD",5,C-Foundation,adversarial_core,"From adversarial robustness to multi-agent learning, many machine learning tasks can be cast as finite-sum min–max optimization or, more generally, as variational inequality problems (VIPs). Owing to their simplicity and scalability, stochastic gradient methods with constant step size are widely used, despite the fact that they converge only up to a constant term. Among the many heuristics adopted in practice, two classical techniques have recently attracted attention to mitigate this issue: *Random Reshuffling* of data and *Richardson–Romberg extrapolation* across iterates. Random Reshuffling sharpens the mean-squared error (MSE) of the estimated solution, while Richardson-Romberg extrapolation acts orthogonally, providing a second order reduction in its bias. In this work, we show that their composition is strictly better than both, not only maintaining the enhanced MSE guarantees but also yielding an even greater cubic refinement in the bias. To the best of our knowledge, our work provides the first theoretical guarantees for such a synergy in structured non-monotone VIPs. Our analysis proceeds in two steps: (i) we smooth the discrete noise induced by reshuffling and leverage tools from continuous-state Markov chain theory to establish a novel law of large numbers and a central limit theorem for its iterates; and (ii) we employ spectral tensor techniques to prove that extrapolation debiases and sharpens the asymptotic behavior even under the biased gradient oracle induced by reshuffling. Finally, extensive experiments validate our theory, consistently demonstrating substantial speedups in practice.","{""adversarial_core"": [""the Step: Sharper Bias In Constant Step-Size SGD From adversarial robustness to multi-agent learning, many machine learning tasks c""]}",{},https://openreview.net/pdf/c994043d1ceb1d6e718aaba98a07e1e20f41aea0.pdf,https://openreview.net/forum?id=QQZ53UtXgf,True,iclr2026_papers.json
icml2024_papers:1609,ICML,2024,SignSGD with Federated Defense: Harnessing Adversarial Attacks through Gradient Sign Decoding,5,C-Foundation,adversarial_core,"Distributed learning is an effective approach to accelerate model training by using parallel computing power of multiple workers. However, substantial communication delays arise between workers and a parameter server due to the massive costs associated with communicating gradients. SignSGD with majority voting (signSGD-MV) is a simple yet effective optimizer that reduces communication costs through sign quantization, but its convergence rate significantly decreases when adversarial workers arbitrarily manipulate datasets or local gradient updates. In this paper, we consider a distributed learning problem where the workforce comprises a mixture of honest and adversarial workers. In this setting, we show that the convergence rate can remain invariant as long as the number of honest workers providing trustworthy local updates to the parameter server exceeds the number of adversarial workers. The key idea behind this counter-intuitive result is our novel aggregation method, signSGD with federated defense (signSGD-FD). Unlike traditional approaches, signSGD-FD utilizes the gradient information sent by adversarial workers with appropriate weights, obtained through gradient sign decoding. Experimental results demonstrate that signSGD-FD achieves superior convergence rates compared to traditional algorithms in various adversarial attack scenarios.","{""adversarial_core"": [""SignSGD with Federated Defense: Harnessing Adversarial Attacks through Gradient Sign Decoding Distributed learning is""]}",{},https://raw.githubusercontent.com/mlresearch/v235/main/assets/park24h/park24h.pdf,,True,icml2024_papers.json
iclr2026_papers:7002,ICLR,2026,Silence-the-Mimic: Accelerating Imperceptible Perturbations Against Voice Cloning,5,C-Foundation,adversarial_core,"Deep neural network–based Voice Conversion (VC) and Text-to-Speech (TTS) models have rapidly advanced, enabling realistic voice cloning with minimal input data. Such capabilities raise serious concerns over unauthorized cloning of speaker identities and the associated privacy and security risks. Current imperceptible adversarial protection methods rely on quality control losses that are highly sensitive to hyperparameter tuning and computationally expensive due to lengthy optimization. To address these limitations, we propose a fast yet imperceptible protection method that injects perturbations in the frequency domain under a psychoacoustic masking–based constraint. Our approach strictly enforces perceptibility bounds during adversarial training, eliminating the need for iterative quality balancing and significantly reducing computational cost. Experimental results on multiple state-of-the-art VC and TTS models show that our method achieves protection performance comparable to or better than existing baselines, with at least an order-of-magnitude speedup. These results demonstrate the effectiveness of frequency-domain perturbations with perceptual constraints as a practical paradigm for protecting against voice cloning.","{""adversarial_core"": [""pproach strictly enforces perceptibility bounds during adversarial training, eliminating the need for iterative quality balancing""]}",{},https://openreview.net/pdf/03c666fc37534bcd06bcc88631396585598002e8.pdf,https://openreview.net/forum?id=WomSyH0LwN,True,iclr2026_papers.json
neurips2025_papers:2558,NEURIPS,2025,"Solving Neural Min-Max Games: The Role of Architecture, Initialization & Dynamics",5,C-Foundation,adversarial_core,"Many emerging applications—such as adversarial training, AI alignment, and robust optimization—can be framed as zero-sum games between neural nets, with von Neumann–Nash equilibria (NE) capturing the desirable system behavior. While such games often involve non-convex non-concave objectives, empirical evidence shows that simple gradient methods frequently converge, suggesting a hidden geometric structure. In this paper, we provide a theoretical framework that explains this phenomenon through the lens of \emph{hidden convexity} and \emph{overparameterization}. We identify sufficient conditions spanning initialization, training dynamics, and network width—that guarantee global convergence to a NE in a broad class of non-convex min-max games. To our knowledge, this is the first such result for games that involve two-layer neural networks. Technically, our approach is twofold: (a) we derive a novel path-length bound for alternating gradient-descent-ascent scheme in min-max games; and (b) we show that games with hidden convex–concave geometry reduce to settings satisfying two-sided Polyak–Łojasiewicz (PL) and smoothness conditions, which hold with high probability under overparameterization, using tools from random matrix theory.","{""adversarial_core"": [""lization & Dynamics Many emerging applications—such as adversarial training, AI alignment, and robust optimization—can be framed a""]}",{},https://openreview.net/pdf/0f159fb4d9cebd79350c3e2782db5fb93cec8368.pdf,https://openreview.net/forum?id=5xdbWUdM87,True,neurips2025_papers.json
iclr2026_papers:6009,ICLR,2026,Sparse but Sharp: Saliency-guided Black-box Attacks Reveal Vulnerabilities in Skeleton-based Human Action Recognition,5,C-Foundation,adversarial_core,"The remarkable performance of Graph Convolutional Networks and Transformers in skeleton-based human action recognition is a progress to celebrate. However, recent studies reveal their vulnerability to adversarial attacks.We focus on black-box attacks, which hold greater practical relevance, and propose the first saliency-guided spatio-temporal sparse black-box attack framework for skeleton-based recognition.By estimating the contribution of joints and frame segments to recognition accuracy, our solution is able to inject perturbations only into a localised set, thereby enhancing stealth.Compatible with both confidence-based and label-only black-box settings, our framework offers broad applicability in real-world scenarios.We conduct a comprehensive evaluation of the proposed attack methodology on public large-scale datasets and compare its performance with SOTA algorithms. It is demonstrated that our attack strategy achieves competitive or even superior effectiveness in most settings, while offering better imperceptibility and a favourable balance between query efficiency and attack performance. Importantly, our evaluation reveals significant disparities in robustness across existing action recognition models. Our solution presents a practical paradigm for efficient sparse attack strategies, providing novel insights into the structural robustness of skeleton-based recognition methods.","{""adversarial_core"": [""However, recent studies reveal their vulnerability to adversarial attacks.We focus on black-box attacks, which hold greater prac""]}",{},https://openreview.net/pdf/d8d1f3e76a494e9a51b6c877ba2c15b78ad5c109.pdf,https://openreview.net/forum?id=URjuuHqcQw,True,iclr2026_papers.json
iclr2026_papers:7140,ICLR,2026,Statistically Undetectable Backdoors in Deep Neural Networks,5,C-Foundation,adversarial_core,"We show how an adversarial model trainer can plant backdoors in a large class of deep, feedforward neural networks. These backdoors are statistically undetectable in the white-box setting, meaning that the backdoored and honestly trained models are close in total variation distance, even given the full descriptions of the models (e.g., all of the weights). The backdoor provides access to invariance-based adversarial examples for every input, mapping distant inputs to unusually close outputs. However, without the backdoor, it is provably impossible (under standard cryptographic assumptions) to generate any such adversarial examples in polynomial time. Our theoretical and preliminary empirical findings demonstrate a fundamental power asymmetry between model trainers and model users.","{""adversarial_core"": [""hts). The backdoor provides access to invariance-based adversarial examples for every input, mapping distant inputs to unusually c""]}",{},https://openreview.net/pdf/acbfb1c55f85e6341481a7595ed8f183d58b8b60.pdf,https://openreview.net/forum?id=Yso3MCJM0e,True,iclr2026_papers.json
iclr2026_papers:9256,ICLR,2026,Stealthy World Model Manipulation via Data Poisoning,5,C-Foundation,adversarial_core,"Model-based learning agents that use a world model to predict and plan have shown impressive success in solving diverse, complex tasks and adapting to new environments. However, the process of exploring open environments and updating the model with collected experience also exposes them to adversarial manipulation. In this paper, we propose SWAAP, the first scalable and stealthy data poisoning method for world models, designed to benchmark their adversarial robustness. SWAAP uses a novel two-stage approach. In the first stage, the attacker identifies a target world model that deviates only slightly from the true environment but significantly degrades agent's performance when used for planning. This is achieved via a first-order bilevel optimization and a new transition gradient theorem. In the second stage, the attacker then performs the actual attack by perturbing a small subset of fine-tuning data to steer the fine-tuned world model toward the target model. Evaluations using diverse tasks show that our approach induces a substantial performance drop and remains effective even under robust training and detection, underscoring the urgent need for stronger protection in world modeling.","{""adversarial_core"": [""g method for world models, designed to benchmark their adversarial robustness. SWAAP uses a novel two-stage approach. In the first s""]}",{},https://openreview.net/pdf/0a6a3cf261e339c475dad51d5a74a27e99e82ce0.pdf,https://openreview.net/forum?id=DotYL0mTxZ,True,iclr2026_papers.json
neurips2025_papers:3573,NEURIPS,2025,Stochastic Regret Guarantees for Online Zeroth- and First-Order Bilevel Optimization,5,C-Foundation,adversarial_core,"Online bilevel optimization (OBO) is a powerful framework for machine learning problems where both outer and inner objectives evolve over time, requiring dynamic updates. Current OBO approaches rely on deterministic \textit{window-smoothed} regret minimization, which may not accurately reflect system performance when functions change rapidly. In this work, we introduce a novel search direction and show that both first- and zeroth-order (ZO) stochastic OBO algorithms leveraging this direction achieve sublinear {stochastic bilevel regret without window smoothing}. Beyond these guarantees, our framework enhances efficiency by: (i) reducing oracle dependence in hypergradient estimation, (ii) updating inner and outer variables alongside the linear system solution, and (iii) employing ZO-based estimation of Hessians, Jacobians, and gradients. Experiments on online parametric loss tuning and black-box adversarial attacks validate our approach.","{""adversarial_core"": [""riments on online parametric loss tuning and black-box adversarial attacks validate our approach. Online Learning Bilevel Learnin""]}",{},https://openreview.net/pdf/aee02673e7b168b5eea4f01451f3b01ead7aea2f.pdf,https://openreview.net/forum?id=BAYTbpUSrF,True,neurips2025_papers.json
icml2024_papers:1262,ICML,2024,StyDeSty: Min-Max Stylization and Destylization for Single Domain Generalization,5,C-Foundation,adversarial_core,"Single domain generalization (single DG) aims at learning a robust model generalizable to unseen domains from only one training domain, making it a highly ambitious and challenging task. State-of-the-art approaches have mostly relied on data augmentations, such as adversarial perturbation and style enhancement, to synthesize new data and thus increase robustness. Nevertheless, they have largely overlooked the underlying coherence between the augmented domains, which in turn leads to inferior results in real-world scenarios. In this paper, we propose a simple yet effective scheme, termed asStyDeSty, to explicitly account for the alignment of the source and pseudo domains in the process of data augmentation, enabling them to interact with each other in a self-consistent manner and further giving rise to a latent domain with strong generalization power. The heart of StyDeSty lies in the interaction between astylizationmodule for generating novel stylized samples using the source domain, and adestylizationmodule for transferring stylized and source samples to a latent domain to learn content-invariant features. The stylization and destylization modules work adversarially and reinforce each other. During inference, the destylization module transforms the input sample with an arbitrary style shift to the latent domain, in which the downstream tasks are carried out. Specifically, the location of the destylization layer within the backbone network is determined by a dedicated neural architecture search (NAS) strategy. We evaluate StyDeSty on multiple benchmarks and demonstrate that it yields encouraging results, outperforming the state of the art by up to 13.44% on classification accuracy. Codes are available https://github.com/Huage001/StyDeSty.","{""adversarial_core"": [""ches have mostly relied on data augmentations, such as adversarial perturbation and style enhancement, to synthesize new data and thus""]}",{},https://raw.githubusercontent.com/mlresearch/v235/main/assets/liu24ad/liu24ad.pdf,,True,icml2024_papers.json
neurips2025_papers:2672,NEURIPS,2025,Synergy Between the Strong and the Weak: Spiking Neural Networks are Inherently Self-Distillers,5,C-Foundation,adversarial_core,"Brain-inspired spiking neural networks (SNNs) promise to be a low-power alternative to computationally intensive artificial neural networks (ANNs), although performance gaps persist. Recent studies have improved the performance of SNNs through knowledge distillation, but rely on large teacher models or introduce additional training overhead. In this paper, we show that SNNs can be naturally deconstructed into multiple submodels for efficient self-distillation. We treat each timestep instance of the SNN as a submodel and evaluate its output confidence, thus efficiently identifying the strong and the weak. Based on this strong and weak relationship, we propose two efficient self-distillation schemes: (1) Strong2Weak: During training, the stronger ""teacher"" guides the weaker ""student"", effectively improving overall performance. (2) Weak2Strong: The weak serve as the ""teacher"", distilling the strong in reverse with underlying dark knowledge, again yielding significant performance gains. For both distillation schemes, we offer flexible implementations such as ensemble, simultaneous, and cascade distillation. Experiments show that our method effectively improves the discriminability and overall performance of the SNN, while its adversarial robustness is also enhanced, benefiting from the stability brought by self-distillation. This ingeniously exploits the temporal properties of SNNs and provides insight into how to efficiently train high-performance SNNs.","{""adversarial_core"": [""nability and overall performance of the SNN, while its adversarial robustness is also enhanced, benefiting from the stability brough""]}",{},https://openreview.net/pdf/4863bdf8657883af36b85fbdecc7342e9abdb506.pdf,https://openreview.net/forum?id=BrmR69AhUg,True,neurips2025_papers.json
cvpr2026_papers:4197,CVPR,2026,Taming the Long Tail: Rebalancing Adversarial Training via Adaptive Perturbation,5,C-Foundation,adversarial_core,"Deep neural networks are highly vulnerable to adversarial examples, i.e.,small perturbations that can significantly degrade model performance. While adversarial training has become the primary defense strategy, most studies focus on balanced datasets, overlooking the challenges posed by real-world long-tail data. Motivated by the fact that perturbations in adversarial examples inherently alter the training distribution, we theoretically investigate their impact. We first revisit adversarial training for long-tail data and identify two key limitations: (i) a skewed training objective caused by class imbalance, and (ii) unstable evolution of adversarial distributions. Furthermore, we show that perturbations can simultaneously address both adversarial vulnerability and class imbalance. Based on these insights, we propose Rebalanced Adversarial Intensity for Long-Tailed Data (RAIL), a plug-and-play framework that adaptively adjusts perturbations during adversarial training. Extensive experiments demonstrate that RAIL consistently enhances adversarial robustness and class-balance on long-tailed datasets.","{""adversarial_core"": [""Taming the Long Tail: Rebalancing Adversarial Training via Adaptive Perturbation Deep neural networks are hig""]}",{},https://openaccess.thecvf.com/content/CVPR2026/papers/Zhang_Taming_the_Long_Tail_Rebalancing_Adversarial_Training_via_Adaptive_Perturbation_CVPR_2026_paper.pdf,https://cvpr.thecvf.com/virtual/2026/poster/36264,True,cvpr2026_papers.json
neurips2025_papers:5174,NEURIPS,2025,The Cost of Robustness: Tighter Bounds on Parameter Complexity for Robust Memorization in ReLU Nets,5,C-Foundation,adversarial_core,"We study the parameter complexity of robust memorization for ReLU networks: the number of parameters required to interpolate any dataset with $\epsilon$-separation between differently labeled points, while ensuring predictions remain consistent within a $\mu$-ball around each training example. We establish upper and lower bounds on the parameter count as a function of the robustness ratio $\rho = \mu / \epsilon$. Unlike prior work, we provide a fine-grained analysis across the entire range $\rho \in (0,1)$ and obtain tighter upper and lower bounds that improve upon existing results. Our findings reveal that the parameter complexity of robust memorization matches that of non-robust memorization when $\rho$ is small, but grows with increasing $\rho$. As a special case, when the input dimension is comparable to or exceeds the dataset size, our bounds become tight (up to logarithmic factors) across the entire range of $\rho$.","{""adversarial_core"": [""tire range of $\\rho$. Robust memorization Memorization Adversarial training Parameter Complexity""]}",{},https://openreview.net/pdf/67021de451ba98cbb10a68f5660bb52fae246c0c.pdf,https://openreview.net/forum?id=Jsln9ZyMl4,True,neurips2025_papers.json
neurips2025_papers:1334,NEURIPS,2025,The Fluorescent Veil: A Stealthy and Effective Physical Adversarial Patch Against Traffic Sign Recognition,5,C-Foundation,adversarial_core,"Recently, traffic sign recognition (TSR) systems have become a prominent target for physical adversarial attacks. These attacks typically rely on conspicuous stickers and projections, or using invisible light and acoustic signals that can be easily blocked. In this paper, we introduce a novel attack medium, i.e., fluorescent ink, to design a stealthy and effective physical adversarial patch, namely FIPatch, to advance the state-of-the-art. Specifically, we first model the fluorescence effect in the digital domain to identify the optimal attack settings, which guide the real-world fluorescence parameters. By applying a carefully designed fluorescence perturbation to the target sign, the attacker can later trigger a fluorescent effect using invisible ultraviolet light, causing the TSR system to misclassify the sign and potentially leading to traffic accidents. We conducted a comprehensive evaluation to investigate the effectiveness of FIPatch, which shows a success rate of 98.31% in low-light conditions. Furthermore, our attack successfully bypasses five popular defenses and achieves a success rate of 96.72%.","{""adversarial_core"": [""R) systems have become a prominent target for physical adversarial attacks. These attacks typically rely on conspicuous stickers""]}",{},https://openreview.net/pdf/33679cf8bb7180a44e76664162e950dc7a5824ed.pdf,https://openreview.net/forum?id=Sv1b20eCnL,True,neurips2025_papers.json
neurips2025_papers:5279,NEURIPS,2025,"The Good, the Bad and the Ugly: Meta-Analysis of Watermarks, Transferable Attacks and Adversarial Defenses",5,C-Foundation,adversarial_core,"We formalize and analyze the trade-off between backdoor-based watermarks and adversarial defenses, framing it as an interactive protocol between a verifier and a prover. While previous works have primarily focused on this trade-off, our analysis extends it by identifying transferable attacks as a third, counterintuitive but necessary option. Our main result shows that for all learning tasks, at least one of the three exists: a _watermark_, an _adversarial defense_, or a _transferable attack_. By transferable attack, we refer to an efficient algorithm that generates queries indistinguishable from the data distribution and capable of fooling _all_ efficient defenders. Using cryptographic techniques, specifically fully homomorphic encryption, we construct a transferable attack and prove its necessity in this trade-off. Finally, we show that tasks of bounded VC-dimension allow adversarial defenses against all attackers, while a subclass allows watermarks secure against fast adversaries.","{""adversarial_core"": [""Meta-Analysis of Watermarks, Transferable Attacks and Adversarial Defenses We formalize and analyze the trade-off between backdoo""]}",{},https://openreview.net/pdf/a6c63ae8da02435dcd8434bb50bfb055c26faaf3.pdf,https://openreview.net/forum?id=NVDrWBwJTV,True,neurips2025_papers.json
iclr2026_papers:2228,ICLR,2026,Toward Complex-Valued Neural Networks for Waveform Generation,5,C-Foundation,adversarial_core,"Neural vocoders have recently advanced waveform generation, yielding natural and expressive audio. Among these approaches, iSTFT-based vocoders have recently gained attention. They predict a complex-valued spectrogram and then synthesize the waveform via iSTFT, thereby avoiding learned upsampling stages that can increase computational cost. However, current approaches use real-valued networks that process the real and imaginary parts independently. This separation limits their ability to capture the inherent structure of complex spectrograms. We present ComVo, a Complex-valued neural Vocoder whose generator and discriminator use native complex arithmetic. This enables an adversarial training framework that provides structured feedback in complex-valued representations. To guide phase transformations in a structured manner, we introduce phase quantization, which discretizes phase values and regularizes the training process. Finally, we propose a block-matrix computation scheme to improve training efficiency by reducing redundant operations. Experiments demonstrate that ComVo achieves higher synthesis quality than comparable real-valued baselines, and that its block-matrix scheme reduces training time by 25%. Audio samples and code are available at https://hs-oh-prml.github.io/ComVo/.","{""adversarial_core"": [""minator use native complex arithmetic. This enables an adversarial training framework that provides structured feedback in complex""]}",{},https://openreview.net/pdf/384b2099c377ccdbc46feb75203bd40b66fd233a.pdf,https://openreview.net/forum?id=U4GXPqm3Va,True,iclr2026_papers.json
icml2024_papers:2551,ICML,2024,Towards Efficient Training and Evaluation of Robust Models against $l_0$ Bounded Adversarial Perturbations,5,C-Foundation,adversarial_core,"This work studies sparse adversarial perturbations bounded by $l_0$ norm. We propose a white-box PGD-like attack method named sparse-PGD to effectively and efficiently generate such perturbations. Furthermore, we combine sparse-PGD with a black-box attack to comprehensively and more reliably evaluate the models’ robustness against $l_0$ bounded adversarial perturbations. Moreover, the efficiency of sparse-PGD enables us to conduct adversarial training to build robust models against sparse perturbations. Extensive experiments demonstrate that our proposed attack algorithm exhibits strong performance in different scenarios. More importantly, compared with other robust models, our adversarially trained model demonstrates state-of-the-art robustness against various sparse attacks. Codes are available at https://github.com/CityU-MLO/sPGD.","{""adversarial_core"": [""and Evaluation of Robust Models against $l_0$ Bounded Adversarial Perturbations This work studies sparse adversarial perturbations bou""]}",{},https://raw.githubusercontent.com/mlresearch/v235/main/assets/zhong24c/zhong24c.pdf,,True,icml2024_papers.json
icml2024_papers:1970,ICML,2024,Towards the Theory of Unsupervised Federated Learning: Non-asymptotic Analysis of Federated EM Algorithms,5,C-Foundation,adversarial_core,"While supervised federated learning approaches have enjoyed significant success, the domain of unsupervised federated learning remains relatively underexplored. Several federated EM algorithms have gained popularity in practice, however, their theoretical foundations are often lacking. In this paper, we first introduce a federated gradient EM algorithm (FedGrEM) designed for the unsupervised learning of mixture models, which supplements the existing federated EM algorithms by considering task heterogeneity and potential adversarial attacks. We present a comprehensive finite-sample theory that holds for general mixture models, then apply this general theory on specific statistical models to characterize the explicit estimation error of model parameters and mixture proportions. Our theory elucidates when and how FedGrEM outperforms local single-task learning with insights extending to existing federated EM algorithms. This bridges the gap between their practical success and theoretical understanding. Our numerical results validate our theory, and demonstrate FedGrEM’s superiority over existing unsupervised federated learning benchmarks.","{""adversarial_core"": [""rithms by considering task heterogeneity and potential adversarial attacks. We present a comprehensive finite-sample theory that""]}",{},https://raw.githubusercontent.com/mlresearch/v235/main/assets/tian24e/tian24e.pdf,,True,icml2024_papers.json
iclr2026_papers:8915,ICLR,2026,Training Transformers with Enforced Lipschitz Bounds,5,C-Foundation,adversarial_core,"Neural networks are often highly sensitive to input and weight perturbations. This sensitivity has been linked to pathologies such as vulnerability to adversarial examples, divergent training, and overfitting. To combat these problems, past research has looked at building neural networks entirely from Lipschitz components. However, these techniques have not matured to the point where researchers have trained a modern architecture such as a transformer with a Lipschitz certificate enforced beyond initialization. To explore this gap, we begin by developing and benchmarking novel, computationally-efficient tools for maintaining norm-constrained weight matrices. Applying these tools, we are able to train transformer models with Lipschitz bounds enforced throughout training. We find that optimizer dynamics matter: switching from AdamW to Muon improves standard methods---weight decay and spectral normalization---allowing models to reach equal performance with a lower Lipschitz bound. Inspired by Muon's update having a fixed spectral norm, we co-design a weight constraint method that improves the Lipschitz vs. performance tradeoff on MLPs and 2M parameter transformers. Our <=2-Lipschitz transformer on Shakespeare text reaches validation accuracy 60%. Scaling to 140M parameters, our <=10-Lipschitz transformer reaches 21% accuracy on internet text. When matching the NanoGPT baseline accuracy of 37.4%, our Lipschitz-bounded network achieves a maximum activation norm of 112, compared to about 1,872 for the unconstrained network. Our Lipschitz transformers train without stability measures, such as layer norm, QK norm, and logit tanh softcapping.","{""adversarial_core"": [""as been linked to pathologies such as vulnerability to adversarial examples, divergent training, and overfitting. To combat these""]}",{},https://openreview.net/pdf/895825815a6b15bd7ef50a36b0d2703836aac837.pdf,https://openreview.net/forum?id=GKr4GKrn6o,True,iclr2026_papers.json
iclr2026_papers:3390,ICLR,2026,TriQDef: Disrupting Semantic and Gradient Alignment to Prevent Adversarial Patch Transferability in Quantized Neural Networks,5,C-Foundation,adversarial_core;classification_context;vision_context,"Quantized Neural Networks (QNNs) are widely deployed in edge and resource-constrained environments for their efficiency in computation and memory. While quantization distorts gradient landscapes and weakens pixel-level attacks, it offers limited robustness against patch-based adversarial attacks—localized, high-saliency perturbations that remain highly transferable across bit-widths. Existing defenses either overfit to specific quantization settings or fail to address this cross-bit vulnerability. We propose \textbf{TriQDef}, a tri-level quantization-aware defense framework that disrupts the transferability of patch-based attacks across QNNs. TriQDef integrates: (1) a \emph{Feature Disalignment Penalty (FDP)} that enforces semantic inconsistency by penalizing perceptual similarity in intermediate features; (2) a \emph{Gradient Perceptual Dissonance Penalty (GPDP)} that misaligns input gradients across quantization levels using structural metrics such as Edge IoU and HOG Cosine; and (3) a \emph{Joint Quantization-Aware Training Protocol} that applies these penalties within a \emph{shared backbone} jointly optimized across multiple quantizers. Extensive experiments on CIFAR-10 and ImageNet show that TriQDef lowers Attack Success Rates (ASR) by over 40\% on unseen patch and quantization combinations while preserving high clean accuracy. These results highlight the importance of disrupting both semantic and perceptual gradient alignment to mitigate patch transferability in QNNs.","{""adversarial_core"": [""acks, it offers limited robustness against patch-based adversarial attacks—localized, high-saliency perturbations that remain hig""], ""vision_context"": [""quantization distorts gradient landscapes and weakens pixel-level attacks, it offers limited robustness against pa"", ""d across multiple quantizers. Extensive experiments on CIFAR-10 and ImageNet show that TriQDef lowers Attack Success R"", ""iple quantizers. Extensive experiments on CIFAR-10 and ImageNet show that TriQDef lowers Attack Success Rates (ASR) by""], ""classification_context"": [""d across multiple quantizers. Extensive experiments on CIFAR-10 and ImageNet show that TriQDef lowers Attack Success R"", ""iple quantizers. Extensive experiments on CIFAR-10 and ImageNet show that TriQDef lowers Attack Success Rates (ASR) by""]}","{""weight_quantization_only"": [""QNNs. Patch-based attacks adversarial transferability model quantization"", ""such as Edge IoU and HOG Cosine; and (3) a \\emph{Joint Quantization-Aware Training Protocol} that applies these penalties within a \\emph{""]}",https://openreview.net/pdf/a30984b249ce68fc91380d7b40d3efbce9000c90.pdf,https://openreview.net/forum?id=acQP99PU8y,True,iclr2026_papers.json
icml2024_papers:558,ICML,2024,Trustworthy Actionable Perturbations,5,C-Foundation,adversarial_core,"Counterfactuals, or modified inputs that lead to a different outcome, are an important tool for understanding the logic used by machine learning classifiers and how to change an undesirable classification. Even if a counterfactual changes a classifier’s decision, however, it may not affect the true underlying class probabilities, i.e. the counterfactual may act like an adversarial attack and “fool” the classifier. We propose a new framework for creating modified inputs that change the true underlying probabilities in a beneficial way which we callTrustworthy Actionable Perturbations(TAP). This includes a novel verification procedure to ensure that TAP change the true class probabilities instead of acting adversarially. Our framework also includes new cost, reward, and goal definitions that are better suited to effectuating change in the real world. We present PAC-learnability results for our verification procedure and theoretically analyze our new method for measuring reward. We also develop a methodology for creating TAP and compare our results to those achieved by previous counterfactual methods.","{""adversarial_core"": [""probabilities, i.e. the counterfactual may act like an adversarial attack and “fool” the classifier. We propose a new framework""]}",{},https://raw.githubusercontent.com/mlresearch/v235/main/assets/friedbaum24a/friedbaum24a.pdf,,True,icml2024_papers.json
icml2024_papers:742,ICML,2024,Two Tales of Single-Phase Contrastive Hebbian Learning,5,C-Foundation,adversarial_core,"The search for ""biologically plausible"" learning algorithms has converged on the idea of representing gradients as activity differences. However, most approaches require a high degree of synchronization (distinct phases during learning) and introduce substantial computational overhead, which raises doubts regarding their biological plausibility as well as their potential utility for neuromorphic computing. Furthermore, they commonly rely on applying infinitesimal perturbations (nudges) to output units, which is impractical in noisy environments. Recently it has been shown that by modelling artificial neurons as dyads with two oppositely nudged compartments, it is possible for a fully local learning algorithm named “dual propagation” to bridge the performance gap to backpropagation, without requiring separate learning phases or infinitesimal nudging. However, the algorithm has the drawback that its numerical stability relies on symmetric nudging, which may be restrictive in biological and analog implementations. In this work we first provide a solid foundation for the objective underlying the dual propagation method, which also reveals a surpising connection with adversarial robustness. Second, we demonstrate how dual propagation is related to a particular adjoint state method, which is stable regardless of asymmetric nudging.","{""adversarial_core"": [""method, which also reveals a surpising connection with adversarial robustness. Second, we demonstrate how dual propagation is relate""]}",{},https://raw.githubusercontent.com/mlresearch/v235/main/assets/hoier24a/hoier24a.pdf,,True,icml2024_papers.json
neurips2025_papers:3535,NEURIPS,2025,Understanding and Improving Fast Adversarial Training against $l_0$ Bounded Perturbations,5,C-Foundation,adversarial_core,"This work studies fast adversarial training against sparse adversarial perturbations bounded by $l_0$ norm. We first demonstrate the unique challenges of employing $1$-step attacks on $l_0$ bounded perturbations, especially catastrophic overfitting (CO) that cannnot be properly addressed by existing fast adversarial training method for other $l_p$ norms ($p \geq 1$). We highlight that CO in $l_0$ adversarial training arises from sub-optimal perturbation locations of $1$-step attack. Some strategies like multi-$\epsilon$ can mitigate this sub-optimality to some extent, they lead to unstable training in turn. Theoretical and numerical analyses also reveal that the loss landscape of $l_0$ adversarial training is more craggy than its $l_\infty$, $l_2$ and $l_1$ counterparts, which exaggerates CO. To address this issue, we adopt soft labels and the trade-off loss function to smooth the adversarial loss landscape. Extensive experiments demonstrate our method can overcome the challenge of CO, achieve state-of-the-art performance, and narrow the performance gap between $1$-step and multi-step adversarial training against sparse attacks.","{""adversarial_core"": [""Understanding and Improving Fast Adversarial Training against $l_0$ Bounded Perturbations This work studies""]}",{},https://openreview.net/pdf/e742e8229f3f7975fe08a28ade1634b40f9dc934.pdf,https://openreview.net/forum?id=YOv9CANvDv,True,neurips2025_papers.json
icml2025_papers:2872,ICML,2025,Understanding Model Ensemble in Transferable Adversarial Attack,5,C-Foundation,adversarial_core,"Model ensemble adversarial attack has become a powerful method for generating transferable adversarial examples that can target even unknown models, but its theoretical foundation remains underexplored. To address this gap, we provide early theoretical insights that serve as a roadmap for advancing model ensemble adversarial attack. We first define transferability error to measure the error in adversarial transferability, alongside concepts of diversity and empirical model ensemble Rademacher complexity. We then decompose the transferability error into vulnerability, diversity, and a constant, which rigidly explains the origin of transferability error in model ensemble attack: the vulnerability of an adversarial example to ensemble components, and the diversity of ensemble components. Furthermore, we apply the latest mathematical tools in information theory to bound the transferability error using complexity and generalization terms, validating three practical guidelines for reducing transferability error: (1) incorporating more surrogate models, (2) increasing their diversity, and (3) reducing their complexity in cases of overfitting. Finally, extensive experiments with 54 models validate our theoretical framework, representing a significant step forward in understanding transferable model ensemble adversarial attacks.","{""adversarial_core"": [""Understanding Model Ensemble in Transferable Adversarial Attack Model ensemble adversarial attack has become a powerfu""]}",{},https://raw.githubusercontent.com/mlresearch/v267/main/assets/yao25f/yao25f.pdf,,True,icml2025_papers.json
iclr2026_papers:2433,ICLR,2026,Understanding Sensitivity of Differential Attention through the Lens of Adversarial Robustness,5,C-Foundation,adversarial_core,"Differential Attention (DA) has been proposed as a refinement to standard attention, suppressing redundant or noisy context through a subtractive structure and thereby reducing contextual hallucination. While this design sharpens task-relevant focus, we show that it also introduces a structural fragility under adversarial perturbations. Our theoretical analysis identifies negative gradient alignment—a configuration encouraged by DA’s subtraction—as the key driver of sensitivity amplification, leading to increased gradient norms and elevated local Lipschitz constants. We empirically validate this Fragile Principle through systematic experiments on ViT/DiffViT and evaluations of pretrained CLIP/DiffCLIP, spanning five datasets in total. These results demonstrate higher attack success rates, frequent gradient opposition, and stronger local sensitivity compared to standard attention. Furthermore, depth-dependent experiments reveal a robustness crossover: stacking DA layers attenuates small perturbations via depth-dependent noise cancellation, though this protection fades under larger attack budgets. Overall, our findings uncover a fundamental trade-off: DA improves discriminative focus on clean inputs but increases adversarial vulnerability, underscoring the need to jointly design for selectivity and robustness in future attention mechanisms.","{""adversarial_core"": [""sitivity of Differential Attention through the Lens of Adversarial Robustness Differential Attention (DA) has been proposed as a ref""]}",{},https://openreview.net/pdf/c9a010827a1a0a06b31296ac621d5c16940589c9.pdf,https://openreview.net/forum?id=kwy0cKmTm3,True,iclr2026_papers.json
icml2024_papers:2231,ICML,2024,Uniformly Stable Algorithms for Adversarial Training and Beyond,5,C-Foundation,adversarial_core,"In adversarial machine learning, neural networks suffer from a significant issue known as robust overfitting, where the robust test accuracy decreases over epochs (Rice et al., 2020). Recent research conducted by Xing et al., 2021;Xiao et al., 2022 has focused on studying the uniform stability of adversarial training. Their investigations revealed that SGD-based adversarial training fails to exhibit uniform stability, and the derived stability bounds align with the observed phenomenon of robust overfitting in experiments. This finding motivates us to develop uniformly stable algorithms specifically tailored for adversarial training. To this aim, we introduce Moreau envelope-$\mathcal{A}$ (ME-$\mathcal{A}$), a variant of the Moreau Envelope-type algorithm. We employ a Moreau envelope function to reframe the original problem as a min-min problem, separating the non-strong convexity and non-smoothness of the adversarial loss. Then, this approach alternates between solving the inner and outer minimization problems to achieve uniform stability without incurring additional computational overhead. In practical scenarios, we demonstrate the efficacy of ME-$\mathcal{A}$ in mitigating the issue of robust overfitting. Beyond its application in adversarial training, this represents a fundamental result in uniform stability analysis, as ME-$\mathcal{A}$ is the first algorithm to exhibit uniform stability for weakly-convex, non-smooth problems.","{""adversarial_core"": [""Uniformly Stable Algorithms for Adversarial Training and Beyond In adversarial machine learning, neural net""]}",{},https://raw.githubusercontent.com/mlresearch/v235/main/assets/xiao24e/xiao24e.pdf,,True,icml2024_papers.json
cvpr2026_papers:1304,CVPR,2026,UniGame: Turning a Unified Multimodal Model Into Its Own Adversary,5,C-Foundation,adversarial_core,"Unified Multimodal Models (UMMs) have shown impressive performance in both understanding and generation with a single architecture. However, UMMs still exhibit a fundamental inconsistency: understanding favors compact embeddings, whereas generation favors reconstruction-rich representations. This structural trade-off produces misaligned decision boundaries, degraded cross-modal coherence, and heightened vulnerability under distributional and adversarial shifts. In this paper, we present UniGame, a self-adversarial post-training framework that directly targets the inconsistencies. By applying a lightweight perturber at the shared token interface, UniGame enables the generation branch to actively seek and challenge fragile understanding, turning the model itself into its own adversary. Experiments demonstrate that UniGame significantly improves the consistency (+4.6%). Moreover, it also achieves substantial improvements in understanding (+3.6%), generation (+0.02), out-of-distribution and adversarial robustness (+4.8% and +6.2% on NaturalBench and AdVQA). The framework is architecture-agnostic, introduces <1% additional parameters, and is complementary to existing post-training methods. These results position adversarial self-play as a general and effective principle for enhancing the coherence, stability, and unified competence of future multimodal foundation models.","{""adversarial_core"": [""g (+3.6%), generation (+0.02), out-of-distribution and adversarial robustness (+4.8% and +6.2% on NaturalBench and AdVQA). The frame""]}",{},https://openaccess.thecvf.com/content/CVPR2026/papers/Su_UniGame_Turning_a_Unified_Multimodal_Model_Into_Its_Own_Adversary_CVPR_2026_paper.pdf,https://cvpr.thecvf.com/virtual/2026/poster/37078,True,cvpr2026_papers.json
iclr2026_papers:622,ICLR,2026,Universal Inverse Distillation for Matching Models with Real-Data Supervision (No GANs),5,C-Foundation,adversarial_core,"While achieving exceptional generative quality, modern diffusion, flow, and other matching models suffer from slow inference, as they require many steps of iterative generation. Recent distillation methods address this problem by training efficient one-step generators under the guidance of a pre-trained teacher model. However, these methods are often constrained to only one specific framework, e.g., only to diffusion or only to flow models. Furthermore, these methods are originally data-free, and to benefit from the usage of real data, it is required to use an additional complex adversarial training with an extra discriminator model. In this paper, we present **RealUID**, a universal distillation framework for all matching models that seamlessly incorporates real data into the distillation procedure without GANs. Our **RealUID** approach offers a simple theoretical foundation that covers previous distillation methods for Flow Matching and Diffusion models, and can be also extended to their modifications, such as Bridge Matching and Stochastic Interpolants. The code can be found in https://github.com/David-cripto/RealUID.","{""adversarial_core"": [""real data, it is required to use an additional complex adversarial training with an extra discriminator model. In this paper, we p""]}",{},https://openreview.net/pdf/02e507d79bba8fc1afc7e840aa03e8685f9aabbe.pdf,https://openreview.net/forum?id=8NuN5UzXLC,True,iclr2026_papers.json
icml2024_papers:113,ICML,2024,VNN: Verification-Friendly Neural Networks with Hard Robustness Guarantees,5,C-Foundation,adversarial_core,"Machine learning techniques often lack formal correctness guarantees, evidenced by the widespread adversarial examples that plague most deep-learning applications. This lack of formal guarantees resulted in several research efforts that aim at verifying Deep Neural Networks (DNNs), with a particular focus on safety-critical applications. However, formal verification techniques still face major scalability and precision challenges. The over-approximation introduced during the formal verification process to tackle the scalability challenge often results in inconclusive analysis. To address this challenge, we propose a novel framework to generate Verification-Friendly Neural Networks (VNNs). We present a post-training optimization framework to achieve a balance between preserving prediction performance and verification-friendliness. Our proposed framework results in VNNs that are comparable to the original DNNs in terms of prediction performance, while amenable to formal verification techniques. This essentially enables us to establish robustness for more VNNs than their DNN counterparts, in a time-efficient manner.","{""adversarial_core"": [""al correctness guarantees, evidenced by the widespread adversarial examples that plague most deep-learning applications. This lack""]}",{},https://raw.githubusercontent.com/mlresearch/v235/main/assets/baninajjar24a/baninajjar24a.pdf,,True,icml2024_papers.json
icml2025_papers:923,ICML,2025,When Data-Free Knowledge Distillation Meets Non-Transferable Teacher: Escaping Out-of-Distribution Trap is All You Need,5,C-Foundation,adversarial_core,"Data-free knowledge distillation (DFKD) transfers knowledge from a teacher to a student without access the real in-distribution (ID) data. Its common solution is to use a generator to synthesize fake data and use them as a substitute for real ID data. However, existing works typically assume teachers are trustworthy, leaving the robustness and security of DFKD from untrusted teachers largely unexplored. In this work, we conduct the first investigation into distilling non-transferable learning (NTL) teachers using DFKD, where the transferability from an ID domain to an out-of-distribution (OOD) domain is prohibited. We find that NTL teachers fool DFKD through divert the generator’s attention from the useful ID knowledge to the misleading OOD knowledge. This hinders ID knowledge transfer but prioritizes OOD knowledge transfer. To mitigate this issue, we propose Adversarial Trap Escaping (ATEsc) to benefit DFKD by identifying and filtering out OOD-like synthetic samples. Specifically, inspired by the evidence that NTL teachers show stronger adversarial robustness on OOD samples than ID samples, we split synthetic samples into two groups according to their robustness. The fragile group is treated as ID-like data and used for normal knowledge distillation, while the robust group is seen as OOD-like data and utilized for forgetting OOD knowledge. Extensive experiments demonstrate the effectiveness of ATEsc for improving DFKD against NTL teachers.","{""adversarial_core"": [""spired by the evidence that NTL teachers show stronger adversarial robustness on OOD samples than ID samples, we split synthetic sam""]}",{},https://raw.githubusercontent.com/mlresearch/v267/main/assets/hong25a/hong25a.pdf,,True,icml2025_papers.json
iclr2026_papers:1672,ICLR,2026,When Flatness Does (Not) Guarantee Adversarial Robustness,5,C-Foundation,adversarial_core,"Despite their empirical success, neural networks remain vulnerable to small, adversarial perturbations. A longstanding hypothesis suggests that flat minima, regions of low curvature in the loss landscape, offer increased robustness. While intuitive, this connection has remained largely informal and incomplete. By rigorously formalizing the relationship, we show this intuition is only partially correct: flatness implies *local* but not *global* adversarial robustness. To arrive at this result, we first derive a closed-form expression for relative flatness in the penultimate layer, and then show we can use this to constrain the variation of the loss in input space. This allows us to formally analyze the adversarial robustness of the entire network. We then show that to maintain robustness beyond a local neighborhood, the loss needs to curve *sharply* away from the data manifold. We validate our theoretical predictions empirically across architectures and datasets, uncovering the geometric structure that governs adversarial vulnerability, and linking flatness to model confidence: adversarial examples often lie in large, flat regions where the model is confidently wrong. Our results challenge simplified views of flatness and provide a nuanced understanding of its role in robustness.","{""adversarial_core"": [""When Flatness Does (Not) Guarantee Adversarial Robustness Despite their empirical success, neural networks remai""]}",{},https://openreview.net/pdf/87bc128bb9b3e4359838ef8d113775283e0ab4e9.pdf,https://openreview.net/forum?id=sptCQnKS9X,True,iclr2026_papers.json
cvpr2026_papers:1503,CVPR,2026,When Interpretability Becomes a Liability: Adversarial Attacks on CBM Concept Layers,5,C-Foundation,adversarial_core,,"{""adversarial_core"": [""When Interpretability Becomes a Liability: Adversarial Attacks on CBM Concept Layers""]}",{},,https://cvpr.thecvf.com/virtual/2026/poster/40595,False,cvpr2026_papers.json
iclr2026_papers:7626,ICLR,2026,When Less Is More: Uncovering the Robustness Advantage of Model Pruning,5,C-Foundation,adversarial_core,"The interplay between neural network pruning, a widely adopted approach for model compression, and adversarial robustness has garnered increasing attention. However, most existing work focuses on empirical findings, with limited theoretical grounding. In this paper, we address this gap by providing a theoretical analysis of how pruning influences adversarial robustness. We first show that the pruning strategy and associated parameters play a critical role in determining the robustness of the resulting pruned model. We then examine how these choices affect the optimality of pruning in terms of maintaining performance relative to the original model. Building on these results, we formalize the inherent trade-off between clean accuracy and adversarial robustness introduced by pruning, emphasizing the importance of balancing these competing objectives. Finally, we empirically validate our theoretical insights on different models and datasets, reinforcing our novel understanding of the adversarial implications of pruning. Our findings offer a principled foundation for designing pruning strategies that not only achieve model compression but also enhance robustness without additional constraints or cost, yielding a ``free-lunch'' benefit.","{""adversarial_core"": ["", a widely adopted approach for model compression, and adversarial robustness has garnered increasing attention. However, most exist""]}",{},https://openreview.net/pdf/c5e31016e745e955bc0a7d86df3ec4850aaf8018.pdf,https://openreview.net/forum?id=JfU0pqSzBu,True,iclr2026_papers.json
iclr2026_papers:9071,ICLR,2026,Why Variance Reduction Hurts Noisy Zeroth-Order Hard-Thresholding?,5,C-Foundation,adversarial_core,"The hard-thresholding gradient descent approach is a primary method for solving $\ell_0$-constrained optimization problems to achieve sparsity. In the black-box setting, where only function outputs are accessible, recent work has introduced stochastic and variance-reduced zeroth-order hard-thresholding algorithms to establish both algorithmic and theoretical feasibility, specifically addressing the inherent conflict between zeroth-order and hard-thresholding. However, in practice, function outputs often contain noise, which exacerbates their conflict and undermines the robustness of these algorithms' guarantees. In this work, we investigate the performance for noisy zeroth-order hard-thresholding algorithms, providing convergence analysis for its stochastic version. Furthermore, we theoretically demonstrate the zeroth-order hard-thresholding variance reduction algorithms leveraging historical gradients inherently lowers the tolerable noise upper bound. Contrary to usual presumptions, our findings reveal that variance reduction techniques fail to enhance performance in this setting and even lead to worse feasibility compared to simpler methods without such techniques. These theoretical insights are validated through experiments on a sparse regression problem, black-box adversarial attacks, and biological gene expression.","{""adversarial_core"": [""experiments on a sparse regression problem, black-box adversarial attacks, and biological gene expression. hard-thresholding zer""]}",{},https://openreview.net/pdf/dd735bdeb38f78af219f4e2ec66562858afba2d1.pdf,https://openreview.net/forum?id=E5NwyihhEc,True,iclr2026_papers.json
iclr2026_papers:970,ICLR,2026,Zero-Sacrifice Persistent-Robustness Adversarial Defense for Pre-Trained Encoders,5,C-Foundation,adversarial_core,"The widespread use of publicly available pre-trained encoders from self-supervised learning (SSL) has exposed a critical vulnerability: their susceptibility to downstream-agnostic adversarial examples (DAEs), which are crafted without knowledge of the downstream tasks but capable of misleading downstream models. While several defense methods have been explored recently, they rely primarily on task-specific adversarial fine-tuning, which inevitably limits generalizability and causes catastrophic forgetting and deteriorates benign performance. Different with previous works, we propose a more rigorous defense goal that requires only a single tuning for diverse downstream tasks to defend against DAEs and preserve benign performance. To achieve this defense goal, we introduce **Ze**ro-Sacrifice **P**ersistent-Robustness **A**dversarial **D**efense (**ZePAD**), which is inspired by the inherent sensitivity of neural networks to data characteristics. Specifically, ZePAD is a dual-branch structure, which consists of a Multi-Pattern Adversarial Enhancement Branch (MPAE-Branch) that uses two adversarially fine-tuned encoders to strengthen adversarial resistance. The Benign Memory Preservation Branch (BMP-Branch) is trained on local data to ensure adversarial robustness does not compromise benign performance. Surprisingly, we find that ZePAD can directly detect DAEs by evaluating branch confidence, without introducing any adversarial exsample identification task during training. Notably, by enriching feature diversity, our method enables a single adversarial fine-tuning to defend against DAEs across downstream tasks, thereby achieving persistent robustness. Extensive experiments on 11 SSL methods and 6 datasets validate its effectiveness. In certain cases, it achieves a 29.20\% improvement in benign performance and a 73.86\% gain in adversarial robustness, highlighting its zero-sacrifice property.","{""adversarial_core"": [""Zero-Sacrifice Persistent-Robustness Adversarial Defense for Pre-Trained Encoders The widespread use of publicl""]}",{},https://openreview.net/pdf/ba774681cca09489e9bc0648dcbd3dd09123a28a.pdf,https://openreview.net/forum?id=AYFUmgCpkB,True,iclr2026_papers.json
