paper_id,venue,year,title,score,tier,matched_groups,abstract,evidence,penalties,pdf,url,has_abstract,source_file
cvpr2026_papers:1209,CVPR,2026,No Way To Steal My Face: Proactive Defense Against Identity-Preserving Personalized Generation,14,B-Method,adaptive_evaluation;adversarial_core;vision_context,"Recent advances in diffusion models have enabled high-fidelity, identity-preserving image generation for personalized applications such as digital avatars and virtual try-on systems. However, their reliance on sensitive facial reference images raises growing privacy concerns. Existing defense mechanisms are primarily designed for training-based personalization and struggle to generalize to emerging training-free approaches, due to fundamental differences in their identity integration paradigms. To bridge this gap, we propose $\textbf{IDGuardian}$—the first generalizable and model-agnostic identity protection framework capable of defending against both training-based and training-free personalization methods. IDGuardian abstracts the personalization process into two critical stages: identity extraction and identity injection. It then introduces crafted adversarial perturbations to simultaneously disrupt both stages. Specifically, it degrades the identity features extracted by external encoders and establishes an adversarial conceptual bridge that misdirects the generative trajectory away from the target identity. Extensive experiments show that IDGuardian effectively protects identity across various personalization pipelines and model architectures, while remaining robust to post-processing, adaptive attacks, and cross-dataset generalization.","{""adversarial_core"": [""ion and identity injection. It then introduces crafted adversarial perturbations to simultaneously disrupt both stages. Specifically, i""], ""adaptive_evaluation"": [""hitectures, while remaining robust to post-processing, adaptive attacks, and cross-dataset generalization.""], ""vision_context"": [""models have enabled high-fidelity, identity-preserving image generation for personalized applications such as digit""]}",{},https://openaccess.thecvf.com/content/CVPR2026/papers/Xiong_No_Way_To_Steal_My_Face_Proactive_Defense_Against_Identity-Preserving_CVPR_2026_paper.pdf,https://cvpr.thecvf.com/virtual/2026/poster/38095,True,cvpr2026_papers.json
cvpr2026_papers:4116,CVPR,2026,RemedyGS: Defend 3D Gaussian Splatting Against Computation Cost Attacks,14,B-Method,adaptive_evaluation;adversarial_core;vision_context,"As a mainstream technique for 3D reconstruction, 3D Gaussian splatting (3DGS) has been applied in a wide range of applications and services. Recent studies have revealed critical vulnerabilities in this pipeline and introduced computation cost attacks that lead to malicious resource occupancies and even denial-of-service (DoS) conditions, thereby hindering the reliable deployment of 3DGS. In this paper, we propose the first effective and comprehensive black-box defense framework, named RemedyGS, against such computation cost attacks, safeguarding 3DGS reconstruction systems and services. Our pipeline comprises two key components: a detector to identify the attacked input images with poisoned textures and a purifier to recover the benign images from their attacked counterparts, mitigating the adverse effects of these attacks. Moreover, we incorporate adversarial training into the purifier to enforce distributional alignment between the recovered and original natural images, thereby enhancing the defense efficacy. Experimental results demonstrate that our framework effectively defends against white-box, black-box, and adaptive attacks in 3DGS systems, achieving state-of-the-art performance in both safety and utility.","{""adversarial_core"": [""rse effects of these attacks. Moreover, we incorporate adversarial training into the purifier to enforce distributional alignment""], ""adaptive_evaluation"": [""effectively defends against white-box, black-box, and adaptive attacks in 3DGS systems, achieving state-of-the-art performanc""], ""vision_context"": [""components: a detector to identify the attacked input images with poisoned textures and a purifier to recover the b""]}",{},https://openaccess.thecvf.com/content/CVPR2026/papers/Li_RemedyGS_Defend_3D_Gaussian_Splatting_Against_Computation_Cost_Attacks_CVPR_2026_paper.pdf,https://cvpr.thecvf.com/virtual/2026/poster/37630,True,cvpr2026_papers.json
cvpr2026_papers:284,CVPR,2026,A Combination of Noise and Bilateral Filters Achieve Supralinear and Scalable Adversarial Robustness in CNNs,13,B-Method,adversarial_core;classification_context;evaluation_protocol;vision_context,"The vulnerability of deep neural networks to adversarial examples poses a significant challenge for real-world deployment. Existing techniques to enhance deep network robustness rely on adversarial training, an approach that is powerful but computationally intensive and typically tailored to specific attack types. To address these limitations, existing works have explored techniques such as adding gaussian noise or filtering images, both of which can boost the network robustness to various adversarial attacks, albeit modestly. Here, we theoretically demonstrate that these two approaches enhance robustness against adversarial attacks through complementary mechanisms, resulting in supralinear robustness when combined.Building on this insight, we experimentally show that a simple preprocessor combining Gaussian noise and bilateral filtering yields supralinear improvements in adversarial robustness with minimal computational cost. Next, we combine our preprocessor with adversarial training and test on RobustBench to assess its supralinear improvement over state-of-the-art defenses. First, this combination ranks second on AutoAttack and third overall, while using only $\sim$35\% of the training FLOPs, using a model with 50\% less parametets, trained with $\sim$33\% of the epochs and $\sim$15\% the data compared to state-of-the-art defenses. Second, our method scales efficiently, matching the accuracy of competing models with roughly 2–8× less total compute across $\sim$3 orders of magnitude. Overall, our approach provides a principled and easily integrable framework for enhancing adversarial robustness, offering negligible computational overhead and a simple yet theoretically grounded design.","{""adversarial_core"": [""and Bilateral Filters Achieve Supralinear and Scalable Adversarial Robustness in CNNs The vulnerability of deep neural networks to a"", ""etically demonstrate that these two approaches enhance robustness against adversarial attacks through complementary mechanisms, resulting in"", ""-art defenses. First, this combination ranks second on AutoAttack and third overall, while using only $\\sim$35\\% of the""], ""evaluation_protocol"": [""-art defenses. First, this combination ranks second on AutoAttack and third overall, while using only $\\sim$35\\% of the"", ""our preprocessor with adversarial training and test on RobustBench to assess its supralinear improvement over state-of-th""], ""vision_context"": [""techniques such as adding gaussian noise or filtering images, both of which can boost the network robustness to var""], ""classification_context"": [""eve Supralinear and Scalable Adversarial Robustness in CNNs The vulnerability of deep neural networks to adversari""]}",{},https://openaccess.thecvf.com/content/CVPR2026/papers/Stalder_A_Combination_of_Noise_and_Bilateral_Filters_Achieve_Supralinear_and_CVPR_2026_paper.pdf,https://cvpr.thecvf.com/virtual/2026/poster/37609,True,cvpr2026_papers.json
cvpr2026_papers:506,CVPR,2026,Learning Mutual View Information Graph for Adaptive Adversarial Collaborative Perception,13,B-Method,adaptive_evaluation;adversarial_core,"Collaborative perception (CP) enables data sharing among connected and autonomous vehicles (CAVs) to enhance driving safety. However, CP systems are vulnerable to adversarial attacks where malicious agents forge false objects via feature-level perturbations. Current defensive systems use threshold-based consensus verification by comparing collaborative and ego detection results. Yet, these defenses remain vulnerable to more sophisticated attack strategies that could exploit two critical weaknesses: (i) lack of robustness against attacks with systematic timing and target region optimization, and (ii) inadvertent disclosure of vulnerability knowledge through implicit confidence information in shared collaboration data. In this paper, we propose MVIG attack, a novel adaptive adversarial CP framework learning to capture vulnerability knowledge disclosed by different defensive CP systems from a unified mutual view information graph (MVIG) representation. Our approach combines MVIG representation with temporal graph learning to generate evolving fabrication risk maps and employs entropy-aware vulnerability search to optimize attack location, timing and persistence, enabling adaptive attacks with generalizability across various defensive configurations. Extensive evaluations on OPV2V and Adv-OPV2V datasets demonstrate that MVIG attack reduces defense success rates by up to 62\% against state-of-the-art defenses while achieving 47\% lower detection for persistent attacks at 29.9 FPS, exposing critical security gaps in CP systems.","{""adversarial_core"": [""driving safety. However, CP systems are vulnerable to adversarial attacks where malicious agents forge false objects via feature""], ""adaptive_evaluation"": [""mize attack location, timing and persistence, enabling adaptive attacks with generalizability across various defensive configu""]}",{},https://openaccess.thecvf.com/content/CVPR2026/papers/Tao_Learning_Mutual_View_Information_Graph_for_Adaptive_Adversarial_Collaborative_Perception_CVPR_2026_paper.pdf,https://cvpr.thecvf.com/virtual/2026/poster/37883,True,cvpr2026_papers.json
cvpr2026_papers:887,CVPR,2026,Towards Highly Transferable Vision-Language Attack via Semantic-Augmented Dynamic Contrastive Interaction,13,A-Core,adversarial_core;input_transform_compression;vision_context,"With the rapid advancement and widespread application of vision-language pre-training (VLP) models, their vulnerability to adversarial attacks has become a critical concern. In general, the adversarial examples can typically be designed to exhibit transferable power, attacking not only different models but also across diverse tasks.However, existing attacks on language-vision models mainly rely on static cross-modal interactions and focus solely on disrupting positive image-text pairs, resulting in limited cross-modal disruption and poor transferability.To address this issue, we propose a Semantic-Augmented Dynamic Contrastive Attack (SADCA) that enhances adversarial transferability through progressive and semantically guided perturbation.SADCA progressively disrupts cross-modal alignment through dynamic interactions between adversarial images and texts.This is accomplished by SADCA establishing a contrastive learning mechanism involving adversarial, positive and negative samples, to reinforce the semantic inconsistency of the obtained perturbations.Moreover, we empirically find that input transformations commonly used in traditional transfer-based attacks also benefit VLPs, which motivates a semantic augmentation module that increases the diversity and generalization of adversarial examples.Extensive experiments on multiple datasets and models demonstrate that SADCA significantly improves adversarial transferability and consistently surpasses state-of-the-art methods.The code will be released here.","{""adversarial_core"": [""uage pre-training (VLP) models, their vulnerability to adversarial attacks has become a critical concern. In general, the adversa""], ""input_transform_compression"": [""ained perturbations.Moreover, we empirically find that input transformations commonly used in traditional transfer-based attacks al""], ""vision_context"": [""l interactions and focus solely on disrupting positive image-text pairs, resulting in limited cross-modal disruptio"", ""Towards Highly Transferable Vision-Language Attack via Semantic-Augmented Dynamic Contras""]}",{},https://openaccess.thecvf.com/content/CVPR2026/papers/Li_Towards_Highly_Transferable_Vision-Language_Attack_via_Semantic-Augmented_Dynamic_Contrastive_Interaction_CVPR_2026_paper.pdf,https://cvpr.thecvf.com/virtual/2026/poster/38724,True,cvpr2026_papers.json
cvpr2026_papers:1037,CVPR,2026,Robustness Under Data Scarcity: Few-Shot Continual Adversarial Training for Evolving Threats,11,C-Foundation,adversarial_core;classification_context;vision_context,"Deep learning models remain highly vulnerable to evolving adversarial attacks. While existing continual adversarial training approaches often assume abundant adversarial data at each stage, real-world scenarios frequently involve limited data availability. This paper addresses the setting of Few-shot Continual Adversarial Training, where only a small number of adversarial examples are available per stage, presenting major challenges in achieving robust generalization and mitigating catastrophic forgetting. To tackle these challenges, we propose a novel continual adversarial training framework that incorporates three key components: (i) an Adversarial Margin loss that explicitly pushes clean samples away from decision boundaries to enhance feature discrimination; (ii) a Gaussian mixture model Prototype Replay strategy that synthesizes representative pseudo-features to preserve knowledge of past adversarial domains; and (iii) a Multi-Domain Balanced loss that guides updates to stabilize learning across diverse attack distributions. Extensive experiments on ImageNet-1K and CIFAR-100 demonstrate that our approach consistently outperforms state-of-the-art methods in both clean and robust accuracy across a variety of adversarial settings. The code will be released.","{""adversarial_core"": [""Robustness Under Data Scarcity: Few-Shot Continual Adversarial Training for Evolving Threats Deep learning models remain highl"", ""outperforms state-of-the-art methods in both clean and robust accuracy across a variety of adversarial settings. The code wil""], ""vision_context"": [""istributions. Extensive experiments on ImageNet-1K and CIFAR-100 demonstrate that our approach consistently outperforms"", ""diverse attack distributions. Extensive experiments on ImageNet-1K and CIFAR-100 demonstrate that our approach consist""], ""classification_context"": [""istributions. Extensive experiments on ImageNet-1K and CIFAR-100 demonstrate that our approach consistently outperforms"", ""diverse attack distributions. Extensive experiments on ImageNet-1K and CIFAR-100 demonstrate that our approach consist"", ""outperforms state-of-the-art methods in both clean and robust accuracy across a variety of adversarial settings. The code wil""]}",{},https://openaccess.thecvf.com/content/CVPR2026/papers/Wang_Robustness_Under_Data_Scarcity_Few-Shot_Continual_Adversarial_Training_for_Evolving_CVPR_2026_paper.pdf,https://cvpr.thecvf.com/virtual/2026/poster/36533,True,cvpr2026_papers.json
cvpr2026_papers:1447,CVPR,2026,DASH: A Meta-Attack Framework for Synthesizing Effective and Stealthy Adversarial Examples,10,C-Foundation,adversarial_core;classification_context;vision_context,"Numerous techniques have been proposed for generating adversarial examples under strict $\ \ell_p \$-norm constraints. However, such norm-bounded examples often fail to align well with human perception, and only recently have a few methods begun specifically exploring perceptually aligned adversarial examples. Moreover, it remains unclear whether insights from $\ \ell_p \$-constrained attacks can be effectively leveraged to improve perceptual efficacy. In this paper, we introduce DASH, a differentiable meta-attack framework that generates effective and perceptually aligned adversarial examples by strategically composing existing $\ \ell_p \$-based attack methods. DASH operates in a multi-stage fashion: at each stage, it aggregates candidate adversarial examples from multiple base attacks using learned, adaptive weights and propagates the result to the next stage. A novel meta-loss function guides this process by jointly minimizing misclassification loss and perceptual distortion, enabling the framework to dynamically modulate the contribution of each base attack throughout the stages. We evaluate DASH on adversarially trained robust models across CIFAR-10, CIFAR-100, and ImageNet while considering visual perception metrics (e.g. SSIM, FID, LPIPS) in the perturbation budget (instead of $\ \ell_p \$-norm). Despite relying solely on $\ \ell_p \$-constrained based methods, DASH significantly outperforms state-of-the-art perceptual attacks such as AdvAD, achieving higher attack success rates (e.g., 20.63\% improvement) and superior visual quality, as measured by SSIM, LPIPS, and FID (improvements of $\approx11$, 0.015, and 5.7, respectively). DASH generalizes well to unseen defenses and different white-box/black-box scenarios, making it a practical and strong baseline for evaluating robustness.","{""adversarial_core"": [""tack Framework for Synthesizing Effective and Stealthy Adversarial Examples Numerous techniques have been proposed for generating""], ""vision_context"": [""ss CIFAR-10, CIFAR-100, and ImageNet while considering visual perception metrics (e.g. SSIM, FID, LPIPS) in the pert"", ""ate DASH on adversarially trained robust models across CIFAR-10, CIFAR-100, and ImageNet while considering visual perc"", ""trained robust models across CIFAR-10, CIFAR-100, and ImageNet while considering visual perception metrics (e.g. SSIM""], ""classification_context"": [""ate DASH on adversarially trained robust models across CIFAR-10, CIFAR-100, and ImageNet while considering visual perc"", ""trained robust models across CIFAR-10, CIFAR-100, and ImageNet while considering visual perception metrics (e.g. SSIM""]}",{},https://openaccess.thecvf.com/content/CVPR2026/papers/Al_Nomaan_Nafi_DASH_A_Meta-Attack_Framework_for_Synthesizing_Effective_and_Stealthy_Adversarial_CVPR_2026_paper.pdf,https://cvpr.thecvf.com/virtual/2026/poster/40017,True,cvpr2026_papers.json
cvpr2026_papers:777,CVPR,2026,A Provable Energy-Guided Test-Time Defense Boosting Adversarial Robustness of Large Vision-Language Models,9,C-Foundation,adversarial_core;vision_context,"Despite the rapid progress in multimodal models and Large Visual-Language Models (LVLM), they remain highly susceptible to adversarial perturbations, raising serious concerns about their reliability in real-world use. While adversarial training has become the leading paradigm for building models that are robust to adversarial attacks, Test-Time Transformations (TTT) have emerged as a promising strategy to boost robustness at inference.In light of this, we proposeEnergy-Guided Test-Time Transformation (ET3), a lightweight, training-free defense that enhances the robustness by minimizing the energy of the input samples.Our method is grounded in a theory that proves our transformation succeeds in classification under reasonable assumptions. We present extensive experiments demonstrating that ET3 provides a strong defense for classifiers, zero-shot classification with CLIP, and also for boosting the robustness of LVLMs in tasks such as Image Captioning and Visual Question Answering. Code will be released upon acceptance of the paper.","{""adversarial_core"": [""A Provable Energy-Guided Test-Time Defense Boosting Adversarial Robustness of Large Vision-Language Models Despite the rapid prog"", ""come the leading paradigm for building models that are robust to adversarial attacks, Test-Time Transformations (TTT) have emerged""], ""vision_context"": [""for boosting the robustness of LVLMs in tasks such as Image Captioning and Visual Question Answering. Code will be"", ""-Time Defense Boosting Adversarial Robustness of Large Vision-Language Models Despite the rapid progress in multimod"", ""pite the rapid progress in multimodal models and Large Visual-Language Models (LVLM), they remain highly susceptible""]}",{},https://openaccess.thecvf.com/content/CVPR2026/papers/Mirza_A_Provable_Energy-Guided_Test-Time_Defense_Boosting_Adversarial_Robustness_of_Large_CVPR_2026_paper.pdf,https://cvpr.thecvf.com/virtual/2026/poster/37688,True,cvpr2026_papers.json
cvpr2026_papers:4518,CVPR,2026,"Your Classifier Can Do More: Towards Balancing the Gaps in Classification, Robustness, and Generation",9,C-Foundation,adversarial_core;classification_context;vision_context,"Joint Energy-based Models (JEMs) are well known for their ability to unify classification and generation within a single framework. Despite their promising generative and discriminative performance, their robustness remains far inferior to adversarial training (AT), which, conversely, achieves strong robustness but sacrifices clean accuracy and lacks generative ability. This inherent trilemma—balancing classification accuracy, robustness, and generative capability—raises a fundamental question: \textit{Can a single model achieve all three simultaneously?} To answer this, we conduct a systematic energy landscape analysis of clean, adversarial, and generated samples across various JEM and AT variants. We observe that AT reduces the energy gap between clean and adversarial samples, while JEMs narrow the gap between clean and synthetic ones. This observation suggests a key insight: if the energy distributions of all three data types can be aligned, we might bridge their performance disparities. Building on this idea, we propose Energy-based Joint Distribution Adversarial Training (EB-JDAT), a unified generative-discriminative-robust framework that maximizes the joint probability of clean and adversarial distribution. EB-JDAT introduces a novel min–max energy optimization to explicitly aligning energies across clean, adversarial, and generated samples. Extensive experiments on CIFAR-10, CIFAR-100, and ImageNet subsets demonstrate that EB-JDAT achieves state-of-the-art robustness while maintaining near-original accuracy and generation quality of JEMs, effectively resolving the triple trade-off between accuracy, robustness, and generation.","{""adversarial_core"": [""performance, their robustness remains far inferior to adversarial training (AT), which, conversely, achieves strong robustness bu""], ""vision_context"": [""arial, and generated samples. Extensive experiments on CIFAR-10, CIFAR-100, and ImageNet subsets demonstrate that EB-J"", ""les. Extensive experiments on CIFAR-10, CIFAR-100, and ImageNet subsets demonstrate that EB-JDAT achieves state-of-the""], ""classification_context"": [""arial, and generated samples. Extensive experiments on CIFAR-10, CIFAR-100, and ImageNet subsets demonstrate that EB-J"", ""les. Extensive experiments on CIFAR-10, CIFAR-100, and ImageNet subsets demonstrate that EB-JDAT achieves state-of-the""]}",{},https://openaccess.thecvf.com/content/CVPR2026/papers/Jiang_Your_Classifier_Can_Do_More_Towards_Balancing_the_Gaps_in_CVPR_2026_paper.pdf,https://cvpr.thecvf.com/virtual/2026/poster/36867,True,cvpr2026_papers.json
cvpr2026_papers:243,CVPR,2026,AGFT: Alignment-Guided Fine-Tuning for Zero-Shot Adversarial Robustness of Vision-Language Models,8,C-Foundation,adversarial_core;vision_context,"Pre-trained vision-language models (VLMs) have exhibited exceptional generalization capabilities in zero-shot tasks, yet remain vulnerable to adversarial examples. Conventional classification-guided adversarial fine-tuning often compromises the pre-trained cross-modal alignment, undermining the intricate visual-textual correspondence essential for zero-shot performance. To mitigate this, we introduce Alignment-Guided Fine-Tuning (AGFT), a novel framework that preserves semantic integrity while enhancing robustness. AGFT leverages the output distribution of pre-trained VLMs as the fine-tuning objective, thereby maintaining cross-modal semantic correspondence. Recognizing the divergence in feature alignment objectives between pre-trained and robust models, we further calibrate the output distribution by attenuating cross-modal feature similarity of robust models, all while safeguarding correspondence across images and diverse textual descriptions. This calibration ensures compatibility with robust feature representation without sacrificing generalization. Comprehensive experiments across diverse zero-shot datasets and settings demonstrate that AGFT achieves state-of-the-art performance, significantly improving the zero-shot adversarial robustness.","{""adversarial_core"": [""AGFT: Alignment-Guided Fine-Tuning for Zero-Shot Adversarial Robustness of Vision-Language Models Pre-trained vision-language""], ""vision_context"": [""t models, all while safeguarding correspondence across images and diverse textual descriptions. This calibration ens"", ""ed Fine-Tuning for Zero-Shot Adversarial Robustness of Vision-Language Models Pre-trained vision-language models (VL"", ""ained cross-modal alignment, undermining the intricate visual-textual correspondence essential for zero-shot perform""]}",{},,https://cvpr.thecvf.com/virtual/2026/poster/39969,True,cvpr2026_papers.json
cvpr2026_papers:3563,CVPR,2026,Generative Adversarial Perturbations with Cross-paradigm Transferability on Localized Crowd Counting,8,C-Foundation,adversarial_core;vision_context,"State-of-the-art crowd counting and localization are primarily modeled using two paradigms: density maps and point regression. Given the field's security ramifications, there is active interest in model robustness against adversarial attacks. Recent studies have demonstrated transferability across density-map-based approaches via adversarial patches, but cross-paradigm attacks (e.g., from density map-based models to point regression-based models) remain unexplored. We introduce a novel adversarial framework that compromises both density map and point regression architectural paradigms through a comprehensive multi-task loss optimization. For point-regression models, we employ scene-density-specific high-confidence logit suppression; for density-map approaches, we use peak-targeted density map suppression. Both are combined with model-agnostic perceptual constraints to ensure that perturbations are effective and imperceptible to the human eye. Extensive experiments demonstrate the effectiveness of our attack, achieving on average a $7\times$ increase in Mean Absolute Error compared to clean images while maintaining competitive visual quality, and successfully transferring across seven state-of-the-art crowd models with transfer ratios ranging from $0.55$ to $1.69$. Our approach strikes a balance between attack effectiveness and imperceptibility compared to state-of-the-art transferable attack strategies.","{""adversarial_core"": [""Generative Adversarial Perturbations with Cross-paradigm Transferability on Localized Crowd"", ""urity ramifications, there is active interest in model robustness against adversarial attacks. Recent studies have demonstrated transferabil""], ""vision_context"": [""mes$ increase in Mean Absolute Error compared to clean images while maintaining competitive visual quality, and succ"", ""compared to clean images while maintaining competitive visual quality, and successfully transferring across seven st""]}",{},,https://cvpr.thecvf.com/virtual/2026/poster/40179,True,cvpr2026_papers.json
cvpr2026_papers:256,CVPR,2026,Hierarchically Robust Zero-shot Vision-language Models,8,C-Foundation,adversarial_core;vision_context,"Vision-Language Models (VLMs) can perform zero-shot classification but are susceptible to adversarial attacks. While robust fine-tuning improves their robustness, existing approaches align fixed text embeddings with an image embedding, sacrificing natural performance and robustness. A robustness degradation also occurs when a model faces adversarial attacks targeting superclasses (parent classes, e.g., \texttt{mammal}) in addition to their base (leaf) classes (e.g., \texttt{cat}). Thus, to enhance adversarial robustness and leverage the inherent hierarchical properties of class space, we propose a novel adversarial fine-tuning framework based on hierarchical embeddings and several levels of adversarially robust alignment of image-text modalities. Additional mechanisms place visual embeddings at the desired depth of hierarchy, and we provide theoretical connection between the depth of embedding in the hierarchy and the maximum viable margin size. Our model naturally realizes several margin sizes boosting generalization of adversaries for robustification. As various trees with different parent labels can share the same leaf labels, we also consider aligning over multiple trees to boost semantic variety. Experiments across several datasets are performed.","{""adversarial_core"": [""erform zero-shot classification but are susceptible to adversarial attacks. While robust fine-tuning improves their robustness, e""], ""vision_context"": [""xisting approaches align fixed text embeddings with an image embedding, sacrificing natural performance and robustn"", ""Hierarchically Robust Zero-shot Vision-language Models Vision-Language Models (VLMs) can perf"", ""of image-text modalities. Additional mechanisms place visual embeddings at the desired depth of hierarchy, and we p""]}",{},https://openaccess.thecvf.com/content/CVPR2026/papers/Dong_Hierarchically_Robust_Zero-shot_Vision-language_Models_CVPR_2026_paper.pdf,https://cvpr.thecvf.com/virtual/2026/poster/38179,True,cvpr2026_papers.json
cvpr2026_papers:3059,CVPR,2026,PureProof: Diffusion-Resistant Black-box Targeted Attack on Large Vision-Language Models,8,C-Foundation,adversarial_core;classification_context;vision_context,"Large Vision-Language Models (VLMs) exhibit impressive multimodal capabilities and widespread deployment, yet remain vulnerable to targeted adversarial attacks. However, the practical robustness of such attacks often remains unclear with limited evaluation under defenses. Diffusion-based purification (DBP), a widely adopted black-box defense for VLMs, effectively blocks current attacks by removing adversarial perturbations via generative diffusion. Prior DBP evasion methods are designed for white-box image classifiers and are ill-suited for attacking VLMs. Even when adapted, they face high computational costs and potential vanishing/exploding gradient from backpropagating through deep diffusion steps and gradient instability due to diffusion’s stochasticity. To address these challenges, we present PureProof, a black-box targeted attack on VLMs resilient to DBP. PureProof introduces Stochastic Reverse Alignment, using a single-step reverse prediction to efficiently guide adversarial optimization while avoiding costly and unstable full-trajectory backpropagation. To mitigate diffusion stochasticity, we employ Adaptive Re-noising Augmentation, which re-noises intermediate predictions in a timestep-adaptive manner to smooth the optimization landscape, complemented by Self-Consistency Regularization to promote local temporal coherence. Extensive experiments on open-source and commercial VLMs show that PureProof consistently outperforms prior attacks against DBP, achieves strong noise resilience, and remains highly effective without defenses, revealing critical vulnerabilities of VLMs and offering implications for future model safety.","{""adversarial_core"": [""despread deployment, yet remain vulnerable to targeted adversarial attacks. However, the practical robustness of such attacks oft""], ""vision_context"": ["". Prior DBP evasion methods are designed for white-box image classifiers and are ill-suited for attacking VLMs. Eve"", ""Diffusion-Resistant Black-box Targeted Attack on Large Vision-Language Models Large Vision-Language Models (VLMs) ex""], ""classification_context"": ["". Prior DBP evasion methods are designed for white-box image classifiers and are ill-suited for attacking VLMs. Even when adapt""]}",{},https://openaccess.thecvf.com/content/CVPR2026/papers/Cao_PureProof_Diffusion-Resistant_Black-box_Targeted_Attack_on_Large_Vision-Language_Models_CVPR_2026_paper.pdf,https://cvpr.thecvf.com/virtual/2026/poster/36629,True,cvpr2026_papers.json
cvpr2026_papers:531,CVPR,2026,SABER: Spatially Consistent 3D Universal Adversarial Objects for BEV Detectors,8,B-Method,adversarial_core;evaluation_protocol,"Adversarial robustness of BEV 3D object detectors is critical for autonomous driving (AD). Existing invasive attacks require altering the target vehicle itself (e.g.attaching patches), making them unrealistic and impractical for real-world evaluation. While non-invasive attacks that place adversarial objects in the environment are more practical, current methods still lack the multi-view and temporal consistency needed for physically plausible threats. In this paper, we present the first framework for generating universal, non-invasive, and 3D consistent adversarial objects that expose fundamental vulnerabilities for BEV 3D object detectors. Instead of modifying target vehicles, our method inserts rendered objects into scenes with an occlusion-aware module that enforces physical plausibility across views and time. To maintain attack effectiveness across views and frames, we optimize adversarial object appearance using a BEV spatial feature-guided optimization strategy that attacks the detector's internal representations. Extensive experiments demonstrate that our learned universal adversarial objects can consistently degrade multiple BEV detectors from various viewpoints and distances.More importantly, the new environment-manipulation attack paradigm exposes models' over-reliance on contextual cues and provides a practical pipeline for robustness evaluation in AD systems.","{""adversarial_core"": [""ent 3D Universal Adversarial Objects for BEV Detectors Adversarial robustness of BEV 3D object detectors is critical for autonomous""], ""evaluation_protocol"": [""contextual cues and provides a practical pipeline for robustness evaluation in AD systems.""]}",{},https://openaccess.thecvf.com/content/CVPR2026/papers/Li_SABER_Spatially_Consistent_3D_Universal_Adversarial_Objects_for_BEV_Detectors_CVPR_2026_paper.pdf,https://cvpr.thecvf.com/virtual/2026/poster/39261,True,cvpr2026_papers.json
cvpr2026_papers:4311,CVPR,2026,SafeLogo: Turning Your Logos into Jailbreak Shields via Micro-Regional Adversarial Training,8,C-Foundation,adversarial_core;vision_context,"Recent Vision-Language Models (VLMs) have become increasingly susceptible to jailbreak attacks, where adversarial prompts exploit subtle manipulation to circumvent safety alignment.The diversity and adaptability of such jailbreakers necessitate a defense mechanism with strong generalization capability.However, fine-tuning large-scale VLMs is computationally expensive, and introducing excessive visual or textual defense prompts is impractical for preserving image realism and model usability.We propose SafeLogo, which tunes a logo-sized visual prompt into a universal shield against diverse jailbreak attacks through micro-regional adversarial training.We are the first to integrate min–max adversarial optimization into visual defense prompt generation.Specifically, in the outer loop, SafeLogo injects compact, bounded perturbations into extremely small image regions ($\leq 2\%$ pixel coverage), effectively preserving both visual fidelity and semantic consistency.Meanwhile, overcoming the limitations of prior defenses constrained to a single attack direction or fixed benign supervision, the inner loop dynamically generates and selects the strongest one from a variety of jailbreakers.Extensive experiments on LLaVA-1.5-13B,MiniGPT-4, and Qwen3-VL show that SafeLogo markedly lowers jailbreak success rates on MM-SafetyBench, VLGuard, and FigStep, while preserving benign performance on MM-Vet and MME.","{""adversarial_core"": [""g Your Logos into Jailbreak Shields via Micro-Regional Adversarial Training Recent Vision-Language Models (VLMs) have become incre""], ""vision_context"": [""textual defense prompts is impractical for preserving image realism and model usability.We propose SafeLogo, which"", ""Shields via Micro-Regional Adversarial Training Recent Vision-Language Models (VLMs) have become increasingly suscep"", ""s computationally expensive, and introducing excessive visual or textual defense prompts is impractical for preservi"", ""bations into extremely small image regions ($\\leq 2\\%$ pixel coverage), effectively preserving both visual fidelity""]}",{},https://openaccess.thecvf.com/content/CVPR2026/papers/Duan_SafeLogo_Turning_Your_Logos_into_Jailbreak_Shields_via_Micro-Regional_Adversarial_CVPR_2026_paper.pdf,https://cvpr.thecvf.com/virtual/2026/poster/37943,True,cvpr2026_papers.json
cvpr2026_papers:1316,CVPR,2026,The Geometry of Robustness: Optimizing Loss Landscape Curvature and Feature Manifold Alignment for Robust Finetuning of Vision-Language Models,8,C-Foundation,adversarial_core;classification_context;vision_context,"Fine-tuning approaches for Vision-Language Models (VLMs) face a critical three-way trade-off between In-Distribution (ID) accuracy, Out-of-Distribution (OOD) generalization, and adversarial robustness. Existing robust fine-tuning strategies resolve at most two axes of this trade-off. Generalization-preserving methods retain ID/OOD performance but leave models vulnerable to adversarial attacks, while adversarial training improves robustness to targeted attacks but degrades ID/OOD accuracy. Our key insight is that the robustness trade-off stems from two geometric failures: sharp, anisotropic minima in parameter space and unstable feature representations that deform under perturbation. To address this, we propose GRACE (Gram-aligned Robustness via Adaptive Curvature Estimation), a unified fine-tuning framework that jointly regularizes the parameter-space curvature and feature-space invariance for VLMs. Grounded in Robust PAC-Bayes theory, GRACE employs adaptive weight perturbations scaled by local curvature to promote flatter minima, combined with a feature alignment loss that maintains representation consistency across clean, adversarial, and OOD inputs. On ImageNet fine-tuning of CLIP models, GRACE simultaneously improves ID accuracy by 10.8%, and adversarial accuracy by 8.9% while maintaining 57.0% OOD accuracy (vs. 57.4% zero-shot baseline). Geometric analysis confirms that GRACE converges to flatter minima without feature distortion across distribution shifts, providing a principled step toward generalized robustness in foundation VLMs.","{""adversarial_core"": [""ccuracy, Out-of-Distribution (OOD) generalization, and adversarial robustness. Existing robust fine-tuning strategies resolve at mos""], ""vision_context"": [""nd Feature Manifold Alignment for Robust Finetuning of Vision-Language Models Fine-tuning approaches for Vision-Lang"", ""sistency across clean, adversarial, and OOD inputs. On ImageNet fine-tuning of CLIP models, GRACE simultaneously impro""], ""classification_context"": [""sistency across clean, adversarial, and OOD inputs. On ImageNet fine-tuning of CLIP models, GRACE simultaneously impro""]}",{},https://openaccess.thecvf.com/content/CVPR2026/papers/Chopra_The_Geometry_of_Robustness_Optimizing_Loss_Landscape_Curvature_and_Feature_CVPR_2026_paper.pdf,https://cvpr.thecvf.com/virtual/2026/poster/36307,True,cvpr2026_papers.json
cvpr2026_papers:4517,CVPR,2026,The Power of Decaying Steps: Enhancing Attack Stability and Transferability for Sign-based Optimizers,8,C-Foundation,adversarial_core;classification_context;vision_context,"Crafting adversarial examples can be formulated as an optimization problem. While sign-based optimizers such as I-FGSM and MI-FGSM have become the de facto standard for the induced optimization problems, there still exist several unsolved problems in theoretical grounding and practical reliability especially in non-convergence and instability, which inevitably influences their transferability. Contrary to the expectation, we observe that the attack success rate may degrade sharply when more number of iterations are conducted. In this paper, we address these issues from an optimization perspective. By reformulating the sign-based optimizer as a specific coordinate-wise gradient descent, we argue that one cause for non-convergence and instability is their non-decaying step-size scheduling. Based upon this viewpoint, we propose a series of new attack algorithms that enforce Monotonically Decreasing Coordinate-wise Step-sizes (MDCS) within sign-based optimizers. Typically, we further provide theoretical guarantees proving that MDCS-MI attains an optimal convergence rate of $O(1/\sqrt{T})$, where $T$ is the number of iterations. Extensive experiments on image classification and cross-modal retrieval tasks demonstrate that our approach not only significantly improves transferability but also enhances attack stability compared to state-of-the-art sign-based methods.","{""adversarial_core"": [""and Transferability for Sign-based Optimizers Crafting adversarial examples can be formulated as an optimization problem. While si""], ""vision_context"": [""is the number of iterations. Extensive experiments on image classification and cross-modal retrieval tasks demonst"", ""is the number of iterations. Extensive experiments on image classification and cross-modal retrieval tasks demonstrate that our a""], ""classification_context"": [""is the number of iterations. Extensive experiments on image classification and cross-modal retrieval tasks demonstrate that our a""]}",{},https://openaccess.thecvf.com/content/CVPR2026/papers/Tao_The_Power_of_Decaying_Steps_Enhancing_Attack_Stability_and_Transferability_CVPR_2026_paper.pdf,https://cvpr.thecvf.com/virtual/2026/poster/38565,True,cvpr2026_papers.json
cvpr2026_papers:3566,CVPR,2026,Towards Reliable Evaluation of Adversarial Robustness for Spiking Neural Networks,8,B-Method,adversarial_core;evaluation_protocol,"Spiking Neural Networks (SNNs) utilize spike-based activations to mimic the brain's energy-efficient information processing. However, the binary and discontinuous nature of spike activations causes vanishing gradients, making adversarial robustness evaluation via gradient descent unreliable. While improved surrogate gradient methods have been proposed, their effectiveness under strong adversarial attacks remains unclear. We propose a more reliable framework for evaluating SNN adversarial robustness. We theoretically analyze the degree of gradient vanishing in surrogate gradients and introduce the Adaptive Sharpness Surrogate Gradient (ASSG), which adaptively evolves the shape of the surrogate function according to the input distribution during attack iterations, thereby enhancing gradient accuracy while mitigating gradient vanishing. In addition, we design an adversarial attack with adaptive step size under the $L_\infty$ constraint—Stable Adaptive Projected Gradient Descent (SA-PGD), achieving faster and more stable convergence under imprecise gradients. Extensive experiments show that our approach substantially increases attack success rates across diverse adversarial training schemes, SNN architectures and neuron models, providing a more generalized and reliable evaluation of SNN adversarial robustness. The experimental results further reveal that the robustness of current SNNs has been significantly overestimated and highlighting the need for more dependable adversarial training methods.","{""adversarial_core"": [""Towards Reliable Evaluation of Adversarial Robustness for Spiking Neural Networks Spiking Neural Networks (S""], ""evaluation_protocol"": [""vations causes vanishing gradients, making adversarial robustness evaluation via gradient descent unreliable. While improved surrog""]}",{},https://openaccess.thecvf.com/content/CVPR2026/papers/Wang_Towards_Reliable_Evaluation_of_Adversarial_Robustness_for_Spiking_Neural_Networks_CVPR_2026_paper.pdf,https://cvpr.thecvf.com/virtual/2026/poster/38348,True,cvpr2026_papers.json
cvpr2026_papers:5004,CVPR,2026,V-Attack: Targeting Disentangled Value Features for Controllable Adversarial Attacks on LVLMs,8,C-Foundation,adversarial_core;vision_context,"Adversarial attacks have evolved from simply disrupting predictions on conventional task-specific models to the more complex goal of manipulating image semantics on Large Vision-Language Models (LVLMs). However, existing methods struggle with controllability and fail to precisely manipulate the semantics of specific concepts in the image. We attribute this limitation to semantic entanglement in the patch-token representations on which adversarial attacks typically operate: global context aggregated by self-attention in the vision encoder dominates individual patch features, making them unreliable handles for precise local semantic manipulation. Our systematic investigation reveals a key insight: value features (V) computed within the transformer attention block serve as much more precise handles for manipulation. We show that V suppresses global-context channels, allowing it to retain high-entropy, disentangled local semantic information. Building on this discovery, we propose \textbf{V-Attack}, a novel method designed for precise local semantic attacks. V-Attack targets the value features and introduces two core components: (1) a Self-Value Enhancement module to refine V's intrinsic semantic richness, and (2) a Text-Guided Value Manipulation module that leverages text prompts to locate source concept and optimize it toward a target concept. By bypassing the entangled patch features, V-Attack achieves highly effective semantic control. Extensive experiments across diverse LVLMs, including LLaVA, InternVL, DeepseekVL and GPT-4o, show that V-Attack improves the attack success rate by an average of 36\% over state-of-the-art methods, exposing critical vulnerabilities in modern visual-language understanding.","{""adversarial_core"": [""Targeting Disentangled Value Features for Controllable Adversarial Attacks on LVLMs Adversarial attacks have evolved from simply""], ""vision_context"": [""ecific models to the more complex goal of manipulating image semantics on Large Vision-Language Models (LVLMs). How"", ""complex goal of manipulating image semantics on Large Vision-Language Models (LVLMs). However, existing methods str"", ""t methods, exposing critical vulnerabilities in modern visual-language understanding.""]}",{},https://openaccess.thecvf.com/content/CVPR2026/papers/Nie_V-Attack_Targeting_Disentangled_Value_Features_for_Controllable_Adversarial_Attacks_on_CVPR_2026_paper.pdf,https://cvpr.thecvf.com/virtual/2026/poster/39822,True,cvpr2026_papers.json
cvpr2026_papers:4998,CVPR,2026,VCP-Attack: Visual-Contrastive Projection for Transferable Black-Box Targeted Attacks on Large Vision-Language Models,8,C-Foundation,adversarial_core;vision_context,"Large vision-language models (LVLMs) have achieved impressive performance across a variety of multimodal tasks, yet remain vulnerable to targeted adversarial attacks, particularly in black-box settings. In this paper, we propose \textbf{VCP-Attack}, a transferable targeted attack framework that combines structured contrastive supervision with subspace-guided perturbation optimization. Specifically, we employ a dynamic PCA-based projection to constrain perturbations within semantically meaningful low-dimensional subspaces, and design a multi-sample contrastive loss to align adversarial features with target semantics while pushing them away from the source semantics. Extensive experiments on seven open-source and three proprietary LVLMs—including GPT-4o, Claude, and Gemini—show that VCP-Attack achieves \textbf{state-of-the-art} performance in black-box targeted attacks. Under a fixed perturbation budget ($\epsilon = 16/255$), our method achieves an average attack success rate (ASR) of 94.2\% on open-source models and 83.1\% on proprietary models, surpassing the strongest baselines by 23.3\% and 16.8\%, respectively. Notably, VCP-Attack achieves a 95.6\% ASR on GPT-4o. Comprehensive ablation studies and visualizations further validate the effectiveness of the dynamic subspace projection and semantic contrastive supervision. While evaluated on image captioning, our approach is model-agnostic and exhibits strong potential for broader applications to black-box adversarial settings in vision-language tasks.","{""adversarial_core"": [""of multimodal tasks, yet remain vulnerable to targeted adversarial attacks, particularly in black-box settings. In this paper, we""], ""vision_context"": [""d semantic contrastive supervision. While evaluated on image captioning, our approach is model-agnostic and exhibit"", ""n for Transferable Black-Box Targeted Attacks on Large Vision-Language Models Large vision-language models (LVLMs) h"", ""VCP-Attack: Visual-Contrastive Projection for Transferable Black-Box Targ""]}",{},https://openaccess.thecvf.com/content/CVPR2026/papers/Zhao_VCP-Attack_Visual-Contrastive_Projection_for_Transferable_Black-Box_Targeted_Attacks_on_Large_CVPR_2026_paper.pdf,https://cvpr.thecvf.com/virtual/2026/poster/39557,True,cvpr2026_papers.json
cvpr2026_papers:3350,CVPR,2026,"When CLIP Sees More, It Fights Back Harder: Multi-View Guided Adaptive Counterattacks for Test-Time Adversarial Robustness",8,C-Foundation,adversarial_core;vision_context,"Vision-language models such as CLIP have achieved remarkable zero-shot recognition capabilities, yet their robustness against adversarial perturbations remains limited. Test-time counterattack (TTC) was recently proposed to improve CLIP's robustness by perturbing an input image to steer it away from a corrupted state during inference. However, TTC remains fragile under strong attacks because its counterattack relies on a directly corrupted original view and employs a noise-driven hard-gating scheme that cannot adapt to varying corruption severity. To address these limitations, we introduce Multi-view guided Adaptive Counterattack (MAC), which performs counterattacks for multi-view with corruption-aware soft weighting. Specifically, MAC first constructs augmented views of an input image to obtain diverse embeddings. It then performs counterattacks to refine corrupted embeddings of views. Next, MAC adaptively scales the counterattack intensity for each view based on its estimated corruption degree. Finally, the adaptively counterattacked views are aggregated to yield a robust final prediction. Extensive experiments across 20 datasets and diverse attack scenarios demonstrate that MAC substantially improves robustness while preserving high inference speed and memory efficiency with its tuning-free design. For reproducibility, we provide our code in the Supplementary Material and will publicly release it on GitHub.","{""adversarial_core"": [""ulti-View Guided Adaptive Counterattacks for Test-Time Adversarial Robustness Vision-language models such as CLIP have achieved rema"", ""markable zero-shot recognition capabilities, yet their robustness against adversarial perturbations remains limited. Test-time counterattack""], ""vision_context"": [""ed to improve CLIP's robustness by perturbing an input image to steer it away from a corrupted state during inferen"", ""ve Counterattacks for Test-Time Adversarial Robustness Vision-language models such as CLIP have achieved remarkable""]}",{},,https://cvpr.thecvf.com/virtual/2026/poster/39553,True,cvpr2026_papers.json
cvpr2026_papers:2790,CVPR,2026,A Unified Perspective on Adversarial Membership Manipulation in Vision Models,7,C-Foundation,adversarial_core;vision_context,"Membership inference attacks (MIAs) aim to determine whether a specific data point was part of a model’s training set, serving as effective tools for evaluating privacy leakage of vision models. However, existing MIAs implicitly assume honest query inputs, and their adversarial robustness remains unexplored. We show that MIAs for vision models expose a previously overlooked adversarial surface: adversarial membership manipulation, where imperceptible perturbations can reliably push non-member images into the “member’’ region of state-of-the-art MIAs. In this paper, we provide the first unified perspective on this phenomenon by analyzing its mechanism and implications. We begin by demonstrating that adversarial membership fabrication is consistently effective across diverse architectures and datasets. We then reveal a distinctive geometric signature—a characteristic gradient-norm collapse trajectory—that reliably separates fabricated from true members despite their nearly identical semantic representations. Building on this insight, we introduce a principled detection strategy grounded in gradient-geometry signals and develop a robust inference framework that substantially mitigates adversarial manipulation. Extensive experiments show that fabrication is broadly effective, while our detection and robust inference strategies significantly enhance resilience. This work establishes the first comprehensive framework for adversarial membership manipulation in vision models.","{""adversarial_core"": [""MIAs implicitly assume honest query inputs, and their adversarial robustness remains unexplored. We show that MIAs for vision model""], ""vision_context"": [""perceptible perturbations can reliably push non-member images into the “member’’ region of state-of-the-art MIAs. In"", ""Perspective on Adversarial Membership Manipulation in Vision Models Membership inference attacks (MIAs) aim to dete""]}",{},https://openaccess.thecvf.com/content/CVPR2026/papers/Gao_A_Unified_Perspective_on_Adversarial_Membership_Manipulation_in_Vision_Models_CVPR_2026_paper.pdf,https://cvpr.thecvf.com/virtual/2026/poster/36250,True,cvpr2026_papers.json
cvpr2026_papers:4516,CVPR,2026,AdvFM: Lookahead Flow-Matching Velocity-Field Attacks for Imperceptible and Transferable Adversarial Examples,7,C-Foundation,adversarial_core;vision_context,"Unrestricted adversarial attacks based on generative models typically operate either directly in image space or through diffusion-style denoising and re-noising, which limits transferability and robustness against defenses. We revisit this problem through the lens of flow matching and continuous-time velocity fields, and propose AdvFM, a velocity-field attack that injects adversarial signals into the flow-matching dynamics instead of the pixel space. Given a noisy state $x_t$, AdvFM perturbs the reconstruction at $t{=}1$ and converts this perturbation into a change of the velocity field, yielding a state update that amplifies the inner PGD step in the noisy space. We further introduce a lookahead variant that optimizes a two-point objective over the current and rolled-out reconstructions, reducing temporal mismatch along the ODE trajectory. From a theoretical perspective, we show that compared to diffusion-based attacks, AdvFM enjoys: (i) larger single-step increases in the black-box loss via step amplification, (ii) reduced gradient variance and stronger surrogate-target alignment due to Gaussian smoothing, enhancing its transferability, and (iii) perturbations that concentrate in robust-tangent directions, thereby aligning with robust gradients of adversarially trained models and surviving purification more effectively; the lookahead variant further lowers gradient noise for a two-point robust objective. Extensive experiments demonstrate that AdvFM achieves promising performance in both black-box transferability and a suite of adversarial training and purification defenses.","{""adversarial_core"": [""ocity-Field Attacks for Imperceptible and Transferable Adversarial Examples Unrestricted adversarial attacks based on generative m""], ""vision_context"": [""generative models typically operate either directly in image space or through diffusion-style denoising and re-nois"", ""signals into the flow-matching dynamics instead of the pixel space. Given a noisy state $x_t$, AdvFM perturbs the r""]}",{},https://openaccess.thecvf.com/content/CVPR2026/papers/Liu_AdvFM_Lookahead_Flow-Matching_Velocity-Field_Attacks_for_Imperceptible_and_Transferable_Adversarial_CVPR_2026_paper.pdf,https://cvpr.thecvf.com/virtual/2026/poster/40010,True,cvpr2026_papers.json
cvpr2026_papers:1250,CVPR,2026,Anti-I2V: Safeguarding your Photos from Malicious Image-to-video Generation,7,C-Foundation,adversarial_core;vision_context,"Advances in diffusion-based video generation models, while significantly improving human animation, poses threats of misuse through the creation of fake videos from a specific person's photo and text prompts. Recent efforts have focused on adversarial attacks that introduce crafted perturbations to protect images from diffusion-based models. However, most existing approaches target image generation, while relatively few explicitly address image-to-video diffusion models (VDMs), and most primarily focus on UNet-based architectures. Hence, their effectiveness against Diffusion Transformer (DiT) models remains largely under-explored, as these models demonstrate improved feature retention, and stronger temporal consistency due to larger capacity and advanced attention mechanisms. In this work, we introduce Anti-I2V, a novel defense against malicious human image-to-video generation, applicable across diverse diffusion backbones. Instead of restricting noise updates to the RGB space, Anti-I2V operates in both the $L$*$a$*$b$* and frequency domains, improving robustness and concentrating on salient pixels. We then identify the network layers that capture the most distinct semantic features during the denoising process to design appropriate training objectives that maximize degradation of temporal coherence and generation fidelity. Through extensive validation, Anti-I2V demonstrates state-of-the-art defense performance against diverse video diffusion models, offering an effective solution to the problem.","{""adversarial_core"": [""photo and text prompts. Recent efforts have focused on adversarial attacks that introduce crafted perturbations to protect images""], ""vision_context"": [""Anti-I2V: Safeguarding your Photos from Malicious Image-to-video Generation Advances in diffusion-based video"", ""ins, improving robustness and concentrating on salient pixels. We then identify the network layers that capture the""]}",{},https://openaccess.thecvf.com/content/CVPR2026/papers/Vu_Anti-I2V_Safeguarding_your_Photos_from_Malicious_Image-to-video_Generation_CVPR_2026_paper.pdf,https://cvpr.thecvf.com/virtual/2026/poster/38793,True,cvpr2026_papers.json
cvpr2026_papers:1154,CVPR,2026,AntiStyler: Defending Object Detection Models Against Adversarial Patch Attacks Using Style Removal,7,C-Foundation,adversarial_core;vision_context,"Adversarial patch attacks pose a significant threat to the reliability of object detection (OD) models, particularly in real-time security applications. Although several defenses have been proposed, they often suffer from two limitations: 1) reduced performance on benign images, and 2) impractical processing time for real-time OD applications. In this paper, we present AntiStyler, a novel and rapid defense against adversarial patches. Given an input image, AntiStyler identifies and masks pixels that exhibit a ``random'' style associated with adversarial attacks and uses a series of spatial filters to enhance the mask and remove unwanted noise, efficiently masking adversarial patches. AntiStyler features model-, patch-, and attack-agnostic capabilities and does not require any training, making it a fully agnostic zero-shot defense against adversarial patch attacks. Our evaluation on the COCO, INRIA, Superstore, and APRICOT datasets, with both digital and physical attacks, demonstrates AntiStyler's state-of-the-art robustness (improving adversarial performance by 8-15 mAP%) without compromising the original performance on benign images. Additionally, unlike most existing defenses, AntiStyler can process 10-12 frames per second (FPS), making it efficient and relevant for real-time OD applications.","{""adversarial_core"": [""pixels that exhibit a ``random'' style associated with adversarial attacks and uses a series of spatial filters to enhance the ma""], ""vision_context"": [""from two limitations: 1) reduced performance on benign images, and 2) impractical processing time for real-time OD a"", ""Given an input image, AntiStyler identifies and masks pixels that exhibit a ``random'' style associated with advers""]}",{},,https://cvpr.thecvf.com/virtual/2026/poster/40065,True,cvpr2026_papers.json
cvpr2026_papers:2849,CVPR,2026,Decoupling Defense Strategies for Robust Image Watermarking,7,C-Foundation,adversarial_core;vision_context,"Deep learning-based image watermarking, while robust against conventional distortions, remains vulnerable to advanced adversarial and regeneration attacks. Conventional countermeasures, which jointly optimize the encoder and decoder via a noise layer, face 2 inevitable challenges:(1) decrease of clean accuracy due to decoder adversarial training and (2) limited robustness due to simultaneous training of all three advanced attacks.To overcome these issues, we propose AdvMark, a novel two-stage fine-tuning framework that decouples the defense strategies. In stage 1, we address adversarial vulnerability via a tailored adversarial training paradigm that primarily fine-tunes the encoder while only conditionally updating the decoder. This approach learns to move the image into a non-attackable region, rather than modifying the decision boundary, thus preserving clean accuracy.In stage 2, we tackle distortion and regeneration attacks via direct image optimization. To preserve the adversarial robustness gained in stage 1, we formulate a principled, constrained image loss with theoretical guarantees, which balances the deviation from cover and previous encoded images. We also propose a quality-aware early-stop to further guarantee the lower bound of visual quality.Extensive experiments demonstrate AdvMark outperforms with the highest image quality and comprehensive robustness, i.e. up to 29\%, 33\% and 46\% accuracy improvement for distortion, regeneration and adversarial attacks, respectively.","{""adversarial_core"": [""allenges:(1) decrease of clean accuracy due to decoder adversarial training and (2) limited robustness due to simultaneous trainin""], ""vision_context"": [""Decoupling Defense Strategies for Robust Image Watermarking Deep learning-based image watermarking, w"", ""are early-stop to further guarantee the lower bound of visual quality.Extensive experiments demonstrate AdvMark outp""]}",{},https://openaccess.thecvf.com/content/CVPR2026/papers/Chen_Decoupling_Defense_Strategies_for_Robust_Image_Watermarking_CVPR_2026_paper.pdf,https://cvpr.thecvf.com/virtual/2026/poster/36428,True,cvpr2026_papers.json
cvpr2026_papers:3974,CVPR,2026,Multi-Paradigm Collaborative Adversarial Attack Against Multi-Modal Large Language Models,7,C-Foundation,adversarial_core;vision_context,"The rapid progress of Multi-Modal Large Language Models (MLLMs) has significantly advanced downstream applications.However, transferable adversarial threats are thus exposed in the public community.In general, existing adversarial attacks against MLLMs typically rely on surrogate models trained within a single learning paradigm and perform independent optimisation in their respective feature spaces.This straightforward setting naturally restricts the richness of feature representations, delivering limits on the search space and thus impeding the diversity of adversarial perturbations.To address this, we propose a novel Multi-Paradigm Collaborative Attack (MPCAttack) framework to boost the transferability of adversarial examples against MLLMs.In principle, MPCAttack aggregates semantic representations, from both visual images and language texts, to facilitate joint adversarial optimisation on the aggregated features through a Multi-Paradigm Collaborative Optimisation (MPCO) strategy.By performing contrastive matching on multi-paradigm features, MPCO adaptively balances the importance of different paradigm representations and guides the global perturbation optimisation, effectively alleviating the representation bias.Extensive experimental results on multiple benchmarks demonstrate the superiority of MPCAttack, indicating that our solution consistently outperforms state-of-the-art methods in both targeted and untargeted attacks on open-source and closed-source MLLMs.The code will be released here.","{""adversarial_core"": [""Multi-Paradigm Collaborative Adversarial Attack Against Multi-Modal Large Language Models The rapid pr""], ""vision_context"": [""aggregates semantic representations, from both visual images and language texts, to facilitate joint adversarial op"", ""CAttack aggregates semantic representations, from both visual images and language texts, to facilitate joint adversa""]}",{},https://openaccess.thecvf.com/content/CVPR2026/papers/Li_Multi-Paradigm_Collaborative_Adversarial_Attack_Against_Multi-Modal_Large_Language_Models_CVPR_2026_paper.pdf,https://cvpr.thecvf.com/virtual/2026/poster/36337,True,cvpr2026_papers.json
cvpr2026_papers:454,CVPR,2026,One-Step Diffusion Transformer for Controllable Real-World Image Super-Resolution,7,C-Foundation,adversarial_core;vision_context,"Recent advances in diffusion-based real-world image super-resolution (Real-ISR) have demonstrated remarkable perceptual quality, yet the balance between fidelity and controllability remains a problem: multi-step diffusion-based methods suffer from generative diversity and randomness, resulting in low fidelity, while one-step methods lose control flexibility due to fidelity-specific finetuning. In this paper, we present ODTSR, a one-step diffusion transformer based on Qwen-Image that performs Real-ISR considering fidelity and controllability simultaneously: a newly introduced visual stream receives low-quality images (LQ) with adjustable noise (Control Noise), and the original visual stream receives LQs with consistent noise (Prior Noise), forming the Noise-hybrid Visual Stream (NVS) design. ODTSR further employs Fidelity-aware Adversarial Training (FAA) to enhance controllability and achieve one-step inference. Extensive experiments demonstrate that ODTSR not only achieves state-of-the-art (SOTA) performance on generic Real-ISR, but also enables prompt controllability on challenging scenarios such as real-world scene text image super-resolution (STISR) of Chinese characters without training on specific datasets.","{""adversarial_core"": [""eam (NVS) design. ODTSR further employs Fidelity-aware Adversarial Training (FAA) to enhance controllability and achieve one-step""], ""vision_context"": [""Step Diffusion Transformer for Controllable Real-World Image Super-Resolution Recent advances in diffusion-based re"", ""and controllability simultaneously: a newly introduced visual stream receives low-quality images (LQ) with adjustabl""]}",{},https://openaccess.thecvf.com/content/CVPR2026/papers/Fang_One-Step_Diffusion_Transformer_for_Controllable_Real-World_Image_Super-Resolution_CVPR_2026_paper.pdf,https://cvpr.thecvf.com/virtual/2026/poster/37372,True,cvpr2026_papers.json
cvpr2026_papers:3349,CVPR,2026,PA-Attack: Guiding Gray-Box Attacks on LVLM Vision Encoders with Prototypes and Attention,7,C-Foundation,adversarial_core;vision_context,"Large Vision–Language Models (LVLMs) are foundational to modern multimodal applications, yet their susceptibility to adversarial attacks remains a critical concern. Prior white-box attacks rarely generalize across tasks, and black-box methods depend on expensive transfer, which limits efficiency. The vision encoder, standardized and often shared across LVLMs, provides a stable gray-box pivot with strong cross-model transfer. Building on this premise, we introduce PA-Attack (Prototype-Anchored Attentive Attack). PA-Attack begins with a prototype-anchored guidance that provides a stable attack direction towards a general and dissimilar prototype, tackling the attribute-restricted issue and limited task generalization of vanilla attacks. Building on this, we propose a two-stage attention enhancement mechanism: (i) leverage token‑level attention scores to concentrate perturbations on critical visual tokens, and (ii) adaptively recalibrate attention weights to track the evolving attention during the adversarial process. Extensive experiments across diverse downstream tasks and LVLM architectures show that PA‑Attack achieves an average 75.1% score reduction rate (SRR), demonstrating strong attack effectiveness, efficiency, and task generalization in LVLMs.","{""adversarial_core"": [""n multimodal applications, yet their susceptibility to adversarial attacks remains a critical concern. Prior white-box attacks ra""], ""vision_context"": [""PA-Attack: Guiding Gray-Box Attacks on LVLM Vision Encoders with Prototypes and Attention Large Vision–La"", ""ention scores to concentrate perturbations on critical visual tokens, and (ii) adaptively recalibrate attention weig""]}",{},,https://cvpr.thecvf.com/virtual/2026/poster/37222,True,cvpr2026_papers.json
cvpr2026_papers:211,CVPR,2026,R^2TUA: Reconstruction-residual Based Targeted and Untargeted Attack Against Text-Image Person Re-Identification,7,C-Foundation,adversarial_core;vision_context,"Text-Image Person Re-Identification (TI-ReID) models are widely deployed in intelligent surveillance.Built on deep neural networks and vision–language models, TI-ReID models inherit their vulnerability to adversarial attacks, posing potential security risks.Yet their security issues have received far less attention than retrieval accuracy, and the robustness of TI-ReID to adversarial attacks remains largely unexplored.To fill this gap, we propose Reconstruction-residual based Targeted and Untargeted Attack (R$^2$TUA), which takes an image and an adversarial text prompt as input and generates perturbations that make TI-ReID models incorrectly match the perturbed image to the identity described by the adversarial prompt.To precisely inject identity attributes into perturbations and achieve fine-grained targeted attack, R$^2$TUA proposes Transformer-based Gradual Multimodal Fusion (TGMF) that fuses image and adversarial prompt progressively across layers with tunable cross-modal weight.In addition, we propose a fully differentiable Soft Clamp Function (SCF), which enables us to ensure perturbations remain inconspicuous while avoiding local gradient vanishing effects that would trap training into suboptimal local minima.To further align perturbed images with the adversarial text descriptions while leading them to mismatch their original descriptions, R$^2$TUA employs Push-Pull Losses (PPLs) and matching losses during training.Extensive evaluations across multiple datasets and models demonstrate the superior untargeted attack and targeted attack performance of R$^2$TUA. It also exhibits strong adaptability and transferability against black-box models, outperforming all related attacks across multiple tasks.","{""adversarial_core"": [""models, TI-ReID models inherit their vulnerability to adversarial attacks, posing potential security risks.Yet their security is""], ""vision_context"": [""dual Based Targeted and Untargeted Attack Against Text-Image Person Re-Identification Text-Image Person Re-Identifi"", ""lligent surveillance.Built on deep neural networks and vision–language models, TI-ReID models inherit their vulnerab""]}",{},https://openaccess.thecvf.com/content/CVPR2026/papers/Wang_R2TUA_Reconstruction-residual_Based_Targeted_and_Untargeted_Attack_Against_Text-Image_Person_CVPR_2026_paper.pdf,https://cvpr.thecvf.com/virtual/2026/poster/37973,True,cvpr2026_papers.json
cvpr2026_papers:4312,CVPR,2026,ReMoE: Region-Mixture Experts for Adversarially-Robust Vision Transformers,7,C-Foundation,adversarial_core;vision_context,"Vision Transformers (ViTs) achieve state-of-the-art performance on a wide range of vision tasks, yet they remain highly vulnerable to adversarial perturbations due to the lack of explicit region-level semantic modeling. Adversarial perturbations are typically local and spatially structured, whereas the globally coupled self-attention and spatially uniform feed-forward networks in ViTs propagate local corruptions across the whole image without enforcing consistency within semantically coherent regions. To mitigate this mismatch, we propose Region-aware Mixture-of-Experts, namely ""ReMoE"", a plug-and-play module that replaces the standard feed-forward network (FFN) with a region-aware expert layer. Specifically, our ReMoE strategically introduces multi-granularity experts (i.e., global, center, and regional) and couples them with an attention-guided routing mechanism that operates on patch-to-region (P2R) and region-to-patch (R2P) transformations. This mechanism adaptively activates the most relevant experts for each spatial location according to its attention profile, enabling the model to capture region-level semantics and local context while preserving global consistency, thereby providing a stronger inductive bias for adversarially robust ViT representations. Extensive experiments demonstrate that our ReMoE substantially improves the adversarial robustness of ViTs with only marginal additional computational cost.","{""adversarial_core"": [""of vision tasks, yet they remain highly vulnerable to adversarial perturbations due to the lack of explicit region-level semantic mode""], ""vision_context"": [""s in ViTs propagate local corruptions across the whole image without enforcing consistency within semantically cohe"", ""ReMoE: Region-Mixture Experts for Adversarially-Robust Vision Transformers Vision Transformers (ViTs) achieve state-""]}",{},https://openaccess.thecvf.com/content/CVPR2026/papers/Zhong_ReMoE_Region-Mixture_Experts_for_Adversarially-Robust_Vision_Transformers_CVPR_2026_paper.pdf,https://cvpr.thecvf.com/virtual/2026/poster/36410,True,cvpr2026_papers.json
cvpr2026_papers:2977,CVPR,2026,RevINN: An End-to-End Invertible Neural Network for Reversible Adversarial Examples Generation,7,C-Foundation,adversarial_core;vision_context,"Recent studies have shown that Reversible Adversarial Examples (RAE) can mislead unauthorized deep neural networks while remaining usable for authorized users, effectively preventing image data leakage. Existing RAE methods rely on reversibly embedding perturbation information into the original adversarial examples to enable restoration. However, this two-stage process often results in RAEs with inferior attack effectiveness and visual quality compared to the original versions. To solve these challenges, we propose a novel end-to-end Invertible Neural Network for Reversible Adversarial Examples Generation (RevINN), which directly generates RAEs in one stage by scrambling the intrinsic frequency information of images. Specifically, our RevINN consists of the Cross-Frequency Modulation Attack (CFMA) module and the High-Frequency Perturbation Enhancement (HFPE) module. CFMA selectively exchanges discriminative information between low- and high-frequency wavelet components to achieve adversariality. To fully alter high-frequency semantics, HFPE innovatively employs a tri-branch structure for fine-grained modulation among high-frequency subbands, enhancing perturbation strength. Finally, the modified components are recomposed into RAEs via the inverse wavelet transform. Our RevINN is optimized with adversarial, perceptual, and invertible losses, and can restore images based on the reversibility of the wavelet operations and network modules. Extensive experiments demonstrate that our RevINN achieves state-of-the-art RAE generation quality. The code will be released to the public.","{""adversarial_core"": [""An End-to-End Invertible Neural Network for Reversible Adversarial Examples Generation Recent studies have shown that Reversible A""], ""vision_context"": [""ng usable for authorized users, effectively preventing image data leakage. Existing RAE methods rely on reversibly"", ""results in RAEs with inferior attack effectiveness and visual quality compared to the original versions. To solve th""]}",{},https://openaccess.thecvf.com/content/CVPR2026/papers/Huang_RevINN_An_End-to-End_Invertible_Neural_Network_for_Reversible_Adversarial_Examples_CVPR_2026_paper.pdf,https://cvpr.thecvf.com/virtual/2026/poster/39022,True,cvpr2026_papers.json
cvpr2026_papers:3878,CVPR,2026,SEBA: Sample-Efficient Black-Box Attacks on Visual Reinforcement Learning,7,C-Foundation,adversarial_core;vision_context,"Visual reinforcement learning has achieved remarkable progress in visual control and robotics, but its vulnerability to adversarial perturbations remains underexplored. Most existing black-box attacks focus on vector-based or discrete-action RL, and their effectiveness on image-based continuous control is limited by the large action space and excessive environment queries. We propose SEBA, a sample-efficient framework for black-box adversarial attacks on visual RL agents. SEBA integrates a shadow Q model that estimates cumulative rewards under adversarial conditions, a generative adversarial network that produces visually imperceptible perturbations, and a world model that simulates environment dynamics to reduce real-world queries. Through a two-stage iterative training procedure that alternates between learning the shadow model and refining the generator, SEBA achieves strong attack performance while maintaining efficiency. Experiments on MuJoCo and Atari benchmarks show that SEBA significantly reduces cumulative rewards, preserves visual fidelity, and greatly decreases environment interactions compared to prior black-box and white-box methods. Our code is provided in the supplementary material.","{""adversarial_core"": [""visual control and robotics, but its vulnerability to adversarial perturbations remains underexplored. Most existing black-box attacks""], ""vision_context"": [""ased or discrete-action RL, and their effectiveness on image-based continuous control is limited by the large actio"", ""SEBA: Sample-Efficient Black-Box Attacks on Visual Reinforcement Learning Visual reinforcement learning h""]}",{},https://openaccess.thecvf.com/content/CVPR2026/papers/Huang_SEBA_Sample-Efficient_Black-Box_Attacks_on_Visual_Reinforcement_Learning_CVPR_2026_paper.pdf,https://cvpr.thecvf.com/virtual/2026/poster/36986,True,cvpr2026_papers.json
cvpr2026_papers:3521,CVPR,2026,StableMaterials: Enhancing Diversity in Material Generation via Semi-Supervised Learning,7,C-Foundation,adversarial_core;vision_context,"We introduceStableMaterials, a novel approach for generating photorealistic physical-based rendering (PBR) materials that integrate semi-supervised learning with Latent Diffusion Models (LDMs). Our method employs adversarial training to distill knowledge from existing large-scale image generation models, minimizing the reliance on annotated data and enhancing the diversity in generation. This distillation approach aligns the distribution of the generated materials with that of image textures from an SDXL model, enabling the generation of novel materials that are not present in the initial training dataset.Furthermore, we employ a diffusion-based refiner model to improve the visual quality of the samples and achieve high-resolution generation. Finally, we distill a latent consistency model for fast generation in just four steps and propose a new tileability technique that removes visual artifacts typically associated with fewer diffusion steps. We detail the architecture and training process of StableMaterials, the integration of semi-supervised training within existing LDM frameworks.Comparative evaluations with state-of-the-art methods show the effectiveness of StableMaterials, highlighting its potential applications in computer graphics and beyond.StableMaterials will be made publicly available.","{""adversarial_core"": [""ith Latent Diffusion Models (LDMs). Our method employs adversarial training to distill knowledge from existing large-scale image g""], ""vision_context"": [""raining to distill knowledge from existing large-scale image generation models, minimizing the reliance on annotate"", ""employ a diffusion-based refiner model to improve the visual quality of the samples and achieve high-resolution gen""]}",{},,https://cvpr.thecvf.com/virtual/2026/poster/37188,True,cvpr2026_papers.json
cvpr2026_papers:4668,CVPR,2026,Towards Robust Vision Transformers: Path Dependency Analysis and a Simple Two-Stage Adversarial Training,7,C-Foundation,adversarial_core;classification_context;vision_context,"The Vision Transformer (ViT) has surpassed Convolutional Neural Networks (CNNs) in performance, becoming the de facto architecture in modern computer vision. However, despite its superior representational capacity, research on the adversarial robustness of ViTs remains limited, with most studies still biased toward CNN-based models. This work aims to address this architectural bias and conduct an in-depth analysis of the interaction between ViTs and adversarial training (AT).We first show that ViTs can identify semantic components of objects through their class attention maps, indicating that adversarially trained ViTs inherently encode strong semantic priors. Next, using the proposed Gradient Path Masking (GPM) analysis, we examine the internal information flow of ViTs and verify that the residual path serves as a major bottleneck that provides advantageous information to adversaries. Furthermore, our inter-patch relation analysis reveals that adversarially trained ViTs tend to rely more on global than local relationships in early layers—a novel observation suggesting a %fundamentalpotential incompatibility between ViTs and hybrid architectures that inject CNN-style inductive biases.Building upon these findings, we design a simple yet effective two-stage AT scheme to mitigate this structural incompatibility, achieving simultaneous improvements in robustness and generalization across various ViT variants and training methods. The proposed method is compatible with a wide range of AT frameworks and models.","{""adversarial_core"": [""rmers: Path Dependency Analysis and a Simple Two-Stage Adversarial Training The Vision Transformer (ViT) has surpassed Convolution""], ""vision_context"": [""Towards Robust Vision Transformers: Path Dependency Analysis and a Simple Tw""], ""classification_context"": [""mer (ViT) has surpassed Convolutional Neural Networks (CNNs) in performance, becoming the de facto architecture in""]}",{},https://openaccess.thecvf.com/content/CVPR2026/papers/Kim_Towards_Robust_Vision_Transformers_Path_Dependency_Analysis_and_a_Simple_CVPR_2026_paper.pdf,https://cvpr.thecvf.com/virtual/2026/poster/36923,True,cvpr2026_papers.json
cvpr2026_papers:3977,CVPR,2026,Transform to Transfer: Boosting Adversarial Attack Transferability on Vision-Language Pre-training Models,7,C-Foundation,adversarial_core;vision_context,"Visual-Language Pre-training (VLP) models, while achieving state-of-the-art performance on various multimodal tasks, exhibit significant vulnerability to multimodal adversarial examples. In black-box attack scenarios of VLP models, a key challenge lies in the limited transferability of these adversarial examples. Existing methods to enhance transferability often suffer from an excessive dependence on the source model and a reliance on limited and fixed transformation techniques. To overcome these limitations, We propose a novel Transform to Transfer Attack (TTA) method. Our approach introduces a learnable transformation mechanism that adaptively selects optimal combinations of transformations to maximize input diversity, and incorporates integrated gradients to mitigate over-fitting on the source model, thereby refining the attack optimization process. Extensive experiments demonstrate that TTA achieves outstanding attack performance in downstream tasks, outperforming current state-of-the-art attack methods across different VLP architectures.","{""adversarial_core"": [""Transform to Transfer: Boosting Adversarial Attack Transferability on Vision-Language Pre-training Models""], ""vision_context"": [""ansfer: Boosting Adversarial Attack Transferability on Vision-Language Pre-training Models Visual-Language Pre-train"", ""Transferability on Vision-Language Pre-training Models Visual-Language Pre-training (VLP) models, while achieving st""]}",{},https://openaccess.thecvf.com/content/CVPR2026/papers/Li_Transform_to_Transfer_Boosting_Adversarial_Attack_Transferability_on_Vision-Language_Pre-training_CVPR_2026_paper.pdf,https://cvpr.thecvf.com/virtual/2026/poster/36196,True,cvpr2026_papers.json
cvpr2026_papers:3649,CVPR,2026,When Robots Obey the Patch: Universal Transferable Patch Attacks on Vision-Language-Action Models,7,C-Foundation,adversarial_core;vision_context,"Vision-Language-Action (VLA) models are vulnerable to adversarial attacks, yet universal and transferable attacks remain underexplored, as most existing patches overfit to a single model and fail in black-box settings. To address this gap, we present a systematic study of **universal, transferable adversarial patches** against VLA-driven robots under unknown architectures, finetuned variants, and sim-to-real shifts. We introduce **UPA-RFAS** (Universal Patch Attack via Robust Feature, Attention, and Semantics), a unified framework that learns a single physical patch in a shared feature space while promoting cross-model transfer. UPA-RFAS combines (i) a feature-space objective with an $\ell_1$ deviation prior and repulsive InfoNCE loss to induce transferable representation shifts, (ii) a robustness-augmented two-phase min-max procedure where an inner loop learns invisible sample-wise perturbations and an outer loop optimizes the universal patch against this hardened neighborhood, and (iii) two VLA-specific losses: Patch Attention Dominance to hijack text$\to$vision attention and Patch Semantic Misalignment to induce image-text mismatch without labels. Experiments across diverse VLA models, manipulation suites, and physical executions show that UPA-RFAS consistently transfers across models, tasks, and viewpoints, exposing a practical patch-based attack surface and establishing a strong baseline for future defenses.","{""adversarial_core"": [""Vision-Language-Action (VLA) models are vulnerable to adversarial attacks, yet universal and transferable attacks remain underex""], ""vision_context"": [""on attention and Patch Semantic Misalignment to induce image-text mismatch without labels. Experiments across diver"", ""bey the Patch: Universal Transferable Patch Attacks on Vision-Language-Action Models Vision-Language-Action (VLA) mo""]}",{},https://openaccess.thecvf.com/content/CVPR2026/papers/Lu_When_Robots_Obey_the_Patch_Universal_Transferable_Patch_Attacks_on_CVPR_2026_paper.pdf,https://cvpr.thecvf.com/virtual/2026/poster/37151,True,cvpr2026_papers.json
cvpr2026_papers:1260,CVPR,2026,Adapter Shield: A Unified Framework with Built-in Authentication for Preventing Unauthorized Zero-Shot Image-to-Image Generation,6,C-Foundation,adversarial_core;vision_context,"With the rapid progress in diffusion models, image synthesis has advanced to the stage of zero-shot image-to-image generation, where high-fidelity replication of facial identities or artistic styles can be achieved using just one portrait or artwork, without modifying any model weights. Although these techniques significantly enhance creative possibilities, they also pose substantial risks related to intellectual property violations, including unauthorized identity cloning and stylistic imitation. To counter such threats, this work presents Adapter Shield, the first universal and authentication-integrated solution aimed at defending personal images from misuse in zero-shot generation scenarios. We first investigate how current zero-shot methods employ image encoders to extract embeddings from input images, which are subsequently fed into the UNet of diffusion models through cross-attention layers. Inspired by this mechanism, we construct a reversible encryption system that maps original embeddings into distinct encrypted representations according to different secret keys. The authorized users can restore the authentic embeddings via a decryption module and the correct key, enabling normal usage for authorized generation tasks. For protection purposes, we design a multi-target adversarial perturbation method that actively shifts the original embeddings toward designated encrypted patterns. Consequently, protected images are embedded with a defensive layer that ensures unauthorized users can only produce distorted or encrypted outputs. Extensive evaluations demonstrate that our method surpasses existing state-of-the-art defenses in blocking unauthorized zero-shot image synthesis, while supporting flexible and secure access control for verified users.","{""adversarial_core"": [""sks. For protection purposes, we design a multi-target adversarial perturbation method that actively shifts the original embeddings to""], ""vision_context"": [""n Authentication for Preventing Unauthorized Zero-Shot Image-to-Image Generation With the rapid progress in diffusi""]}",{},https://openaccess.thecvf.com/content/CVPR2026/papers/Jia_Adapter_Shield_A_Unified_Framework_with_Built-in_Authentication_for_Preventing_CVPR_2026_paper.pdf,https://cvpr.thecvf.com/virtual/2026/poster/36608,True,cvpr2026_papers.json
cvpr2026_papers:463,CVPR,2026,CamPI: Physical Adversarial Examples through Camera Power Signal Injection,6,C-Foundation,adversarial_core;vision_context,"Physical adversarial examples pose a concrete threat to real‑world computer vision systems. Existing works mainly generate physical adversarial examples by affixing patches or projecting light onto targets, which are usually visible and can expose the malicious intention. In this work, we reveal a new attack surface that generates invisible adversarial samples by injecting signals into the camera's power supply. We analyze the mechanism of injecting structural stripe patterns into cameras and demonstrate the feasibility of controllable fine-grained injection with signal modulation. We develop a simulation model to emulate the physically injected perturbation, and propose end-to-end optimization methodologies in both white-box and black-box settings to generate the injection signal parameters. We perform a simulated evaluation across seven classification models and carry out physical signal injection experiments with optimized signals. The results show that physical adversarial examples generated through camera power signal injection can disrupt computer vision performance. Our work introduces a new methodology for physical adversarial examples, emphasizing the need for securing computer vision systems in the physical world.","{""adversarial_core"": [""CamPI: Physical Adversarial Examples through Camera Power Signal Injection Physical adversa""], ""vision_context"": [""examples pose a concrete threat to real‑world computer vision systems. Existing works mainly generate physical adver""]}",{},https://openaccess.thecvf.com/content/CVPR2026/papers/Ren_CamPI_Physical_Adversarial_Examples_through_Camera_Power_Signal_Injection_CVPR_2026_paper.pdf,https://cvpr.thecvf.com/virtual/2026/poster/37574,True,cvpr2026_papers.json
cvpr2026_papers:1805,CVPR,2026,Decoupled Generative Modeling for Human-Object Interaction Synthesis,6,C-Foundation,adversarial_core;vision_context,"Synthesizing realistic human-object interaction (HOI) is essential for 3D computer vision and robotics, underpinning animation and embodied control. Existing approaches often require manually specified intermediate waypoints and place all optimization objectives on a single network, which increases complexity, reduces flexibility, and leads to errors such as unsynchronized human and object motion or penetration. To address these issues, we propose Decoupled Generative Modeling for Human-Object Interaction Synthesis (DecHOI), which separates path planning and action synthesis. A trajectory generator first produces human and object trajectories without prescribed waypoints, and an action generator conditions on these paths to synthesize detailed motions. To further improve contact realism, we employ adversarial training with a discriminator that focuses on the dynamics of distal joints. The framework also models a moving counterpart and supports responsive, long‑sequence planning in dynamic scenes, while preserving plan consistency. Across two benchmarks, FullBodyManipulation and 3D-FUTURE, DecHOI surpasses prior methods on most quantitative metrics and qualitative evaluations, and perceptual studies likewise prefer our results.","{""adversarial_core"": [""motions. To further improve contact realism, we employ adversarial training with a discriminator that focuses on the dynamics of d""], ""vision_context"": [""-object interaction (HOI) is essential for 3D computer vision and robotics, underpinning animation and embodied cont""]}",{},https://openaccess.thecvf.com/content/CVPR2026/papers/Jung_Decoupled_Generative_Modeling_for_Human-Object_Interaction_Synthesis_CVPR_2026_paper.pdf,https://cvpr.thecvf.com/virtual/2026/poster/37352,True,cvpr2026_papers.json
cvpr2026_papers:718,CVPR,2026,Echoes of Ownership: Adversarial-Guided Dual Injection for Copyright Protection in MLLMs,6,C-Foundation,adversarial_core;vision_context,"With the rapid deployment and widespread adoption of multimodal large language models (MLLMs), disputes regarding model version attribution and ownership have become increasingly frequent, raising significant concerns about intellectual property protection. In this paper, we propose a framework for generating copyright triggers for MLLMs, enabling model publishers to embed verifiable ownership information into the model. The goal is to construct trigger images that elicit ownership-related textual responses exclusively in fine-tuned derivatives of the original model, while remaining inert in other non-derivative models. Our method constructs a tracking trigger image by treating the image as a learnable tensor, performing adversarial optimization with dual-injection of ownership-relevant semantic information. The first injection is achieved by enforcing textual consistency between the output of an auxiliary MLLM and a predefined ownership-relevant target text; the consistency loss is backpropagated to inject this ownership-related information into the image. The second injection is performed at the semantic-level by minimizing the distance between the CLIP features of the image and those of the target text. Furthermore, we introduce an additional adversarial training stage involving the auxiliary model derived from the original model itself. This model is trained to resist generating ownership-relevant target text, thereby enhancing robustness in heavily fine-tuned derivative models. Extensive experiments demonstrate the effectiveness of our dual-injection approach in tracking model lineage under various fine-tuning and domain-shift scenarios.","{""adversarial_core"": [""e target text. Furthermore, we introduce an additional adversarial training stage involving the auxiliary model derived from the o""], ""vision_context"": [""ation into the model. The goal is to construct trigger images that elicit ownership-related textual responses exclus""]}",{},https://openaccess.thecvf.com/content/CVPR2026/papers/Xia_Echoes_of_Ownership_Adversarial-Guided_Dual_Injection_for_Copyright_Protection_in_CVPR_2026_paper.pdf,https://cvpr.thecvf.com/virtual/2026/poster/39817,True,cvpr2026_papers.json
cvpr2026_papers:3345,CVPR,2026,FAPE-IR: Frequency-Aware Planning and Execution Framework for All-in-One Image Restoration,6,C-Foundation,adversarial_core;vision_context,"All-in-One Image Restoration (AIO-IR) aims to develop a unified model that can handle multiple degradations under complex conditions. However, existing methods often rely on task-specific designs or latent routing strategies, making it hard to adapt to real-world scenarios with various degradations. We propose FAPE-IR, a Frequency-Aware Planning and Execution framework for image restoration. It uses a frozen Multimodal Large Language Model (MLLM) as a planner to analyze degraded images and generate concise, frequency-aware restoration plans. These plans guide a LoRA-based Mixture-of-Experts (LoRA-MoE) module within a diffusion-based executor, which dynamically selects high- or low-frequency experts, complemented by frequency features of the input image. To further improve restoration quality and reduce artifacts, we introduce adversarial training and a frequency regularization loss. By coupling semantic planning with frequency-based restoration, FAPE-IR offers a unified and interpretable solution for all-in-one image restoration. Extensive experiments show that FAPE-IR achieves state-of-the-art performance across seven restoration tasks and exhibits strong zero-shot generalization under mixed degradations.","{""adversarial_core"": [""restoration quality and reduce artifacts, we introduce adversarial training and a frequency regularization loss. By coupling seman""], ""vision_context"": [""-Aware Planning and Execution Framework for All-in-One Image Restoration All-in-One Image Restoration (AIO-IR) aims""]}",{},https://openaccess.thecvf.com/content/CVPR2026/papers/Liu_FAPE-IR_Frequency-Aware_Planning_and_Execution_Framework_for_All-in-One_Image_Restoration_CVPR_2026_paper.pdf,https://cvpr.thecvf.com/virtual/2026/poster/36935,True,cvpr2026_papers.json
cvpr2026_papers:1490,CVPR,2026,Finetune Like You Pretrain: Boosting Zero-shot Adversarial Robustness in Vision-language Models,6,C-Foundation,adversarial_core;vision_context,,"{""adversarial_core"": [""Finetune Like You Pretrain: Boosting Zero-shot Adversarial Robustness in Vision-language Models""], ""vision_context"": [""Pretrain: Boosting Zero-shot Adversarial Robustness in Vision-language Models""]}",{},,https://cvpr.thecvf.com/virtual/2026/poster/40586,False,cvpr2026_papers.json
cvpr2026_papers:4945,CVPR,2026,FlashIn: Fast and Accurate Image Inversion for Real-time Image Editing,6,C-Foundation,adversarial_core;vision_context,"Given an image and a descriptive prompt, image inversion seeks to identify the initial noise that, when denoised, accurately reconstructs the original image. This is crucial for applications like image editing, which can be achieved by denoising the inverted noise with an edited prompt. Existing methods often rely on approximations. They often require many steps, leading to inaccuracies, slow processing, and artifacts due to the inherent intractability in the inversion process. To overcome these issues, in this work, we propose FlashIn, a novel algorithm for faster and more accurate image inversion, enabling high-quality, real-time editing. FlashIn offers two main contributions: i) A learnable neural network directly maps an image to its corresponding noise. Trained with a cycle-consistent strategy using generated data and seed noise, this approach yields a more efficient and precise inversion model. ii) Adversarial training aligns noise-reconstructed images with real ones, enhancing inversion accuracy and editing quality. These strategies enable a fast, accurate inversion process in a single step, with further improvements possible through additional steps. Integrated with few-step diffusion models such as Flux.1-Schnell, our method achieves high-quality image editing within one second on a single A100 GPU, facilitating real-time, interactive editing. Extensive experiments demonstrate that FlashIn delivers state-of-the-art inversion precision and impressive editing results across various scenarios and applications.","{""adversarial_core"": [""elds a more efficient and precise inversion model. ii) Adversarial training aligns noise-reconstructed images with real ones, enha""], ""vision_context"": [""FlashIn: Fast and Accurate Image Inversion for Real-time Image Editing Given an image a""]}",{},https://openaccess.thecvf.com/content/CVPR2026/papers/Wang_FlashIn_Fast_and_Accurate_Image_Inversion_for_Real-time_Image_Editing_CVPR_2026_paper.pdf,https://cvpr.thecvf.com/virtual/2026/poster/37523,True,cvpr2026_papers.json
cvpr2026_papers:3352,CVPR,2026,GenBreak: Red Teaming Text-to-Image Generation Using Large Language Models,6,C-Foundation,adversarial_core;vision_context,"Text-to-image (T2I) models such as Stable Diffusion have advanced rapidly and are now widely used in content creation. However, these models can be misused to generate harmful content, including nudity or violence, posing significant safety risks. While most platforms employ content moderation systems, underlying vulnerabilities can still be exploited by deliberate adversaries.Recent research on red-teaming and adversarial attacks against T2I models faces a critical limitation: existing methods struggle to balance prompt stealthiness with high toxicity in generated images. Some studies successfully generate highly toxic images but use adversarial prompts that are easily detected and blocked by safety filters, while others focus on bypassing safety mechanisms but fail to produce genuinely harmful outputs, neglecting the discovery of truly high-risk prompts. Consequently, there remains a lack of reliable tools for evaluating the safety of defended T2I models.To address this gap, we propose GenBreak, a framework that fine-tunes a red-team large language model (LLM) to systematically explore underlying vulnerabilities in T2I generators. Our approach combines supervised fine-tuning on curated datasets with reinforcement learning via interaction with a surrogate T2I model. By integrating multiple reward signals, we guide the LLM to craft adversarial prompts that enhance both evasion capability and image toxicity, while maintaining semantic coherence and diversity. These prompts demonstrate strong effectiveness in black-box attacks against commercial T2I generators, revealing practical safety weaknesses.","{""adversarial_core"": [""iberate adversaries.Recent research on red-teaming and adversarial attacks against T2I models faces a critical limitation: existi""], ""vision_context"": [""GenBreak: Red Teaming Text-to-Image Generation Using Large Language Models Text-to-image (""]}",{},https://openaccess.thecvf.com/content/CVPR2026/papers/Wang_GenBreak_Red_Teaming_Text-to-Image_Generation_Using_Large_Language_Models_CVPR_2026_paper.pdf,https://cvpr.thecvf.com/virtual/2026/poster/38385,True,cvpr2026_papers.json
cvpr2026_papers:4519,CVPR,2026,Hierarchical Attacks for Multi‑Modal Multi‑Agent Reasoning,6,C-Foundation,adversarial_core;vision_context,"Multi‑modal multi‑agent systems (MM‑MAS) have gained increasing attention for their capacity to enable complex reasoning and coordination across diverse modalities. As these systems continue to expand in scale and functionality, investigating their potential vulnerabilities has become increasingly important.However, existing studies on adversarial attacks in multi‑agent systems primarily focus on isolated agents or unimodal settings, leaving the vulnerabilities of MM‑MAS largely underexplored. To bridge this gap, we introduce HAM\textsuperscript{3}, a Hierarchical Attack framework for multi-modal multi-agent systems that decomposes attacks into three interconnected layers. Specifically, at the perception layer, HAM\textsuperscript{3}mounts attacks by perturbing visual inputs, textual inputs, and their fused visual–textual representations. At the communication layer, it performs communication-level attacks that corrupt message content and interaction topology, such as manipulating shared context or communication links to distort collective information flow. At the reasoning layer, it conducts reasoning-level attacks that interfere with each agent’s cognitive pipeline, biasing reasoning trajectories and ultimately compromising final decisions. We evaluate HAM\textsuperscript{3} on the GQA benchmark through multi‑agent systems built on distinct reasoning paradigms including ReAct, Plan‑and‑Solve, and Reflexion. Experiments demonstrate that our framework achieves an Attack Success Rate of up to 78.3\%, with reasoning‑layer attacks being the most effective. More than half of the successful attacks lead multiple agents to produce consistent errors. These findings offer valuable insights for building more robust and interpretable multi‑agent intelligence.","{""adversarial_core"": [""me increasingly important.However, existing studies on adversarial attacks in multi‑agent systems primarily focus on isolated age""], ""vision_context"": [""er, HAM\\textsuperscript{3}mounts attacks by perturbing visual inputs, textual inputs, and their fused visual–textual""]}",{},https://openaccess.thecvf.com/content/CVPR2026/papers/Zhou_Hierarchical_Attacks_for_Multi-Modal_Multi-Agent_Reasoning_CVPR_2026_paper.pdf,https://cvpr.thecvf.com/virtual/2026/poster/37614,True,cvpr2026_papers.json
cvpr2026_papers:3564,CVPR,2026,Improving Adversarial Transferability with Local Perturbation Augmentation,6,C-Foundation,adversarial_core;classification_context,"Adversarial examples expose fundamental vulnerabilities within deep neural networks, and their transferability highlights shared weaknesses across diverse models. Existing mainstream attack methods often rely on iterative processes with various strategies to improve transferability, but the limited knowledge of the target model restricts the success of these approaches. In this paper, we reveal that the iterative optimization process tends to over-specialize adversarial perturbations to the local gradient characteristics of the surrogate model, thereby hindering their transferability to other models. To address this limitation, we propose a novel attack method called Local Perturbation Augmentation Attack (LPAA). The key innovation of our approach lies in constructing multiple augmented local subspaces during each iteration, which steers perturbation updates towards a more generalizable direction, effectively reducing over-reliance on the surrogate model. Additionally, to improve the initial performance and overcome sensitivity to initial perturbation, we introduce a dedicated perturbation initialization strategy that ensures the optimization process starts from a direction with greater ability for transferability. Compared with existing random neighborhood sampling strategies, the LPAA serves as an effective approach that leverages the directional characteristics of perturbations to overcome their limitations. Extensive experiments on CNNs and ViTs demonstrate that LPAA consistently generates highly transferable adversarial examples, significantly surpassing the performance of state-of-the-art methods.","{""adversarial_core"": [""l Transferability with Local Perturbation Augmentation Adversarial examples expose fundamental vulnerabilities within deep neural""], ""classification_context"": [""o overcome their limitations. Extensive experiments on CNNs and ViTs demonstrate that LPAA consistently generates""]}",{},https://openaccess.thecvf.com/content/CVPR2026/papers/Mi_Improving_Adversarial_Transferability_with_Local_Perturbation_Augmentation_CVPR_2026_paper.pdf,https://cvpr.thecvf.com/virtual/2026/poster/39143,True,cvpr2026_papers.json
cvpr2026_papers:5020,CVPR,2026,Omni-Attack: Adversarial Attacks on Open-Ended VQA in Black-Box Multimodal LLMs,6,C-Foundation,adversarial_core;vision_context,"Multimodal large language models (MLLMs) have achieved remarkable success across diverse applications, from autonomous driving to document understanding. As these models are deployed in safety-critical contexts, understanding their adversarial robustness becomes crucial. However, current evaluations focus primarily on simple tasks like coarse-grained classification, and employ inconsistent evaluation protocols, hindering rigorous comparison of attack methods. We introduce AdvRobustBench, a comprehensive adversarial robustness benchmark for MLLMs comprising 1,000 examples across visual question answering (VQA) and optical character recognition (OCR) tasks, drawn from widely-used MLLM benchmarks (MMBench, MMStar, OCRBench-v2). We further propose Omni-Attack, a novel transfer-based black-box attack method that addresses key challenges in attacking open-ended question-answering systems. Our approach introduces (i) a target-construction pipeline that generates question-conditioned textual and visual targets to provide stronger optimization signals, and (ii) a location-aware attack strategy for OCR that enables spatially-precise perturbations. Extensive experiments demonstrate that Omni-Attack achieves strong targeted attack success rates (up to 71.8\% on GPT-4.1 at $\varepsilon=8/255$) across both proprietary models (GPT-4.1, Claude 3.7, Gemini 2.0) and open-source MLLMs, revealing significant vulnerabilities in current multimodal systems. Our benchmark and findings establish a foundation for developing more robust MLLMs.","{""adversarial_core"": [""Omni-Attack: Adversarial Attacks on Open-Ended VQA in Black-Box Multimodal LLMs Multimo""], ""vision_context"": [""s benchmark for MLLMs comprising 1,000 examples across visual question answering (VQA) and optical character recogni""]}",{},https://openaccess.thecvf.com/content/CVPR2026/papers/Hu_Omni-Attack_Adversarial_Attacks_on_Open-Ended_VQA_in_Black-Box_Multimodal_LLMs_CVPR_2026_paper.pdf,https://cvpr.thecvf.com/virtual/2026/poster/39441,True,cvpr2026_papers.json
cvpr2026_papers:638,CVPR,2026,PGA: Prior-free Generative Attack for Practical No-box Scenario,6,C-Foundation,adversarial_core;vision_context,"The unrealistic reliance on abundant prior information in traditional transferable attacks has spurred the Practical No-box Scenario (PNS), where attackers can access only limited unlabeled images. However, existing methods rely on iterative optimization to produce adversarial examples with inherently limited inference speed and transferability. Conversely, faster generative attacks fundamentally conflict with the PNS due to their critical dependence on abundant prior information that is explicitly absent in this scenario. To bridge this gap, we propose Prior-free Generative Attack (PGA), the first generative attack tailored for the PNS. Specifically, we introduce the Curriculum-Guided Micro-Robust Optimization that progressively incorporates more challenging discriminative tasks to mitigate the degenerate solutions common in self-supervised learning with limited data, yielding robust and transferable surrogates for downstream attacks. Furthermore, the Region-Aware Consistent Perturbation Learning guides the generator to produce fine-grained and spatially coherent perturbations, mitigating the common pitfall of generative attacks falling into local optima under insufficient supervision. Extensive experiments demonstrate that our PGA achieves remarkable transferability across various settings with high inference speed. This work provides a more practical benchmark for future research on transferable attacks, revealing the great potential of generative attacks under the PNS.","{""adversarial_core"": [""ting methods rely on iterative optimization to produce adversarial examples with inherently limited inference speed and transferab""], ""vision_context"": [""NS), where attackers can access only limited unlabeled images. However, existing methods rely on iterative optimizat""]}",{},https://openaccess.thecvf.com/content/CVPR2026/papers/Peng_PGA_Prior-free_Generative_Attack_for_Practical_No-box_Scenario_CVPR_2026_paper.pdf,https://cvpr.thecvf.com/virtual/2026/poster/38647,True,cvpr2026_papers.json
cvpr2026_papers:852,CVPR,2026,Protect to Adapt: Subspace-Constrained Adaptation with Ranked Negative Prompt Feedback for Few-Shot Action Recognition,6,C-Foundation,adversarial_core;vision_context,"Adapting Vision–Language Models (VLMs) to few-shot action recognition (FSAR) often trades accuracy for stability: task-specific gains can trigger catastrophic forgetting of domain-general knowledge and reduce inter-class margins. In few-shot episodes, each query is contrasted with only one positive class and a few negatives, so the text encoder sees limited prompt diversity and rarely observes hard counter-examples near decision boundaries. We propose Protect-to-Adapt (P2A), a parameter-efficient fine-tuning method with two complementary modules. Orthogonal Subspace Control (OSC) estimates a principal semantic subspace of the pre-trained backbone and constrains low-rank updates to its orthogonal complement, preserving domain-general semantics while allowing task-specific adaptation. Ranked Negative-prompt Curriculum (RNC) uses a large language model to generate verifier-filtered negative prompts with increasing difficulty. These class-specific hard counter-examples enlarge margins and sharpen decision boundaries under few-shot conditions. With only 2\% of backbone parameters trainable, P2A achieves state-of-the-art performance on five FSAR benchmarks and substantially reduces catastrophic forgetting in a cross-dataset continual-learning setting where the model is adapted sequentially to multiple video datasets without replay.","{""adversarial_core"": [""els (VLMs) to few-shot action recognition (FSAR) often trades accuracy for stability: task-specific gains can trigge""], ""vision_context"": [""ompt Feedback for Few-Shot Action Recognition Adapting Vision–Language Models (VLMs) to few-shot action recognition""]}",{},https://openaccess.thecvf.com/content/CVPR2026/papers/Qi_Protect_to_Adapt_Orthogonal_Subspace_Control_with_Ranked_Negative-Prompt_Curriculum_CVPR_2026_paper.pdf,https://cvpr.thecvf.com/virtual/2026/poster/36274,True,cvpr2026_papers.json
cvpr2026_papers:2975,CVPR,2026,RaPA: Enhancing Transferable Targeted Attacks via Random Parameter Pruning,6,C-Foundation,adversarial_core;classification_context,"Compared to untargeted attacks, targeted transfer-based attack is still suffering from much lower Attack Success Rates (ASRs), although significant improvements have been achieved by kinds of methods, such as diversifying input, stabilizing the gradient, and re-training surrogate models. In this paper, we find that adversarial examples generated by existing methods rely heavily on a small subset of surrogate model parameters, which in turn limits their transferability to unseen target models. Inspired by this, we propose the Random Parameter Pruning Attack (RaPA), which introduces parameter-level randomization during the attack process. At each optimization step, RaPA randomly prunes model parameters to generate diverse yet semantically consistent surrogate variants.We show this parameter-level randomization is equivalent to adding an importance-equalization regularizer, thereby alleviating the over-reliance issue. Extensive experiments across both CNN and Transformer architectures demonstrate that RaPA substantially enhances transferability. In the challenging case of transferring from CNN-based to Transformer-based models, RaPA achieves up to 11.7\% higher average ASRs than state-of-the-art baselines(with 33.3\% ASRs), while being training-free, cross-architecture efficient, and easily integrated into existing attack frameworks.","{""adversarial_core"": [""training surrogate models. In this paper, we find that adversarial examples generated by existing methods rely heavily on a small""], ""classification_context"": [""over-reliance issue. Extensive experiments across both CNN and Transformer architectures demonstrate that RaPA su""]}",{},https://openaccess.thecvf.com/content/CVPR2026/papers/Su_RaPA_Enhancing_Transferable_Targeted_Attacks_via_Random_Parameter_Pruning_CVPR_2026_paper.pdf,https://cvpr.thecvf.com/virtual/2026/poster/36301,True,cvpr2026_papers.json
cvpr2026_papers:3493,CVPR,2026,Robust3DGSW: Toward Robust Watermarking for Quantization-Aware 3D Gaussian Splatting,6,C-Foundation,adversarial_core;vision_context,"Although current watermarking techniques for 3D Gaussian Splatting (3DGS) are promising in protecting the copyrights of both 3DGS models and their rendered images, they greatly suffer from low watermark robustness and poor rendering quality when applying quantization to large 3DGS models to accommodate resource-limited devices. To address these problems, this paper introduces a novel two-stage quantization-aware 3DGS watermarking approach called Robust3DGSW. By properly embedding watermarks into the mid-frequency bands of both the 3D Gaussian parameters and 2D rendered images, the first stage of Robust3DGSW can effectively counteract the quantization-induced signal loss and mitigate the adverse effects of watermarks on rendered images. In the second stage, Robust3DGSW trains both 2D and 3D decoders using our proposed multi-scale adversarial perturbation approach, alongside a gradual quantization process, which enables robust watermark extraction even under excessive quantization. Comprehensive experimental results obtained from the well-known Blender, LLFF, and MipNeRF-360 datasets demonstrate that, when compared to leading 3DGS watermarking techniques, Robust3DGSW not only mitigates the negative effects of quantization on watermarks but also enables fast rendering with high quality.","{""adversarial_core"": [""both 2D and 3D decoders using our proposed multi-scale adversarial perturbation approach, alongside a gradual quantization process, wh""], ""vision_context"": [""the copyrights of both 3DGS models and their rendered images, they greatly suffer from low watermark robustness and""]}",{},https://openaccess.thecvf.com/content/CVPR2026/papers/Wang_Robust3DGSW_Toward_Robust_Watermarking_for_Quantization-Aware_3D_Gaussian_Splatting_CVPR_2026_paper.pdf,https://cvpr.thecvf.com/virtual/2026/poster/39984,True,cvpr2026_papers.json
cvpr2026_papers:2791,CVPR,2026,Shedding Light on VLN Robustness: A Black-box Framework for Indoor Lighting-based Adversarial Attack,6,C-Foundation,adversarial_core;vision_context,"Vision-and-Language Navigation (VLN) agents have made remarkable progress, but their robustness remains insufficiently studied. Existing adversarial evaluations often rely on perturbations that manifest as unusual textures rarely encountered in everyday indoor environments. Errors under such contrived conditions have limited practical relevance, as real-world agents are unlikely to encounter such artificial patterns. In this work, we focus on indoor lighting, an intrinsic yet largely overlooked scene attribute that strongly influences navigation. We propose Indoor Lighting-based Adversarial Attack (ILA), a black-box framework that manipulates global illumination to disrupt VLN agents. Motivated by typical household lighting usage, we design two attack modes: Static Indoor Lighting-based Attack (SILA), where the lighting intensity remains constant throughout an episode, and Dynamic Indoor Lighting-based Attack (DILA), where lights are switched on or off at critical moments to induce abrupt illumination changes. We evaluate ILA on two state-of-the-art VLN models across three navigation tasks. Results show that ILA significantly increases failure rates while reducing trajectory efficiency, revealing previously unrecognized vulnerabilities of VLN agents to realistic indoor lighting variations.","{""adversarial_core"": [""tness: A Black-box Framework for Indoor Lighting-based Adversarial Attack Vision-and-Language Navigation (VLN) agents have made""], ""vision_context"": [""Framework for Indoor Lighting-based Adversarial Attack Vision-and-Language Navigation (VLN) agents have made remarka""]}",{},https://openaccess.thecvf.com/content/CVPR2026/papers/Li_Shedding_Light_on_VLN_Robustness_A_Black-box_Framework_for_Indoor_CVPR_2026_paper.pdf,https://cvpr.thecvf.com/virtual/2026/poster/38514,True,cvpr2026_papers.json
cvpr2026_papers:2993,CVPR,2026,Shoe Style-Invariant and Ground-Aware Learning for Dense Foot Contact Estimation,6,C-Foundation,adversarial_core;vision_context,"Foot contact plays a critical role in human interaction with the world, and thus exploring foot contact can advance our understanding of human movement and physical interaction. Despite its importance, existing methods often approximate foot contact using a zero-velocity constraint and focus on joint-level contact, failing to capture the detailed interaction between the foot and the world. Dense estimation of foot contact is crucial for accurately modeling this interaction, yet predicting dense foot contact from a single RGB image remains largely underexplored. There are two main challenges for learning dense foot contact estimation. First, shoes exhibit highly diverse appearances, making it difficult for models to generalize across different styles. Second, ground often has a monotonous appearance, making it difficult to extract informative features. To tackle these issues, we present a FEet COntact estimation (FECO) framework that learns dense foot contact with shoe style-invariant and ground-aware learning. To overcome the challenge of shoe appearance diversity, our approach incorporates shoe style adversarial training that enforces shoe style-invariant features for contact estimation. To effectively utilize ground information, we introduce a ground feature extractor that captures ground properties based on spatial context. As a result, our proposed method achieves robust foot contact estimation regardless of shoe appearance and effectively leverages ground information. Code will be released.","{""adversarial_core"": [""arance diversity, our approach incorporates shoe style adversarial training that enforces shoe style-invariant features for contac""], ""vision_context"": [""n, yet predicting dense foot contact from a single RGB image remains largely underexplored. There are two main chal""]}",{},https://openaccess.thecvf.com/content/CVPR2026/papers/Jung_Shoe_Style-Invariant_and_Ground-Aware_Learning_for_Dense_Foot_Contact_Estimation_CVPR_2026_paper.pdf,https://cvpr.thecvf.com/virtual/2026/poster/39209,True,cvpr2026_papers.json
cvpr2026_papers:198,CVPR,2026,TTP: Test-Time Padding for Adversarial Detection and Robust Adaptation on Vision-Language Models,6,C-Foundation,adversarial_core;vision_context,"Vision-Language Models (VLMs), such as CLIP, have achieved impressive zero-shot recognition performance but remain highly susceptible to adversarial perturbations, posing significant risks in safety-critical scenarios. Previous training-time defenses rely on adversarial fine-tuning, which requires labeled data and costly retraining, while existing test-time strategies fail to reliably distinguish between clean and adversarial inputs, thereby preventing both adversarial robustness and clean accuracy from reaching their optimum. To address these limitations, we propose Test-Time Padding (TTP), a lightweight defense framework that performs adversarial detection followed by targeted adaptation at inference. TTP identifies adversarial inputs via the cosine similarity shift between CLIP feature embeddings computed before and after spatial padding, yielding a universal threshold for reliable detection across architectures and datasets. For detected adversarial cases, TTP employs trainable padding to restore disrupted attention patterns, coupled with a similarity-aware ensemble strategy for a more robust final prediction. For clean inputs, TTP leaves them unchanged by default or optionally integrates existing test-time adaptation techniques for further accuracy gains. Comprehensive experiments on diverse CLIP backbones and fine-grained benchmarks show that TTP consistently surpasses state-of-the-art test-time defenses, delivering substantial improvements in adversarial robustness without compromising clean accuracy. The code for this paper will be released soon.","{""adversarial_core"": [""cognition performance but remain highly susceptible to adversarial perturbations, posing significant risks in safety-critical scenarios""], ""vision_context"": [""ing for Adversarial Detection and Robust Adaptation on Vision-Language Models Vision-Language Models (VLMs), such as""]}",{},https://openaccess.thecvf.com/content/CVPR2026/papers/Li_TTP_Test-Time_Padding_for_Adversarial_Detection_and_Robust_Adaptation_on_CVPR_2026_paper.pdf,https://cvpr.thecvf.com/virtual/2026/poster/39824,True,cvpr2026_papers.json
cvpr2026_papers:4817,CVPR,2026,Verifying Neural Network Robustness with Dual Perturbations,6,C-Foundation,adversarial_core;vision_context,"Safety-critical deep learning systems must be robust against real-world corruptions combining spatially correlated distortions and independent noise.Current deep neural network verification methods handle these perturbations separately, either checking independent pixel-wise perturbations or restricted convolutional transformations using predefined patterns.This gap prevents assessing robustness under realistic conditions where both perturbation types occur simultaneously.To address these limitations, we propose VeriDou, a framework that introduces:(i) universal convolutional perturbations that enable verification across continuous spatial distortion spaces, and(ii) dual perturbations that capture both convolutional distortions and independent pixel-level variations.Our evaluation on a set of diverse benchmarks with 14340 instances shows VeriDou's dual perturbations approach found substantially more adversarial examples on networks that existing methods claimed to be highly robust.This shows that VeriDou is able to explore a broader range of unsafe regions and thus enhances formal assessment of robustness.","{""adversarial_core"": [""s dual perturbations approach found substantially more adversarial examples on networks that existing methods claimed to be highly""], ""vision_context"": [""perturbations separately, either checking independent pixel-wise perturbations or restricted convolutional transfo""]}",{},https://openaccess.thecvf.com/content/CVPR2026/papers/Duong_Verifying_Neural_Network_Robustness_with_Dual_Perturbations_CVPR_2026_paper.pdf,https://cvpr.thecvf.com/virtual/2026/poster/39187,True,cvpr2026_papers.json
cvpr2026_papers:2976,CVPR,2026,All Vehicles Can Lie: Efficient Adversarial Defense in Fully Untrusted-Vehicle Collaborative Perception via Pseudo-Random Bayesian Inference,5,C-Foundation,adversarial_core,"Collaborative perception (CP) enables multiple vehicles to augment their individual perception capacities through the exchange of feature-level sensory data. However, this fusion mechanism is inherently vulnerable to adversarial attacks, especially in fully untrusted-vehicle environments. Existing defense approaches often assume a trusted ego vehicle as a reference or incorporate additional binary classifiers. These assumptions limit their practicality in real-world deployments due to the questionable trustworthiness of ego vehicles, the requirement for real-time detection, and the need for generalizability across diverse scenarios. To address these challenges, we propose a novel Pseudo-Random Bayesian Inference (PRBI) framework, a first efficient defense method tailored for fully untrusted-vehicle CP. PRBI detects adversarial behavior by leveraging temporal perceptual discrepancies, using the reliable perception from the preceding frame as a dynamic reference. Additionally, it employs a pseudo-random grouping strategy that requires only two verifications per frame, while applying Bayesian inference to estimate both the number and identities of malicious vehicles. Theoretical analysis has proven the convergence and stability of the proposed PRBI framework. Extensive experiments show that PRBI requires only 2.5 verifications per frame on average, outperforming existing methods significantly, and restores detection precision to between 79.4% and 86.9% of pre-attack levels.","{""adversarial_core"": [""All Vehicles Can Lie: Efficient Adversarial Defense in Fully Untrusted-Vehicle Collaborative Perception vi""]}",{},https://openaccess.thecvf.com/content/CVPR2026/papers/Yu_All_Vehicles_Can_Lie_Efficient_Adversarial_Defense_in_Fully_Untrusted-Vehicle_CVPR_2026_paper.pdf,https://cvpr.thecvf.com/virtual/2026/poster/39484,True,cvpr2026_papers.json
cvpr2026_papers:1477,CVPR,2026,"Defending CLIP via Noise-Induced Feature Dynamics for Training-Free, Zero-shot Adversarial Robustness",5,C-Foundation,adversarial_core,,"{""adversarial_core"": [""-Induced Feature Dynamics for Training-Free, Zero-shot Adversarial Robustness""]}",{},,https://cvpr.thecvf.com/virtual/2026/poster/40578,False,cvpr2026_papers.json
cvpr2026_papers:1569,CVPR,2026,DiffGradCAM: A Class Activation Map Using the Full Model Decision to Solve Unaddressed Adversarial Attacks,5,C-Foundation,adversarial_core,,"{""adversarial_core"": [""Map Using the Full Model Decision to Solve Unaddressed Adversarial Attacks""]}",{},,https://cvpr.thecvf.com/virtual/2026/poster/40631,False,cvpr2026_papers.json
cvpr2026_papers:4736,CVPR,2026,FedCART: Tackling Long-Tailed Distributions in Federated Adversarial Training via Classifier Refinement,5,C-Foundation,adversarial_core,"Growing privacy and security demands in the real world have spurred interest in adversarially robust Federated Learning (FL). While Adversarial Training (AT) is a well-established defense in centralized learning, its extension to the federated setting, known as Federated Adversarial Training (FAT), faces significant challenges due to data heterogeneity across clients. Existing FAT methods have made significant contributions, but they typically assume a balanced global data distribution, an assumption that rarely holds true in practice due to the prevalence of long-tailed distributions. This work first identifies and diagnoses the severe performance degradation of FAT under long-tailed data, attributing it to skewed feature representations and impaired classifier discriminability. To address this, we propose FedCART, a novel FAT framework that decouples the model into a shared feature extractor and a dual-classifier structure. On the client side, a representation-alignment loss enhances adversarial robustness, while gradient-based class prototypes are extracted for classifier calibration. On the server side, models and prototype sets are aggregated to synthesize balanced virtual features, enabling the re-training of an auxiliary classifier to mitigate long-tailed bias. Extensive experiments demonstrate that FedCART significantly improves both accuracy and robustness, outperforming state-of-the-art FAT methods. To the best of our knowledge, this is the first work to systematically investigate and address FAT under long-tailed distributions, representing a significant step toward practical adversarial robustness in FL. Our code will be publicly available upon acceptance.","{""adversarial_core"": [""dCART: Tackling Long-Tailed Distributions in Federated Adversarial Training via Classifier Refinement Growing privacy and security""]}",{},https://openaccess.thecvf.com/content/CVPR2026/papers/Qin_FedCART_Tackling_Long-Tailed_Distributions_in_Federated_Adversarial_Training_via_Classifier_CVPR_2026_paper.pdf,https://cvpr.thecvf.com/virtual/2026/poster/39619,True,cvpr2026_papers.json
cvpr2026_papers:732,CVPR,2026,Fractal Camouflage: A Bio-Inspired Approach for Multi-Scale Adversarial Attacks in the Infrared Domain,5,C-Foundation,adversarial_core,"Infrared pedestrian detection is crucial in safety-critical systems but remains vulnerable to adversarial attacks. Existing physical attacks often rely on fixed, static patterns. However, they often lack robustness across scales, as their hand-crafted or uniformly generated structures are fundamentally limited by a fixed receptive field and fail to adapt to varying distances and scene contexts. In light of this, we propose AdvFractal, a black-box attack that exploits the innate self-similarity and structural richness of fractal geometry to naturally generate multi-scale, physically realizable adversarial perturbations. By modeling perturbations with H-type fractals and optimizing parameters via Particle Swarm Optimization, AdvFractal seamlessly coordinates attacks across scales, progressively disrupting detector features from local textures to global shapes. Experiments show AdvFractal achieves an attack success rate (ASR) of 97.54% in the physical domain and 99.16% cross-dataset, significantly outperforming state-of-the-art methods. The perturbations are highly effective in the infrared spectrum while remaining stealthy in visible light, offering a novel approach for evaluating and understanding the security of infrared detection systems.","{""adversarial_core"": [""al Camouflage: A Bio-Inspired Approach for Multi-Scale Adversarial Attacks in the Infrared Domain Infrared pedestrian detection i""]}",{},https://openaccess.thecvf.com/content/CVPR2026/papers/Hu_Fractal_Camouflage_A_Bio-Inspired_Approach_for_Multi-Scale_Adversarial_Attacks_in_CVPR_2026_paper.pdf,https://cvpr.thecvf.com/virtual/2026/poster/40207,True,cvpr2026_papers.json
cvpr2026_papers:4514,CVPR,2026,Good Can Sometimes be Bad: A Unified Attack against 3D Point Cloud Classifier by a Flexible Isotropic Resampling,5,C-Foundation,adversarial_core,"To ensure the robustness of 3D point cloud Deep Neural Network(3D DNN), 3D adversarial attack targeting the inference stage and backdoor attack targeting the training stage are well studied. The success of both attacks usually requires a specified permissions that attacker must have. However, the obtainable permissions are uncertain due to the deployment environment changes in practical scenarios. This renders existing separately designed adversarial attack or backdoor attack ineffective. To solve this issue, this paper proposes a unified attack that can adapt to both 3D point cloud backdoor attack and adversarial attack, named UAtt3D. Furthermore, by observing existing attacks, their way to promise attack stealthiness is to limit the undesirable perturbation. This strategy requires moving the point position as little as possible, which restricts the attack intensity and is not suitable for our unified attack. Meanwhile, this strategy will inevitably cause a quality decrease on 3D point cloud due to the remaining malicious perturbation. Therefore, our UAtt3D explores a new avenue to guarantee attack stealthiness which improves the quality of attacked 3D point cloud rather than decreasing it. In detail, to simultaneously consider feature movement of adversarial attack and backdoor feature learning of backdoor attack, a flexible isotropic resampling is designed. It realigns the position of most points based on surface approximation and rays sampling. By fine tuning the resampled point cloud, adversarial point cloud and backdoored point cloud are obtained. Several experiments suggest that the proposed UAtt3D achieves outstanding stealthiness comparing with existing adversarial attacks and backdoor attacks from the subjective and objective perspective. Meanwhile, its attack efficiency is competitive.","{""adversarial_core"": [""ness of 3D point cloud Deep Neural Network(3D DNN), 3D adversarial attack targeting the inference stage and backdoor attack targ""]}",{},https://openaccess.thecvf.com/content/CVPR2026/papers/Fan_Good_Can_Sometimes_be_Bad_A_Unified_Attack_against_3D_CVPR_2026_paper.pdf,https://cvpr.thecvf.com/virtual/2026/poster/37585,True,cvpr2026_papers.json
cvpr2026_papers:2440,CVPR,2026,MART: Mechanism-disentanglement Anchor-Routed Training for Learning with Open-World Noisy Data,5,C-Foundation,adversarial_core,,"{""adversarial_core"": [""MART: Mechanism-disentanglement Anchor-Routed Training for""]}",{},,https://cvpr.thecvf.com/virtual/2026/poster/41192,False,cvpr2026_papers.json
cvpr2026_papers:3252,CVPR,2026,Mitigating Error Amplification in Fast Adversarial Training,5,C-Foundation,adversarial_core,"Fast Adversarial Training (FAT) has proven effective in enhancing model robustness by encouraging networks to learn perturbation-invariant representations.However, FAT often suffers from catastrophic overfitting (CO), where the model overfits to the training attack and fails to generalize to unseen ones. Moreover, robustness-oriented optimization typically leads to notable performance degradation on clean inputs, and such degradation becomes increasingly severe as the perturbation budget grows.In this work, we conduct a comprehensive analysis of how guidance strength affects model performance by modulating perturbation and supervision levels across distinct confidence groups.The findings reveal that low-confidence samples are the primary contributors to CO and the robustness–accuracy trade-off. Building on this insight, we propose a Distribution-aware Dynamic Guidance (DDG) strategy that dynamically adjusts both the perturbation budget and supervision signal. Specifically, DDG scales the perturbation magnitude according to the sample confidence at the ground-truth class, thereby guiding samples toward consistent decision boundaries while mitigating the influence of learning spurious correlations. Simultaneously, it dynamically adjusts the supervision signal based on the prediction state of each sample, preventing overemphasis on incorrect signals. To alleviate potential gradient instability arising from dynamic guidance, we further design a weighted regularization constraint.Extensive experiments on standard benchmarks demonstrate that DDG effectively alleviates both CO and the robustness–accuracy trade-off.","{""adversarial_core"": [""Mitigating Error Amplification in Fast Adversarial Training Fast Adversarial Training (FAT) has proven effective i""]}",{},https://openaccess.thecvf.com/content/CVPR2026/papers/Zhao_Mitigating_Error_Amplification_in_Fast_Adversarial_Training_CVPR_2026_paper.pdf,https://cvpr.thecvf.com/virtual/2026/poster/37922,True,cvpr2026_papers.json
cvpr2026_papers:3881,CVPR,2026,On the Role of Temporal Granularity in the Robustness of Spiking Neural Networks,5,C-Foundation,adversarial_core,"As the third generation of neural networks, Spiking Neural Networks (SNNs) have demonstrated remarkable potential across diverse applications owing to their unique temporal dynamics. In recent years, analyzing the robustness of SNNs from a temporal perspective has become an emerging research focus. However, most existing works examine only the overall temporal behavior of SNNs, typically applying adversarial attacks that rely on time-averaged gradients.In this study, we revisit SNN robustness through the lens of temporal granularity, emphasizing the distinct behaviors that occur at individual time steps. We first introduce a Temporal Granularity Attack (TG-Attack), which selectively perturbs gradients at specific time steps. This approach enables a finer-grained evaluation of SNN robustness across time and demonstrates higher attack success rates than traditional gradient-averaging methods.Furthermore, we theoretically show that the robustness of SNNs at a given time step is determined by the Hessian of the input–output gradient at that step, which we define as Temporal Sensitivity (TS). By calculating the Temporal Sensitivity Value (TSV) for each time step, robustness can be effectively estimated without generating adversarial examples. Finally, we propose a Temporal Granularity Regularization (TG-Reg) term that constrains the TSV across all time steps, thereby improving the model’s overall robustness. Experimental evaluations confirm that our framework consistently outperforms existing state-of-the-art methods.","{""adversarial_core"": [""overall temporal behavior of SNNs, typically applying adversarial attacks that rely on time-averaged gradients.In this study, we""]}",{},https://openaccess.thecvf.com/content/CVPR2026/papers/Xu_On_the_Role_of_Temporal_Granularity_in_the_Robustness_of_CVPR_2026_paper.pdf,https://cvpr.thecvf.com/virtual/2026/poster/36599,True,cvpr2026_papers.json
cvpr2026_papers:371,CVPR,2026,"Out of Sight, Out of Track: Adversarial Attacks on Propagation-based Multi-Object Trackers via Query State Manipulation",5,C-Foundation,adversarial_core,"Recent Tracking-by-Query-Propagation (TBP) methods have advanced Multi-Object Tracking (MOT) by enabling end-to-end (E2E) pipelines with long-range temporal modeling. However, this reliance on query propagation introduces un-explored architectural vulnerabilities to adversarial attacks. We present FADE, a novel attack framework designed to exploit these specific vulnerabilities. FADE employs two attack strategies targeting core TBP mechanisms: (i) Temporal Query Flooding: Generates spurious temporally-consistent track queries to exhaust the tracker's limited query budget, forcing it to terminate valid tracks. (ii) Temporal Memory Corruption: Directly attacks the query updater's memory by severing temporal links via state de-correlation and erasing the learned feature identity of matched tracks. Furthermore, we introduce a differentiable pipeline to optimize these attacks for the physical world realizability by leveraging differentiable simulations of advanced perception sensor spoofing methods. Experiments on MOT17 and MOT20 demonstrate that FADE is highly effective against state-of-the-art TBP trackers, causing significant identity switches and track terminations.","{""adversarial_core"": [""Out of Sight, Out of Track: Adversarial Attacks on Propagation-based Multi-Object Trackers via Query S""]}",{},https://openaccess.thecvf.com/content/CVPR2026/papers/Bouzidi_Out_of_Sight_Out_of_Track_Adversarial_Attacks_on_Propagation-based_CVPR_2026_paper.pdf,https://cvpr.thecvf.com/virtual/2026/poster/38119,True,cvpr2026_papers.json
cvpr2026_papers:719,CVPR,2026,Physical Adversarial Clothing Evades Visible-Thermal Detectors via Non-Overlapping RGB-T Pattern,5,C-Foundation,adversarial_core,"Visible-thermal (RGB-T) object detection is a crucial technology for applications such as autonomous driving, where multimodal fusion enhances performance in challenging conditions like low light. However, the security of RGB-T detectors, particularly in the physical world, has been largely overlooked. This paper proposes a novel approach to RGB-T physical attacks using adversarial clothing with a non-overlapping RGB-T pattern (NORP). To simulate full-view (0$^{\circ}$–360$^{\circ}$) RGB-T attacks, we construct 3D RGB-T models for human and adversarial clothing. NORP is a new adversarial pattern design using distinct visible and thermal materials without overlap, avoiding the light reduction in overlapping RGB-T patterns (ORP). To optimize the NORP on adversarial clothing, we propose a spatial discrete-continuous optimization (SDCO) method. We systematically evaluated our method on RGB-T detectors with different fusion architectures, demonstrating high attack success rates both in the digital and physical worlds. Additionally, we introduce a fusion-stage ensemble method that enhances the transferability of adversarial attacks across unseen RGB-T detectors with different fusion architectures.","{""adversarial_core"": [""e ensemble method that enhances the transferability of adversarial attacks across unseen RGB-T detectors with different fusion ar""]}",{},https://openaccess.thecvf.com/content/CVPR2026/papers/Zhu_Physical_Adversarial_Clothing_Evades_Visible-Thermal_Detectors_via_Non-Overlapping_RGB-T_Pattern_CVPR_2026_paper.pdf,https://cvpr.thecvf.com/virtual/2026/poster/39343,True,cvpr2026_papers.json
cvpr2026_papers:4972,CVPR,2026,PoInit-of-View: Poisoning Initialization of Views Transfers Across Multiple 3D Reconstruction Systems,5,C-Foundation,adversarial_core,"Poisoning input views of 3D reconstruction systems has been recently studied.However, we identify that existing studies simply backpropagate adversarial gradients through the 3D reconstruction pipeline as a whole, without uncovering the new vulnerability rooted in specific modules of the 3D reconstruction pipeline.In this paper, we argue that the structure-from-motion (SfM) initialization, as the geometric core of many widely used reconstruction systems, can be targeted to achieve strong poisoning effects. To this end, we propose PoInit-of-View, which optimizes adversarial perturbations to intentionally introduce cross-view gradient inconsistencies at projections of corresponding 3D points. These inconsistencies disrupt keypoint detection and feature matching, thereby corrupting pose estimation and triangulation within SfM, eventually resulting in low-quality rendered views. We also provide a theoretical analysis that connects cross-view inconsistency to correspondence collapse.Experimental results demonstrate the effectiveness of our \name on diverse 3D reconstruction systems and datasets, surpassing the single-view-based method by 25.1% in PSNR and 16.5% in SSIM in black-box transfer settings, such as 3DGS to NeRF.","{""adversarial_core"": [""o this end, we propose PoInit-of-View, which optimizes adversarial perturbations to intentionally introduce cross-view gradient inconsi""]}",{},https://openaccess.thecvf.com/content/CVPR2026/papers/Wang_PoInit-of-View_Poisoning_Initialization_of_Views_Transfers_Across_Multiple_3D_Reconstruction_CVPR_2026_paper.pdf,https://cvpr.thecvf.com/virtual/2026/poster/38683,True,cvpr2026_papers.json
cvpr2026_papers:1495,CVPR,2026,Robust Alignment: Harmonizing Clean Accuracy and Adversarial Robustness in Adversarial Training,5,C-Foundation,adversarial_core,,"{""adversarial_core"": [""Robust Alignment: Harmonizing Clean Accuracy and Adversarial Robustness in Adversarial Training""]}",{},,https://cvpr.thecvf.com/virtual/2026/poster/40589,False,cvpr2026_papers.json
cvpr2026_papers:4197,CVPR,2026,Taming the Long Tail: Rebalancing Adversarial Training via Adaptive Perturbation,5,C-Foundation,adversarial_core,"Deep neural networks are highly vulnerable to adversarial examples, i.e.,small perturbations that can significantly degrade model performance. While adversarial training has become the primary defense strategy, most studies focus on balanced datasets, overlooking the challenges posed by real-world long-tail data. Motivated by the fact that perturbations in adversarial examples inherently alter the training distribution, we theoretically investigate their impact. We first revisit adversarial training for long-tail data and identify two key limitations: (i) a skewed training objective caused by class imbalance, and (ii) unstable evolution of adversarial distributions. Furthermore, we show that perturbations can simultaneously address both adversarial vulnerability and class imbalance. Based on these insights, we propose Rebalanced Adversarial Intensity for Long-Tailed Data (RAIL), a plug-and-play framework that adaptively adjusts perturbations during adversarial training. Extensive experiments demonstrate that RAIL consistently enhances adversarial robustness and class-balance on long-tailed datasets.","{""adversarial_core"": [""Taming the Long Tail: Rebalancing Adversarial Training via Adaptive Perturbation Deep neural networks are hig""]}",{},https://openaccess.thecvf.com/content/CVPR2026/papers/Zhang_Taming_the_Long_Tail_Rebalancing_Adversarial_Training_via_Adaptive_Perturbation_CVPR_2026_paper.pdf,https://cvpr.thecvf.com/virtual/2026/poster/36264,True,cvpr2026_papers.json
cvpr2026_papers:1304,CVPR,2026,UniGame: Turning a Unified Multimodal Model Into Its Own Adversary,5,C-Foundation,adversarial_core,"Unified Multimodal Models (UMMs) have shown impressive performance in both understanding and generation with a single architecture. However, UMMs still exhibit a fundamental inconsistency: understanding favors compact embeddings, whereas generation favors reconstruction-rich representations. This structural trade-off produces misaligned decision boundaries, degraded cross-modal coherence, and heightened vulnerability under distributional and adversarial shifts. In this paper, we present UniGame, a self-adversarial post-training framework that directly targets the inconsistencies. By applying a lightweight perturber at the shared token interface, UniGame enables the generation branch to actively seek and challenge fragile understanding, turning the model itself into its own adversary. Experiments demonstrate that UniGame significantly improves the consistency (+4.6%). Moreover, it also achieves substantial improvements in understanding (+3.6%), generation (+0.02), out-of-distribution and adversarial robustness (+4.8% and +6.2% on NaturalBench and AdVQA). The framework is architecture-agnostic, introduces <1% additional parameters, and is complementary to existing post-training methods. These results position adversarial self-play as a general and effective principle for enhancing the coherence, stability, and unified competence of future multimodal foundation models.","{""adversarial_core"": [""g (+3.6%), generation (+0.02), out-of-distribution and adversarial robustness (+4.8% and +6.2% on NaturalBench and AdVQA). The frame""]}",{},https://openaccess.thecvf.com/content/CVPR2026/papers/Su_UniGame_Turning_a_Unified_Multimodal_Model_Into_Its_Own_Adversary_CVPR_2026_paper.pdf,https://cvpr.thecvf.com/virtual/2026/poster/37078,True,cvpr2026_papers.json
cvpr2026_papers:1503,CVPR,2026,When Interpretability Becomes a Liability: Adversarial Attacks on CBM Concept Layers,5,C-Foundation,adversarial_core,,"{""adversarial_core"": [""When Interpretability Becomes a Liability: Adversarial Attacks on CBM Concept Layers""]}",{},,https://cvpr.thecvf.com/virtual/2026/poster/40595,False,cvpr2026_papers.json
