paper_id,venue,year,title,score,tier,matched_groups,abstract,evidence,penalties,pdf,url,has_abstract,source_file
icml2025_papers:1952,ICML,2025,CAT: Contrastive Adversarial Training for Evaluating the Robustness of Protective Perturbations in Latent Diffusion Models,17,B-Method,adaptive_evaluation;adversarial_core;consistency_alignment;vision_context,"Latent diffusion models have recently demonstrated superior capabilities in many downstream image synthesis tasks. However, customization of latent diffusion models using unauthorized data can severely compromise the privacy and intellectual property rights of data owners. Adversarial examples as protective perturbations have been developed to defend against unauthorized data usage by introducing imperceptible noise to customization samples, preventing diffusion models from effectively learning them. In this paper, we first reveal that the primary reason adversarial examples are effective as protective perturbations in latent diffusion models is the distortion of their latent representations, as demonstrated through qualitative and quantitative experiments. We then propose the Contrastive Adversarial Training (CAT) utilizing lightweight adapters as an adaptive attack against these protection methods, highlighting their lack of robustness. Extensive experiments demonstrate that our CAT method significantly reduces the effectiveness of protective perturbations in customization, urging the community to reconsider and improve the robustness of existing protective perturbations. The code is available at https://github.com/senp98/CAT.","{""adversarial_core"": [""CAT: Contrastive Adversarial Training for Evaluating the Robustness of Protective Perturbati""], ""adaptive_evaluation"": [""al Training (CAT) utilizing lightweight adapters as an adaptive attack against these protection methods, highlighting their l""], ""consistency_alignment"": [""CAT: Contrastive Adversarial Training for Evaluating the Robustness of Protective Perturbati""], ""vision_context"": [""demonstrated superior capabilities in many downstream image synthesis tasks. However, customization of latent diff""]}",{},https://raw.githubusercontent.com/mlresearch/v267/main/assets/peng25e/peng25e.pdf,,True,icml2025_papers.json
icml2025_papers:1943,ICML,2025,Diffusion-based Adversarial Purification from the Perspective of the Frequency Domain,13,A-Core,adversarial_core;input_transform_compression;vision_context,"The diffusion-based adversarial purification methods attempt to drown adversarial perturbations into a part of isotropic noise through the forward process, and then recover the clean images through the reverse process. Due to the lack of distribution information about adversarial perturbations in the pixel domain, it is often unavoidable to damage normal semantics. We turn to the frequency domain perspective, decomposing the image into amplitude spectrum and phase spectrum. We find that for both spectra, the damage caused by adversarial perturbations tends to increase monotonically with frequency. This means that we can extract the content and structural information of the original clean sample from the frequency components that are less damaged. Meanwhile, theoretical analysis indicates that existing purification methods indiscriminately damage all frequency components, leading to excessive damage to the image. Therefore, we propose a purification method that can eliminate adversarial perturbations while maximizing the preservation of the content and structure of the original image. Specifically, at each time step during the reverse process, for the amplitude spectrum, we replace the low-frequency components of the estimated image’s amplitude spectrum with the corresponding parts of the adversarial image. For the phase spectrum, we project the phase of the estimated image into a designated range of the adversarial image’s phase spectrum, focusing on the low frequencies. Empirical evidence from extensive experiments demonstrates that our method significantly outperforms most current defense methods.","{""adversarial_core"": [""ased adversarial purification methods attempt to drown adversarial perturbations into a part of isotropic noise through the forward pro""], ""input_transform_compression"": [""Diffusion-based Adversarial Purification from the Perspective of the Frequency Domain The diffu""], ""vision_context"": [""hrough the forward process, and then recover the clean images through the reverse process. Due to the lack of distri"", ""ion information about adversarial perturbations in the pixel domain, it is often unavoidable to damage normal seman""]}",{},https://raw.githubusercontent.com/mlresearch/v267/main/assets/pei25b/pei25b.pdf,,True,icml2025_papers.json
icml2025_papers:283,ICML,2025,LEVIS: Large Exact Verifiable Input Spaces for Neural Networks,11,B-Method,adversarial_core;classification_context;evaluation_protocol;vision_context,"The robustness of neural networks is crucial in safety-critical applications, where identifying a reliable input space is essential for effective model selection, robustness evaluation, and the development of reliable control strategies. Most existing robustness verification methods assess the worst-case output under the assumption that the input space is known. However, precisely identifying a verifiable input space $ \mathcal{C} $, where no adversarial examples exist, is challenging due to the possible high dimensionality, discontinuity, and non-convex nature of the input space. To address this challenge, we propose a novel framework,LEVIS, comprisingLEVIS-$\alpha$andLEVIS-$\beta$.LEVIS-$\alpha$identifies a single, large verifiable ball that intersects at least two boundaries of a bounded region $ \mathcal{C} $, whileLEVIS-$\beta$systematically captures the entirety of the verifiable space by integrating multiple verifiable balls. Our contributions are fourfold: we introduce a verification framework,LEVIS, incorporating two optimization techniques for computing nearest and directional adversarial points based on mixed-integer programming (MIP); to enhance scalability, we integrate complementary constrained (CC) optimization with a reduced MIP formulation, achieving up to a 17-fold reduction in runtime by approximating the verifiable region in a principled way; we provide a theoretical analysis characterizing the properties of the verifiable balls obtained throughLEVIS-$\alpha$; and we validate our approach across diverse applications, including electrical power flow regression and image classification, demonstrating performance improvements and visualizing the geometric properties of the verifiable region.","{""adversarial_core"": [""ing a verifiable input space $ \\mathcal{C} $, where no adversarial examples exist, is challenging due to the possible high dimensi""], ""evaluation_protocol"": [""nput space is essential for effective model selection, robustness evaluation, and the development of reliable control strategies. M""], ""vision_context"": [""ations, including electrical power flow regression and image classification, demonstrating performance improvements"", ""ations, including electrical power flow regression and image classification, demonstrating performance improvements and visualizin""], ""classification_context"": [""ations, including electrical power flow regression and image classification, demonstrating performance improvements and visualizin""]}",{},https://raw.githubusercontent.com/mlresearch/v267/main/assets/chehade25b/chehade25b.pdf,,True,icml2025_papers.json
icml2025_papers:3046,ICML,2025,"One Stone, Two Birds: Enhancing Adversarial Defense Through the Lens of Distributional Discrepancy",11,C-Foundation,adversarial_core;classification_context;vision_context,"Statistical adversarial data detection(SADD) detects whether an upcoming batch containsadversarial examples(AEs) by measuring the distributional discrepancies betweenclean examples(CEs) and AEs. In this paper, we explore the strength of SADD-based methods by theoretically showing that minimizing distributional discrepancy can help reduce the expected loss on AEs. Despite these advantages, SADD-based methods have a potential limitation: they discard inputs that are detected as AEs, leading to the loss of clean information within those inputs. To address this limitation, we propose a two-pronged adversarial defense method, namedDistributional-discrepancy-basedAdversarialDefense (DAD). In the training phase, DAD first optimizes the test power of themaximum mean discrepancy(MMD) to derive MMD-OPT, which isa stone that kills two birds. MMD-OPT first serves as aguiding signalto minimize the distributional discrepancy between CEs and AEs to train a denoiser. Then, it serves as adiscriminatorto differentiate CEs and AEs during inference. Overall, in the inference stage, DAD consists of a two-pronged process: (1) directly feeding the detected CEs into the classifier, and (2) removing noise from the detected AEs by the distributional-discrepancy-based denoiser. Extensive experiments show that DAD outperforms currentstate-of-the-art(SOTA) defense methods bysimultaneouslyimproving clean and robust accuracy on CIFAR-10 and ImageNet-1K against adaptive white-box attacks. Codes are publicly available at: https://github.com/tmlr-group/DAD.","{""adversarial_core"": [""One Stone, Two Birds: Enhancing Adversarial Defense Through the Lens of Distributional Discrepancy Statist"", ""A) defense methods bysimultaneouslyimproving clean and robust accuracy on CIFAR-10 and ImageNet-1K against adaptive white-box""], ""vision_context"": [""bysimultaneouslyimproving clean and robust accuracy on CIFAR-10 and ImageNet-1K against adaptive white-box attacks. Co"", ""slyimproving clean and robust accuracy on CIFAR-10 and ImageNet-1K against adaptive white-box attacks. Codes are publi""], ""classification_context"": [""bysimultaneouslyimproving clean and robust accuracy on CIFAR-10 and ImageNet-1K against adaptive white-box attacks. Co"", ""slyimproving clean and robust accuracy on CIFAR-10 and ImageNet-1K against adaptive white-box attacks. Codes are publi"", ""A) defense methods bysimultaneouslyimproving clean and robust accuracy on CIFAR-10 and ImageNet-1K against adaptive white-box""]}",{},https://raw.githubusercontent.com/mlresearch/v267/main/assets/zhang25bn/zhang25bn.pdf,,True,icml2025_papers.json
icml2025_papers:574,ICML,2025,Not All Wrong is Bad: Using Adversarial Examples for Unlearning,10,C-Foundation,adversarial_core;classification_context;vision_context,"Machine unlearning, where users can request the deletion of a forget dataset, is becoming increasingly important because of numerous privacy regulations. Initial works on ""exact” unlearning (e.g., retraining) incur large computational overheads. However, while computationally inexpensive, ""approximate” methods have fallen short of reaching the effectiveness of exact unlearning: models produced fail to obtain comparable accuracy and prediction confidence on both the forget and test (i.e., unseen) dataset. Exploiting this observation, we propose a new unlearning method, Adversarial Machine UNlearning (AMUN), that outperforms prior state-of-the-art (SOTA) methods for image classification. AMUN lowers the confidence of the model on the forget samples by fine-tuning the model on their corresponding adversarial examples. Adversarial examples naturally belong to the distribution imposed by the model on the input space; fine-tuning the model on the adversarial examples closest to the corresponding forget samples (a) localizes the changes to the decision boundary of the model around each forget sample and (b) avoids drastic changes to the global behavior of the model, thereby preserving the model’s accuracy on test samples. Using AMUN for unlearning a random 10% of CIFAR-10 samples, we observe that even SOTA membership inference attacks cannot do better than random guessing.","{""adversarial_core"": [""Not All Wrong is Bad: Using Adversarial Examples for Unlearning Machine unlearning, where users can req""], ""vision_context"": [""outperforms prior state-of-the-art (SOTA) methods for image classification. AMUN lowers the confidence of the mode"", ""est samples. Using AMUN for unlearning a random 10% of CIFAR-10 samples, we observe that even SOTA membership inferenc"", ""outperforms prior state-of-the-art (SOTA) methods for image classification. AMUN lowers the confidence of the model on the forget""], ""classification_context"": [""outperforms prior state-of-the-art (SOTA) methods for image classification. AMUN lowers the confidence of the model on the forget"", ""est samples. Using AMUN for unlearning a random 10% of CIFAR-10 samples, we observe that even SOTA membership inferenc""]}",{},https://raw.githubusercontent.com/mlresearch/v267/main/assets/ebrahimpour-boroojeny25a/ebrahimpour-boroojeny25a.pdf,,True,icml2025_papers.json
icml2025_papers:1912,ICML,2025,Adversarial Perturbations Are Formed by Iteratively Learning Linear Combinations of the Right Singular Vectors of the Adversarial Jacobian,9,C-Foundation,adversarial_core;classification_context;vision_context,"White-box targeted adversarial attacks reveal core vulnerabilities in Deep Neural Networks (DNNs), yet two key challenges persist: (i) How many target classes can be attacked simultaneously in a specified order, known as theordered top-$K$ attackproblem ($K \geq 1$)? (ii) How to compute the corresponding adversarial perturbations for a given benign image directly in the image space? We address both by showing thatordered top-$K$ perturbations can be learned via iteratively optimizing linear combinations of the $\underline{ri}ght\text{ } \underline{sing}ular$ vectors of the adversarial Jacobian(i.e., the logit-to-image Jacobian constrained by target ranking). These vectors span an orthogonal, informative subspace in the image domain. We introduceRisingAttacK, a novel Sequential Quadratic Programming (SQP)-based method that exploits this structure. We propose a holistic figure-of-merits (FoM) metric combining attack success rates (ASRs) and $\ell_p$-norms ($p=1,2,\infty$). Extensive experiments on ImageNet-1k across six ordered top-$K$ levels ($K=1, 5, 10, 15, 20, 25, 30$) and four models (ResNet-50, DenseNet-121, ViT-B, DEiT-B) show RisingAttacK consistently surpasses the state-of-the-art QuadAttacK.","{""adversarial_core"": [""Adversarial Perturbations Are Formed by Iteratively Learning Linear Combinations""], ""vision_context"": [""esponding adversarial perturbations for a given benign image directly in the image space? We address both by showin"", ""ll_p$-norms ($p=1,2,\\infty$). Extensive experiments on ImageNet-1k across six ordered top-$K$ levels ($K=1, 5, 10, 15,""], ""classification_context"": [""levels ($K=1, 5, 10, 15, 20, 25, 30$) and four models (ResNet-50, DenseNet-121, ViT-B, DEiT-B) show RisingAttacK con"", ""ll_p$-norms ($p=1,2,\\infty$). Extensive experiments on ImageNet-1k across six ordered top-$K$ levels ($K=1, 5, 10, 15,""]}",{},https://raw.githubusercontent.com/mlresearch/v267/main/assets/paniagua25a/paniagua25a.pdf,,True,icml2025_papers.json
icml2025_papers:3057,ICML,2025,Splitting & Integrating: Out-of-Distribution Detection via Adversarial Gradient Attribution,9,C-Foundation,adversarial_core;classification_context;vision_context,"Out-of-distribution (OOD) detection is essential for enhancing the robustness and security of deep learning models in unknown and dynamic data environments. Gradient-based OOD detection methods, such as GAIA, analyse the explanation pattern representations of in-distribution (ID) and OOD samples by examining the sensitivity of model outputs w.r.t. model inputs, resulting in superior performance compared to traditional OOD detection methods. However, we argue that the non-zero gradient behaviors of OOD samples do not exhibit significant distinguishability, especially when ID samples are perturbed by random perturbations in high-dimensional spaces, which negatively impacts the accuracy of OOD detection. In this paper, we propose a novel OOD detection method calledS & Ibased on layerSplitting and gradientIntegration via Adversarial Gradient Attribution. Specifically, our approach involves splitting the model’s intermediate layers and iteratively updating adversarial examples layer-by-layer. We then integrate the attribution gradients from each intermediate layer along the attribution path from adversarial examples to the actual input, yielding true explanation pattern representations for both ID and OOD samples. Experiments demonstrate that our S & I algorithm achieves state-of-the-art results, with the average FPR95 of 29.05% (ResNet34)/38.61% (WRN40) and 37.31% (BiT-S) on the CIFAR100 and ImageNet benchmarks, respectively. Our code is available at: https://github.com/LMBTough/S-Ihttps://github.com/LMBTough/S-I","{""adversarial_core"": [""e model’s intermediate layers and iteratively updating adversarial examples layer-by-layer. We then integrate the attribution grad""], ""vision_context"": [""5% (ResNet34)/38.61% (WRN40) and 37.31% (BiT-S) on the CIFAR100 and ImageNet benchmarks, respectively. Our code is ava"", ""/38.61% (WRN40) and 37.31% (BiT-S) on the CIFAR100 and ImageNet benchmarks, respectively. Our code is available at: ht""], ""classification_context"": [""5% (ResNet34)/38.61% (WRN40) and 37.31% (BiT-S) on the CIFAR100 and ImageNet benchmarks, respectively. Our code is ava"", ""/38.61% (WRN40) and 37.31% (BiT-S) on the CIFAR100 and ImageNet benchmarks, respectively. Our code is available at: ht""]}",{},https://raw.githubusercontent.com/mlresearch/v267/main/assets/zhang25by/zhang25by.pdf,,True,icml2025_papers.json
icml2025_papers:2623,ICML,2025,TtBA: Two-third Bridge Approach for Decision-Based Adversarial Attack,9,C-Foundation,adversarial_core;classification_context;vision_context,"A key challenge in black-box adversarial attacks is the high query complexity in hard-label settings, where only the top-1 predicted label from the target deep model is accessible. In this paper, we propose a novel normal-vector-based method called Two-third Bridge Attack (TtBA). A innovative bridge direction is introduced which is a weighted combination of the current unit perturbation direction and its unit normal vector, controlled by a weight parameter $k$. We further use binary search to identify $k=k_\text{bridge}$, which has identical decision boundary as the current direction. Notably, we observe that $k=2/3 k_\text{bridge}$ yields a near-optimal perturbation direction, ensuring the stealthiness of the attack. In addition, we investigate the critical importance of local optima during the perturbation direction optimization process and propose a simple and effective approach to detect and escape such local optima. Experimental results on MNIST, FASHION-MNIST, CIFAR10, CIFAR100, and ImageNet datasets demonstrate the strong performance and scalability of our approach. Compared to state-of-the-art non-targeted and targeted attack methods, TtBA consistently delivers superior performance across most experimented datasets and deep learning models. Code is available at https://anonymous.4open.science/r/TtBA-6ECF.","{""adversarial_core"": [""TtBA: Two-third Bridge Approach for Decision-Based Adversarial Attack A key challenge in black-box adversarial attacks is th""], ""vision_context"": [""optima. Experimental results on MNIST, FASHION-MNIST, CIFAR10, CIFAR100, and ImageNet datasets demonstrate the stron"", ""esults on MNIST, FASHION-MNIST, CIFAR10, CIFAR100, and ImageNet datasets demonstrate the strong performance and scalab""], ""classification_context"": [""optima. Experimental results on MNIST, FASHION-MNIST, CIFAR10, CIFAR100, and ImageNet datasets demonstrate the stron"", ""esults on MNIST, FASHION-MNIST, CIFAR10, CIFAR100, and ImageNet datasets demonstrate the strong performance and scalab""]}",{},https://raw.githubusercontent.com/mlresearch/v267/main/assets/wang25fg/wang25fg.pdf,,True,icml2025_papers.json
icml2025_papers:460,ICML,2025,Adapting to Evolving Adversaries with Regularized Continual Robust Training,8,C-Foundation,adversarial_core;classification_context;vision_context,"Robust training methods typically defend against specific attack types, such as $\ell_p$ attacks with fixed budgets, and rarely account for the fact that defenders may encounter new attacks over time. A natural solution is to adapt the defended model to new adversaries as they arise via fine-tuning, a method which we call continual robust training (CRT). However, when implemented naively, fine-tuning on new attacks degrades robustness on previous attacks. This raises the question:how can we improve the initial training and fine-tuning of the model to simultaneously achieve robustness against previous and new attacks?We present theoretical results which show that the gap in a model’s robustness against different attacks is bounded by how far each attack perturbs a sample in the model’s logit space, suggesting that regularizing with respect to this logit space distance can help maintain robustness against previous attacks. Extensive experiments on 3 datasets (CIFAR-10, CIFAR-100, and ImageNette) and over 100 attack combinations demonstrate that the proposed regularization improves robust accuracy with little overhead in training time. Our findings and open-source code lay the groundwork for the deployment of models robust to evolving attacks.","{""adversarial_core"": [""demonstrate that the proposed regularization improves robust accuracy with little overhead in training time. Our findings an""], ""vision_context"": [""previous attacks. Extensive experiments on 3 datasets (CIFAR-10, CIFAR-100, and ImageNette) and over 100 attack combin""], ""classification_context"": [""previous attacks. Extensive experiments on 3 datasets (CIFAR-10, CIFAR-100, and ImageNette) and over 100 attack combin"", ""demonstrate that the proposed regularization improves robust accuracy with little overhead in training time. Our findings an""]}",{},https://raw.githubusercontent.com/mlresearch/v267/main/assets/dai25c/dai25c.pdf,,True,icml2025_papers.json
icml2025_papers:1901,ICML,2025,DiffAdvMAP: Flexible Diffusion-Based Framework for Generating Natural Unrestricted Adversarial Examples,8,C-Foundation,adversarial_core;classification_context;vision_context,"Unrestricted adversarial examples(UAEs) have posed greater threats to deep neural networks(DNNs) than perturbation-based adversarial examples(AEs) because they can make extensive changes to images without being restricted in a fixed norm perturbation budget. Although current diffusion-based methods can generate more natural UAEs than other unrestricted attack methods, the overall effectiveness of such methods is restricted since they are designed for specific attack conditions. Additionally, the naturalness of UAEs still has room for improvement, as these methods primarily focus on leveraging diffusion models as strong priors to enhance the generation process. This paper proposes a flexible framework named Diffusion-based Adversarial Maximum a Posterior(DiffAdvMAP) to generate more natural UAEs for various scenarios. DiffAdvMAP approaches the generation of UAEs by sampling images from posterior distributions, which is achieved by approximating the posterior distribution of UAEs using the prior distribution of real data learned by the diffusion model. This process enhances the naturalness of the UAEs. By incorporating an adversarial constraint to ensure the effectiveness of the attack, DiffAdvMAP exhibits excellent attack ability and defense robustness. A reconstruction constraint is designed to enhance its flexibility, which allows DiffAdvMAP to be tailored to various attack scenarios. Experimental results on Imagenet show that we achieve a better trade-off between image quality, flexibility, and transferability than baseline unrestricted adversarial attack methods.","{""adversarial_core"": [""on-Based Framework for Generating Natural Unrestricted Adversarial Examples Unrestricted adversarial examples(UAEs) have posed gre""], ""vision_context"": [""amples(AEs) because they can make extensive changes to images without being restricted in a fixed norm perturbation"", ""d to various attack scenarios. Experimental results on Imagenet show that we achieve a better trade-off between image""], ""classification_context"": [""d to various attack scenarios. Experimental results on Imagenet show that we achieve a better trade-off between image""]}",{},https://raw.githubusercontent.com/mlresearch/v267/main/assets/pan25b/pan25b.pdf,,True,icml2025_papers.json
icml2025_papers:3068,ICML,2025,Optimizing Robustness and Accuracy in Mixture of Experts: A Dual-Model Approach,8,C-Foundation,adversarial_core;classification_context;vision_context,"Mixture of Experts (MoE) have shown remarkable success in leveraging specialized expert networks for complex machine learning tasks. However, their susceptibility to adversarial attacks presents a critical challenge for deployment in robust applications. This paper addresses the critical question of how to incorporate robustness into MoEs while maintaining high natural accuracy. We begin by analyzing the vulnerability of MoE components, finding that expert networks are notably more susceptible to adversarial attacks than the router. Based on this insight, we propose a targeted robust training technique that integrates a novel loss function to enhance the adversarial robustness of MoE, requiring only the robustification of one additional expert without compromising training or inference efficiency. Building on this, we introduce a dual-model strategy that linearly combines a standard MoE model with our robustified MoE model using a smoothing parameter. This approach allows for flexible control over the robustness-accuracy trade-off. We further provide theoretical foundations by deriving certified robustness bounds for both the single MoE and the dual-model. To push the boundaries of robustness and accuracy, we propose a novel joint training strategy JTDMoE for the dual-model. This joint training enhances both robustness and accuracy beyond what is achievable with separate models. Experimental results on CIFAR-10 and TinyImageNet datasets using ResNet18 and Vision Transformer (ViT) architectures demonstrate the effectiveness of our proposed methods.","{""adversarial_core"": [""chine learning tasks. However, their susceptibility to adversarial attacks presents a critical challenge for deployment in robust""], ""vision_context"": [""CIFAR-10 and TinyImageNet datasets using ResNet18 and Vision Transformer (ViT) architectures demonstrate the effect"", ""hievable with separate models. Experimental results on CIFAR-10 and TinyImageNet datasets using ResNet18 and Vision Tr""], ""classification_context"": [""hievable with separate models. Experimental results on CIFAR-10 and TinyImageNet datasets using ResNet18 and Vision Tr""]}",{},https://raw.githubusercontent.com/mlresearch/v267/main/assets/zhang25cj/zhang25cj.pdf,,True,icml2025_papers.json
icml2025_papers:3168,ICML,2025,ROME is Forged in Adversity: Robust Distilled Datasets via Information Bottleneck,8,C-Foundation,adversarial_core;classification_context;vision_context,"Dataset Distillation (DD) compresses large datasets into smaller, synthetic subsets, enabling models trained on them to achieve performance comparable to those trained on the full data. However, these models remain vulnerable to adversarial attacks, limiting their use in safety-critical applications. While adversarial robustness has been extensively studied in related fields, research on improving DD robustness is still limited. To address this, we propose ROME, a novel method that enhances the adversarial RObustness of DD by leveraging the InforMation BottlenEck (IB) principle. ROME includes two components: a performance-aligned term to preserve accuracy and a robustness-aligned term to improve robustness by aligning feature distributions between synthetic and perturbed images. Furthermore, we introduce the Improved Robustness Ratio (I-RR), a refined metric to better evaluate DD robustness. Extensive experiments on CIFAR-10 and CIFAR-100 demonstrate that ROME outperforms existing DD methods in adversarial robustness, achieving maximum I-RR improvements of nearly 40% under white-box attacks and nearly 35% under black-box attacks. Our code is available at https://github.com/zhouzhengqd/ROME.","{""adversarial_core"": [""full data. However, these models remain vulnerable to adversarial attacks, limiting their use in safety-critical applications. W""], ""vision_context"": [""feature distributions between synthetic and perturbed images. Furthermore, we introduce the Improved Robustness Rat"", ""etter evaluate DD robustness. Extensive experiments on CIFAR-10 and CIFAR-100 demonstrate that ROME outperforms existi""], ""classification_context"": [""etter evaluate DD robustness. Extensive experiments on CIFAR-10 and CIFAR-100 demonstrate that ROME outperforms existi""]}",{},https://raw.githubusercontent.com/mlresearch/v267/main/assets/zhou25d/zhou25d.pdf,,True,icml2025_papers.json
icml2025_papers:2288,ICML,2025,Average Certified Radius is a Poor Metric for Randomized Smoothing,7,C-Foundation,adversarial_core;classification_context;vision_context,"Randomized smoothing (RS) is popular for providing certified robustness guarantees against adversarial attacks. The average certified radius (ACR) has emerged as a widely used metric for tracking progress in RS. However, in this work, for the first time we show that ACR is a poor metric for evaluating robustness guarantees provided by RS. We theoretically prove not only that a trivial classifier can have arbitrarily large ACR, but also that ACR is extremely sensitive to improvements on easy samples. In addition, the comparison using ACR has a strong dependence on the certification budget. Empirically, we confirm that existing training strategies, though improving ACR, reduce the model’s robustness on hard samples consistently. To strengthen our findings, we propose strategies, including explicitly discarding hard samples, reweighing the dataset with approximate certified radius, and extreme optimization for easy samples, to replicate the progress in RS training and even achieve the state-of-the-art ACR on CIFAR-10, without training for robustness on the full data distribution. Overall, our results suggest that ACR has introduced a strong undesired bias to the field, and its application should be discontinued in RS. Finally, we suggest using the empirical distribution of $p_A$, the accuracy of the base model on noisy data, as an alternative metric for RS.","{""adversarial_core"": [""for providing certified robustness guarantees against adversarial attacks. The average certified radius (ACR) has emerged as a w""], ""vision_context"": [""training and even achieve the state-of-the-art ACR on CIFAR-10, without training for robustness on the full data dist""], ""classification_context"": [""training and even achieve the state-of-the-art ACR on CIFAR-10, without training for robustness on the full data dist""]}",{},https://raw.githubusercontent.com/mlresearch/v267/main/assets/sun25o/sun25o.pdf,,True,icml2025_papers.json
icml2025_papers:1738,ICML,2025,Efficient Robust Conformal Prediction via Lipschitz-Bounded Networks,7,C-Foundation,adversarial_core;classification_context;vision_context,"Conformal Prediction (CP) has proven to be an effective post-hoc method for improving the trustworthiness of neural networks by providing prediction sets with finite-sample guarantees. However, under adversarial attacks, classical conformal guarantees do not hold anymore: this problem is addressed in the field of Robust Conformal Prediction. Several methods have been proposed to provide robust CP sets with guarantees under adversarial perturbations, but, for large scale problems, these sets are either too large or the methods are too computationally demanding to be deployed in real life scenarios. In this work, we propose a new method that leverages Lipschitz-bounded networks to precisely and efficiently estimate robust CP sets. When combined with a 1-Lipschitz robust network, we demonstrate that ourlip-rcpmethod outperforms state-of-the-art results in both the size of the robust CP sets and computational efficiency in medium and large-scale scenarios such as ImageNet. Taking a different angle, we also study vanilla CP under attack, and derive new worst-case coverage bounds of vanilla CP sets, which are valid simultaneously for all adversarial attack levels. Ourlip-rcpmethod makes this second approach as efficient as vanilla CP while also allowing robustness guarantees.","{""adversarial_core"": [""ion sets with finite-sample guarantees. However, under adversarial attacks, classical conformal guarantees do not hold anymore: t""], ""vision_context"": [""efficiency in medium and large-scale scenarios such as ImageNet. Taking a different angle, we also study vanilla CP un""], ""classification_context"": [""efficiency in medium and large-scale scenarios such as ImageNet. Taking a different angle, we also study vanilla CP un""]}",{},https://raw.githubusercontent.com/mlresearch/v267/main/assets/massena25a/massena25a.pdf,,True,icml2025_papers.json
icml2025_papers:1318,ICML,2025,Self-supervised Adversarial Purification for Graph Neural Networks,7,C-Foundation,adversarial_core;input_transform_compression,"Defending Graph Neural Networks (GNNs) against adversarial attacks requires balancing accuracy and robustness, a trade-off often mishandled by traditional methods like adversarial training that intertwine these conflicting objectives within a single classifier. To overcome this limitation, we propose a self-supervised adversarial purification framework. We separate robustness from the classifier by introducing a dedicated purifier, which cleanses the input data before classification. In contrast to prior adversarial purification methods, we propose GPR-GAE, a novel graph auto-encoder (GAE), as a specialized purifier trained with a self-supervised strategy, adapting to diverse graph structures in a data-driven manner. Utilizing multiple Generalized PageRank (GPR) filters, GPR-GAE captures diverse structural representations for robust and effective purification. Our multi-step purification process further facilitates GPR-GAE to achieve precise graph recovery and robust defense against structural perturbations. Experiments across diverse datasets and attack scenarios demonstrate the state-of-the-art robustness of GPR-GAE, showcasing it as an independent plug-and-play purifier for GNN classifiers. Our code can be found in https://github.com/woodavid31/GPR-GAE.","{""adversarial_core"": [""etworks Defending Graph Neural Networks (GNNs) against adversarial attacks requires balancing accuracy and robustness, a trade-of""], ""input_transform_compression"": [""Self-supervised Adversarial Purification for Graph Neural Networks Defending Graph Neural Netwo""]}","{""non_vision_domain"": [""Self-supervised Adversarial Purification for Graph Neural Networks Defending Graph Neural Networks (GNNs) against adversa""]}",https://raw.githubusercontent.com/mlresearch/v267/main/assets/lee25af/lee25af.pdf,,True,icml2025_papers.json
icml2025_papers:986,ICML,2025,X-Transfer Attacks: Towards Super Transferable Adversarial Attacks on CLIP,7,C-Foundation,adversarial_core;vision_context,"As Contrastive Language-Image Pre-training (CLIP) models are increasingly adopted for diverse downstream tasks and integrated into large vision-language models (VLMs), their susceptibility to adversarial perturbations has emerged as a critical concern. In this work, we introduceX-Transfer, a novel attack method that exposes a universal adversarial vulnerability in CLIP. X-Transfer generates a Universal Adversarial Perturbation (UAP) capable of deceiving various CLIP encoders and downstream VLMs across different samples, tasks, and domains. We refer to this property assuper transferability—a single perturbation achieving cross-data, cross-domain, cross-model, and cross-task adversarial transferability simultaneously. This is achieved throughsurrogate scaling, a key innovation of our approach. Unlike existing methods that rely on fixed surrogate models, which are computationally intensive to scale, X-Transfer employs an efficient surrogate scaling strategy that dynamically selects a small subset of suitable surrogates from a large search space. Extensive evaluations demonstrate that X-Transfer significantly outperforms previous state-of-the-art UAP methods, establishing a new benchmark for adversarial transferability across CLIP models.","{""adversarial_core"": [""X-Transfer Attacks: Towards Super Transferable Adversarial Attacks on CLIP As Contrastive Language-Image Pre-training (CL""], ""vision_context"": [""le Adversarial Attacks on CLIP As Contrastive Language-Image Pre-training (CLIP) models are increasingly adopted fo"", ""for diverse downstream tasks and integrated into large vision-language models (VLMs), their susceptibility to advers""]}",{},https://raw.githubusercontent.com/mlresearch/v267/main/assets/huang25h/huang25h.pdf,,True,icml2025_papers.json
icml2025_papers:855,ICML,2025,Adaptive Median Smoothing: Adversarial Defense for Unlearned Text-to-Image Diffusion Models at Inference Time,6,C-Foundation,adversarial_core;vision_context,"Text-to-image (T2I) diffusion models have raised concerns about generating inappropriate content, such as ""nudity"". Despite efforts to erase undesirable concepts through unlearning techniques, these unlearned models remain vulnerable to adversarial inputs that can potentially regenerate such content. To safeguard unlearned models, we propose a novel inference-time defense strategy that mitigates the impact of adversarial inputs. Specifically, we first reformulate the challenge of ensuring robustness in unlearned diffusion models as a robust regression problem. Building upon the naive median smoothing for regression robustness, which employs isotropic Gaussian noise, we develop a generalized median smoothing framework that incorporates anisotropic noise. Based on this framework, we introduce a token-wiseAdaptive Median Smoothingmethod that dynamically adjusts noise intensity according to each token’s relevance to target concepts. Furthermore, to improve inference efficiency, we explore implementations of this adaptive method at the text-encoding stage. Extensive experiments demonstrate that our approach enhances adversarial robustness while preserving model utility and inference efficiency, outperforming baseline defense techniques.","{""adversarial_core"": [""Adaptive Median Smoothing: Adversarial Defense for Unlearned Text-to-Image Diffusion Models at Infere""], ""vision_context"": [""n Smoothing: Adversarial Defense for Unlearned Text-to-Image Diffusion Models at Inference Time Text-to-image (T2I)""]}",{},https://raw.githubusercontent.com/mlresearch/v267/main/assets/han25k/han25k.pdf,,True,icml2025_papers.json
icml2025_papers:179,ICML,2025,An Adaptive Orthogonal Convolution Scheme for Efficient and Flexible CNN Architectures,6,C-Foundation,adversarial_core;classification_context,"Orthogonal convolutional layers are valuable components in multiple areas of machine learning, such as adversarial robustness, normalizing flows, GANs, and Lipschitz-constrained models. Their ability to preserve norms and ensure stable gradient propagation makes them valuable for a large range of problems. Despite their promise, the deployment of orthogonal convolution in large-scale applications is a significant challenge due to computational overhead and limited support for modern features like strides, dilations, group convolutions, and transposed convolutions. In this paper, we introduceAOC(Adaptive Orthogonal Convolution), a scalable method that extends a previous method (BCOP), effectively overcoming existing limitations in the construction of orthogonal convolutions. This advancement unlocks the construction of architectures that were previously considered impractical. We demonstrate through our experiments that our method produces expressive models that become increasingly efficient as they scale. To foster further advancement, we provide an open-source python package implementing this method, calledOrthogonium.","{""adversarial_core"": [""ponents in multiple areas of machine learning, such as adversarial robustness, normalizing flows, GANs, and Lipschitz-constrained mo""], ""classification_context"": [""thogonal Convolution Scheme for Efficient and Flexible CNN Architectures Orthogonal convolutional layers are valu""]}",{},https://raw.githubusercontent.com/mlresearch/v267/main/assets/boissin25a/boissin25a.pdf,,True,icml2025_papers.json
icml2025_papers:2709,ICML,2025,Cowpox: Towards the Immunity of VLM-based Multi-Agent Systems,6,C-Foundation,adversarial_core;vision_context,"Vision Language Model (VLM) Agents are stateful, autonomous entities capable of perceiving and interacting with their environments through vision and language. Multi-agent systems comprise specialized agents who collaborate to solve a (complex) task. A core security property isrobustness, stating that the system maintains its integrity during adversarial attacks. Multi-agent systems lack robustness, as a successful exploit against one agent can spread andinfectother agents to undermine the entire system’s integrity. We propose a defense Cowpox to provably enhance the robustness of a multi-agent system by a distributed mechanism that improves therecovery rateof agents by limiting the expected number of infections to other agents. The core idea is to generate and distribute a specialcure samplethat immunizes an agent against the attack before exposure. We demonstrate the effectiveness of Cowpox empirically and provide theoretical robustness guarantees.","{""adversarial_core"": [""stating that the system maintains its integrity during adversarial attacks. Multi-agent systems lack robustness, as a successful""], ""vision_context"": [""Towards the Immunity of VLM-based Multi-Agent Systems Vision Language Model (VLM) Agents are stateful, autonomous e""]}",{},https://raw.githubusercontent.com/mlresearch/v267/main/assets/wu25aq/wu25aq.pdf,,True,icml2025_papers.json
icml2025_papers:1777,ICML,2025,CROW: Eliminating Backdoors from Large Language Models via Internal Consistency Regularization,6,C-Foundation,adversarial_core;vision_context,"Large Language Models (LLMs) are vulnerable to backdoor attacks that manipulate outputs via hidden triggers. Existing defense methods—designed for vision/text classification tasks—fail for text generation. We proposeInternal Consistency Regularization (CROW), a defense leveraging the observation that backdoored models exhibit unstable layer-wise hidden representations when triggered, while clean models show smooth transitions. CROW enforces consistency across layers via adversarial perturbations and regularization during finetuning, neutralizing backdoors without requiring clean reference models or trigger knowledge—only a small clean dataset. Experiments across Llama-2 (7B, 13B), CodeLlama (7B, 13B), and Mistral-7B demonstrate CROW’s effectiveness: it achieves significant reductions in attack success rates across diverse backdoor strategies (sentiment steering, targeted refusal, code injection) while preserving generative performance. CROW’s architecture-agnostic design enables practical deployment.","{""adversarial_core"": [""ansitions. CROW enforces consistency across layers via adversarial perturbations and regularization during finetuning, neutralizing bac""], ""vision_context"": [""hidden triggers. Existing defense methods—designed for vision/text classification tasks—fail for text generation. We""]}",{},https://raw.githubusercontent.com/mlresearch/v267/main/assets/min25b/min25b.pdf,,True,icml2025_papers.json
icml2025_papers:49,ICML,2025,Explaining the role of Intrinsic Dimensionality in Adversarial Training,6,C-Foundation,adversarial_core;vision_context,"Adversarial Training (AT) impacts different architectures in distinct ways: vision models gain robustness but face reduced generalization, encoder-based models exhibit limited robustness improvements with minimal generalization loss, and recent work in latent-space adversarial training demonstrates that decoder-based models achieve improved robustness by applying AT across multiple layers. We provide the first explanation for these trends by leveraging the manifold conjecture: off-manifold adversarial examples (AEs) enhance robustness, while on-manifold AEs improve generalization. We show that vision and decoder-based models exhibit low intrinsic dimensionality in earlier layers (favoring off-manifold AEs), whereas encoder-based models do so in later layers (favoring on-manifold AEs). Exploiting this property, we introduce SMAAT, which improves the scalability of AT for encoder-based models by perturbing the layer with the lowest intrinsic dimensionality. This reduces the projected gradient descent (PGD) chain length required for AE generation, cutting GPU time by 25–33% while significantly boosting robustness. We validate SMAAT across multiple tasks, including text generation, sentiment classification, safety filtering, and retrieval augmented generation setups, demonstrating superior robustness with comparable generalization to standard training.","{""adversarial_core"": [""Explaining the role of Intrinsic Dimensionality in Adversarial Training Adversarial Training (AT) impacts different architectu""], ""vision_context"": [""(AT) impacts different architectures in distinct ways: vision models gain robustness but face reduced generalization""]}",{},https://raw.githubusercontent.com/mlresearch/v267/main/assets/altinisik25a/altinisik25a.pdf,,True,icml2025_papers.json
icml2025_papers:835,ICML,2025,Guardians of Image Quality: Benchmarking Defenses Against Adversarial Attacks on Image Quality Metrics,6,C-Foundation,adversarial_core;vision_context,"Modern neural-network-based Image Quality Assessment (IQA) metrics are vulnerable to adversarial attacks, which can be exploited to manipulate search engine rankings, benchmark results, and content quality assessments, raising concerns about the reliability of IQA metrics in critical applications. This paper presents the first comprehensive study of IQA defense mechanisms in response to adversarial attacks on these metrics to pave the way for safer use of IQA metrics. We systematically evaluated 30 defense strategies, including purification, training-based, and certified methods — and applied 14 adversarial attacks in adaptive and non-adaptive settings to compare these defenses on 9 no-reference IQA metrics. Our proposed benchmark aims to guide the development of IQA defense methods and is open to submissions; the latest results and code are at https://msu-video-group.github.io/adversarial-defenses-for-iqa/.","{""adversarial_core"": [""rdians of Image Quality: Benchmarking Defenses Against Adversarial Attacks on Image Quality Metrics Modern neural-network-based I""], ""vision_context"": [""Guardians of Image Quality: Benchmarking Defenses Against Adversarial Att""]}",{},https://raw.githubusercontent.com/mlresearch/v267/main/assets/gushchin25a/gushchin25a.pdf,,True,icml2025_papers.json
icml2025_papers:2627,ICML,2025,Identifying and Understanding Cross-Class Features in Adversarial Training,6,C-Foundation,adversarial_core,"Adversarial training (AT) has been considered one of the most effective methods for making deep neural networks robust against adversarial attacks, while the training mechanisms and dynamics of AT remain open research problems. In this paper, we present a novel perspective on studying AT through the lens of class-wise feature attribution. Specifically, we identify the impact of a key family of features on AT that are shared by multiple classes, which we call cross-class features. These features are typically useful for robust classification, which we offer theoretical evidence to illustrate through a synthetic data model. Through systematic studies across multiple model architectures and settings, we find that during the initial stage of AT, the model tends to learn more cross-class features until the best robustness checkpoint. As AT further squeezes the training robust loss and causes robust overfitting, the model tends to make decisions based on more class-specific features. Based on these discoveries, we further provide a unified view of two existing properties of AT, including the advantage of soft-label training and robust overfitting. Overall, these insights refine the current understanding of AT mechanisms and provide new perspectives on studying them. Our code is available at https://github.com/PKU-ML/Cross-Class-Features-AT.","{""adversarial_core"": [""Identifying and Understanding Cross-Class Features in Adversarial Training Adversarial training (AT) has been considered one of t"", ""most effective methods for making deep neural networks robust against adversarial attacks, while the training mechanisms and dynamics of""]}",{},https://raw.githubusercontent.com/mlresearch/v267/main/assets/wei25b/wei25b.pdf,,True,icml2025_papers.json
icml2025_papers:537,ICML,2025,Improving Zero-Shot Adversarial Robustness in Vision-Language Models by Closed-form Alignment of Adversarial Path Simplices,6,C-Foundation,adversarial_core;vision_context,"Vision-Language Models (VLMs) such as CLIP excel at zero-shot classification due to large-scale pre-training but are vulnerable to adversarial examples. Adversarial fine-tuning robustifies zero-shot models by aligning prediction scores of individual adversaries with their clean counterparts, which typically overlooks intermediate adversarial samples along the adversarial trajectory crossing the decision boundary. Such intermediate adversaries and their vicinity produce informative representations capturing the decision boundary in detail. They can be improved by sampling adversarial candidates from simplices formed by joining two consecutive vertices on the adversarial trajectory and their clean counterpart. However, sampling simplices for adversaries is very costly. To train robust VLM, we overcome these limitations by Taylor expansion and formulating an upper-bound of alignment loss that depends on the Jacobian/Hessian obtained at clean samples. As regions between clean and intermediate adversarial samples capture a larger decision landscape, we robustify VLM by plausible adversaries from simplices by our closed-form formulation equivalent to infinite uniform sampling of the simplex. We obtain state-of-the-art robustness across 15 datasets and diverse vision-language tasks.","{""adversarial_core"": [""Improving Zero-Shot Adversarial Robustness in Vision-Language Models by Closed-form Alignment of""], ""vision_context"": [""Improving Zero-Shot Adversarial Robustness in Vision-Language Models by Closed-form Alignment of Adversaria""]}",{},https://raw.githubusercontent.com/mlresearch/v267/main/assets/dong25f/dong25f.pdf,,True,icml2025_papers.json
icml2025_papers:263,ICML,2025,On the Alignment between Fairness and Accuracy: from the Perspective of Adversarial Robustness,6,C-Foundation,adversarial_core,"While numerous work has been proposed to address fairness in machine learning, existing methods do not guarantee fair predictions under imperceptible feature perturbation, and a seemingly fair model can suffer from large group-wise disparities under such perturbation. Moreover, while adversarial training has been shown to be reliable in improving a model’s robustness to defend against adversarial feature perturbation that deteriorates accuracy, it has not been properly studied in the context of adversarial perturbation against fairness. To tackle these challenges, in this paper, we study the problem of adversarial attack and adversarial robustness w.r.t. two terms: fairness and accuracy. From the adversarial attack perspective, we propose a unified structure for adversarial attacks against fairness which brings together common notions in group fairness, and we theoretically prove the equivalence of adversarial attacks against different fairness notions. Further, we derive the connections between adversarial attacks against fairness and those against accuracy. From the adversarial robustness perspective, we theoretically align robustness to adversarial attacks against fairness and accuracy, where robustness w.r.t. one term enhances robustness w.r.t. the other term. Our study suggests a novel way to unify adversarial training w.r.t. fairness and accuracy, and experiments show our proposed method achieves better robustness w.r.t. both terms.","{""adversarial_core"": [""between Fairness and Accuracy: from the Perspective of Adversarial Robustness While numerous work has been proposed to address fairn"", ""rsarial robustness perspective, we theoretically align robustness to adversarial attacks against fairness and accuracy, where robustnes""]}",{},https://raw.githubusercontent.com/mlresearch/v267/main/assets/chai25c/chai25c.pdf,,True,icml2025_papers.json
icml2025_papers:1384,ICML,2025,On the Clean Generalization and Robust Overfitting in Adversarial Training from Two Theoretical Views: Representation Complexity and Training Dynamics,6,C-Foundation,adversarial_core;vision_context,"Similar to surprising performance in the standard deep learning, deep nets trained by adversarial training also generalize well for unseen clean data (natural data). However, despite adversarial training can achieve low robust training error, there exists a significant robust generalization gap. We call this phenomenon the Clean Generalization and Robust Overfitting (CGRO). In this work, we study the CGRO phenomenon in adversarial training from two views: representation complexity and training dynamics. Specifically, we consider a binary classification setting with $N$ separated training data points. First, we prove that, based on the assumption that we assume there is $\operatorname{poly}(D)$-size clean classifier (where $D$ is the data dimension), ReLU net with only $O(N D)$ extra parameters is able to leverages robust memorization to achieve the CGRO, while robust classifier still requires exponential representation complexity in worst case. Next, we focus on a structured-data case to analyze training dynamics, where we train a two-layer convolutional network with $O(N D)$ width against adversarial perturbation. We then show that a three-stage phase transition occurs during learning process and the network provably converges to robust memorization regime, which thereby results in the CGRO. Besides, we also empirically verify our theoretical analysis by experiments in real-image recognition datasets.","{""adversarial_core"": [""On the Clean Generalization and Robust Overfitting in Adversarial Training from Two Theoretical Views: Representation Complexity""], ""vision_context"": [""verify our theoretical analysis by experiments in real-image recognition datasets.""]}",{},https://raw.githubusercontent.com/mlresearch/v267/main/assets/li25ba/li25ba.pdf,,True,icml2025_papers.json
icml2025_papers:291,ICML,2025,PASS: Private Attributes Protection with Stochastic Data Substitution,6,C-Foundation,adversarial_core;vision_context,"The growing Machine Learning (ML) services require extensive collections of user data, which may inadvertently include people’s private information irrelevant to the services. Various studies have been proposed to protect private attributes by removing them from the data while maintaining the utilities of the data for downstream tasks. Nevertheless, as we theoretically and empirically show in the paper, these methods reveal severe vulnerability because of a common weakness rooted in their adversarial training based strategies. To overcome this limitation, we propose a novel approach, PASS, designed to stochastically substitute the original sample with another one according to certain probabilities, which is trained with a novel loss function soundly derived from information-theoretic objective defined for utility-preserving private attributes protection. The comprehensive evaluation of PASS on various datasets of different modalities, including facial images, human activity sensory signals, and voice recording datasets, substantiates PASS’s effectiveness and generalizability.","{""adversarial_core"": [""erability because of a common weakness rooted in their adversarial training based strategies. To overcome this limitation, we prop""], ""vision_context"": [""ous datasets of different modalities, including facial images, human activity sensory signals, and voice recording d""]}",{},https://raw.githubusercontent.com/mlresearch/v267/main/assets/chen25h/chen25h.pdf,,True,icml2025_papers.json
icml2025_papers:2794,ICML,2025,Phase and Amplitude-aware Prompting for Enhancing Adversarial Robustness,6,C-Foundation,adversarial_core;vision_context,"Deep neural networks are found to be vulnerable to adversarial perturbations. The prompt-based defense has been increasingly studied due to its high efficiency. However, existing prompt-based defenses mainly exploited mixed prompt patterns, where critical patterns closely related to object semantics lack sufficient focus. The phase and amplitude spectra have been proven to be highly related to specific semantic patterns and crucial for robustness. To this end, in this paper, we propose a Phase and Amplitude-aware Prompting (PAP) defense. Specifically, we construct phase-level and amplitude-level prompts for each class, and adjust weights for prompting according to the model’s robust performance under these prompts during training. During testing, we select prompts for each image using its predicted label to obtain the prompted image, which is inputted to the model to get the final prediction. Experimental results demonstrate the effectiveness of our method.","{""adversarial_core"": [""Phase and Amplitude-aware Prompting for Enhancing Adversarial Robustness Deep neural networks are found to be vulnerable to adv""], ""vision_context"": [""g training. During testing, we select prompts for each image using its predicted label to obtain the prompted image""]}",{},https://raw.githubusercontent.com/mlresearch/v267/main/assets/xu25al/xu25al.pdf,,True,icml2025_papers.json
icml2025_papers:1596,ICML,2025,Pixel2Feature Attack (P2FA): Rethinking the Perturbed Space to Enhance Adversarial Transferability,6,C-Foundation,adversarial_core;vision_context,"Adversarial examples have been shown to deceive Deep Neural Networks (DNNs), raising widespread concerns about this security threat. More seriously, as different DNN models share critical features, feature-level attacks can generate transferable adversarial examples, thereby deceiving black-box models in real-world scenarios. Nevertheless, we have theoretically discovered the principle behind the limited transferability of existing feature-level attacks: Their attack effectiveness is essentially equivalent to perturbing features in one step along the direction of feature importance in the feature space, despite performing multiple perturbations in the pixel space. This finding indicates that existing feature-level attacks are inefficient in disrupting features through multiple pixel-space perturbations. To address this problem, we propose a P2FA that efficiently perturbs features multiple times. Specifically, we directly shift the perturbed space from pixel to feature space. Then, we perturb the features multiple times rather than just once in the feature space with the guidance of feature importance to enhance the efficiency of disrupting critical shared features. Finally, we invert the perturbed features to the pixels to generate more transferable adversarial examples. Numerous experimental results strongly demonstrate the superior transferability of P2FA over State-Of-The-Art (SOTA) attacks.","{""adversarial_core"": [""Perturbed Space to Enhance Adversarial Transferability Adversarial examples have been shown to deceive Deep Neural Networks (DNNs)""], ""vision_context"": [""pace, despite performing multiple perturbations in the pixel space. This finding indicates that existing feature-le""]}",{},https://raw.githubusercontent.com/mlresearch/v267/main/assets/liu25cd/liu25cd.pdf,,True,icml2025_papers.json
icml2025_papers:2747,ICML,2025,Provably Cost-Sensitive Adversarial Defense via Randomized Smoothing,6,C-Foundation,adversarial_core,"As machine learning models are deployed in critical applications, robustness against adversarial perturbations is crucial. While numerous defensive algorithms have been proposed to counter such attacks, they typically assume that all adversarial transformations are equally important, an assumption that rarely aligns with real-world applications. To address this, we study the problem of robust learning against adversarial perturbations under cost-sensitive scenarios, where the potential harm of different types of misclassifications is encoded in a cost matrix. Our solution introduces a provably robust learning algorithm to certify and optimize for cost-sensitive robustness, building on the scalable certification framework of randomized smoothing. Specifically, we formalize the definition of cost-sensitive certified radius and propose our novel adaptation of the standard certification algorithm to generate tight robustness certificates tailored to any cost matrix. In addition, we design a robust training method that improves certified cost-sensitive robustness without compromising model accuracy. Extensive experiments on benchmark datasets, including challenging ones unsolvable by existing methods, demonstrate the effectiveness of our certification algorithm and training method across various cost-sensitive scenarios.","{""adversarial_core"": [""Provably Cost-Sensitive Adversarial Defense via Randomized Smoothing As machine learning models ar"", ""learning models are deployed in critical applications, robustness against adversarial perturbations is crucial. While numerous defensive alg""]}",{},https://raw.githubusercontent.com/mlresearch/v267/main/assets/xin25a/xin25a.pdf,,True,icml2025_papers.json
icml2025_papers:453,ICML,2025,SAeUron: Interpretable Concept Unlearning in Diffusion Models with Sparse Autoencoders,6,C-Foundation,adversarial_core;vision_context,"Diffusion models, while powerful, can inadvertently generate harmful or undesirable content, raising significant ethical and safety concerns. Recent machine unlearning approaches offer potential solutions but often lack transparency, making it difficult to understand the changes they introduce to the base model. In this work, we introduce SAeUron, a novel method leveraging features learned by sparse autoencoders (SAEs) to remove unwanted concepts in text-to-image diffusion models. First, we demonstrate that SAEs, trained in an unsupervised manner on activations from multiple denoising timesteps of the diffusion model, capture sparse and interpretable features corresponding to specific concepts. Building on this, we propose a feature selection method that enables precise interventions on model activations to block targeted content while preserving overall performance. Our evaluation shows that SAeUron outperforms existing approaches on the UnlearnCanvas benchmark for concepts and style unlearning, and effectively eliminates nudity when evaluated with I2P. Moreover, we show that with a single SAE, we can remove multiple concepts simultaneously and that in contrast to other methods, SAeUron mitigates the possibility of generating unwanted content under adversarial attack. Code and checkpoints are available at GitHub.","{""adversarial_core"": [""s the possibility of generating unwanted content under adversarial attack. Code and checkpoints are available at GitHub.""], ""vision_context"": [""encoders (SAEs) to remove unwanted concepts in text-to-image diffusion models. First, we demonstrate that SAEs, tra""]}",{},https://raw.githubusercontent.com/mlresearch/v267/main/assets/cywinski25a/cywinski25a.pdf,,True,icml2025_papers.json
icml2025_papers:2735,ICML,2025,SANA 1.5: Efficient Scaling of Training-Time and Inference-Time Compute in Linear Diffusion Transformer,6,C-Foundation,adversarial_core;vision_context,"This paper presents SANA-1.5, a linear Diffusion Transformer for efficient scaling in text-to-image generation. Building upon SANA-1.0, we introduce three key innovations: (1) Efficient Training Scaling: A depth-growth paradigm that enables scaling from 1.6B to 4.8B parameters with significantly reduced computational resources, combined with a memory-efficient 8-bit optimizer. (2) Model Depth Pruning: A block importance analysis technique for efficient model compression to arbitrary sizes with minimal quality loss. (3) Inference-time Scaling: A repeated sampling strategy that trades computation for model capacity, enabling smaller models to match larger model quality at inference time. Through these strategies, SANA-1.5 achieves a text-image alignment score of 0.72 on GenEval, which can be further improved to 0.80 through inference scaling, establishing a new SoTA on GenEval benchmark. These innovations enable efficient model scaling across different compute budgets while maintaining high quality, making high-quality image generation more accessible.","{""adversarial_core"": [""erence-time Scaling: A repeated sampling strategy that trades computation for model capacity, enabling smaller model""], ""vision_context"": [""Diffusion Transformer for efficient scaling in text-to-image generation. Building upon SANA-1.0, we introduce three""]}",{},https://raw.githubusercontent.com/mlresearch/v267/main/assets/xie25b/xie25b.pdf,,True,icml2025_papers.json
icml2025_papers:797,ICML,2025,SGD Jittering: A Training Strategy for Robust and Accurate Model-Based Architectures,6,C-Foundation,adversarial_core,"Inverse problems aim to reconstruct unseen data from corrupted or perturbed measurements. While most work focuses on improving reconstruction quality, generalization accuracy and robustness are equally important, especially for safety-critical applications. Model-based architectures (MBAs), such as loop unrolling methods, are considered more interpretable and achieve better reconstructions. Empirical evidence suggests that MBAs are more robust to perturbations than black-box solvers, but the accuracy-robustness tradeoff in MBAs remains underexplored. In this work, we propose a simple yet effective training scheme for MBAs, called SGD jittering, which injects noise iteration-wise during reconstruction. We theoretically demonstrate that SGD jittering not only generalizes better than the standard mean squared error training but is also more robust to average-case attacks. We validate SGD jittering using denoising toy examples, seismic deconvolution, and single-coil MRI reconstruction. Both SGD jittering and its SPGD extension yield cleaner reconstructions for out-of-distribution data and demonstrates enhanced robustness against adversarial attacks.","{""adversarial_core"": [""tion data and demonstrates enhanced robustness against adversarial attacks."", ""for out-of-distribution data and demonstrates enhanced robustness against adversarial attacks.""]}",{},https://raw.githubusercontent.com/mlresearch/v267/main/assets/guan25b/guan25b.pdf,,True,icml2025_papers.json
icml2025_papers:2448,ICML,2025,Topological Signatures of Adversaries in Multimodal Alignments,6,C-Foundation,adversarial_core;vision_context,"Multimodal Machine Learning systems, particularly those aligning text and image data like CLIP/BLIP models, have become increasingly prevalent, yet remain susceptible to adversarial attacks. While substantial research has addressed adversarial robustness in unimodal contexts, defense strategies for multimodal systems are underexplored. This work investigates the topological signatures that arise between image and text embeddings and shows how adversarial attacks disrupt their alignment, introducing distinctive signatures. We specifically leverage persistent homology and introduce two novel Topological-Contrastive losses based on Total Persistence and Multi-scale kernel methods to analyze the topological signatures introduced by adversarial perturbations. We observe a pattern of monotonic changes in the proposed topological losses emerging in a wide range of attacks on image-text alignments, as more adversarial samples are introduced in the data. By designing an algorithm to back-propagate these signatures to input samples, we are able to integrate these signatures into Maximum Mean Discrepancy tests, creating a novel class of tests that leverage topological signatures for better adversarial detection.","{""adversarial_core"": [""come increasingly prevalent, yet remain susceptible to adversarial attacks. While substantial research has addressed adversarial""], ""vision_context"": [""Learning systems, particularly those aligning text and image data like CLIP/BLIP models, have become increasingly p""]}",{},https://raw.githubusercontent.com/mlresearch/v267/main/assets/vu25a/vu25a.pdf,,True,icml2025_papers.json
icml2025_papers:2850,ICML,2025,Variance as a Catalyst: Efficient and Transferable Semantic Erasure Adversarial Attack for Customized Diffusion Models,6,C-Foundation,adversarial_core;vision_context,"Latent Diffusion Models (LDMs) enable fine-tuning with only a few images and have become widely used on the Internet. However, it can also be misused to generate fake images, leading to privacy violations and social risks. Existing adversarial attack methods primarily introduce noise distortions to generated images but fail to completely erase identity semantics. In this work, we identify the variance of VAE latent code as a key factor that influences image distortion. Specifically, larger variances result in stronger distortions and ultimately erase semantic information. Based on this finding, we propose a Laplace-based (LA) loss function that optimizes along the fastest variance growth direction, ensuring each optimization step is locally optimal. Additionally, we analyze the limitations of existing methods and reveal that their loss functions often fail to align gradient signs with the direction of variance growth. They also struggle to ensure efficient optimization under different variance distributions. To address these issues, we further propose a novel Lagrange Entropy-based (LE) loss function. Experimental results demonstrate that our methods achieve state-of-the-art performance on CelebA-HQ and VGGFace2. Both proposed loss functions effectively lead diffusion models to generate pure-noise images with identity semantics completely erased. Furthermore, our methods exhibit strong transferability across diverse models and efficiently complete attacks with minimal computational resources. Our work provides a practical and efficient solution for privacy protection.","{""adversarial_core"": [""Catalyst: Efficient and Transferable Semantic Erasure Adversarial Attack for Customized Diffusion Models Latent Diffusion Model""], ""vision_context"": [""usion Models (LDMs) enable fine-tuning with only a few images and have become widely used on the Internet. However,""]}",{},https://raw.githubusercontent.com/mlresearch/v267/main/assets/yang25ai/yang25ai.pdf,,True,icml2025_papers.json
icml2025_papers:1793,ICML,2025,Adversarial Robustness in Two-Stage Learning-to-Defer: Algorithms and Guarantees,5,C-Foundation,adversarial_core,"Two-stage Learning-to-Defer (L2D) enables optimal task delegation by assigning each input to either a fixed main model or one of several offline experts, supporting reliable decision-making in complex, multi-agent environments. However, existing L2D frameworks assume clean inputs and are vulnerable to adversarial perturbations that can manipulate query allocation—causing costly misrouting or expert overload. We present the first comprehensive study of adversarial robustness in two-stage L2D systems. We introduce two novel attack strategies—untargeted and targeted—which respectively disrupt optimal allocations or force queries to specific agents. To defend against such threats, we propose SARD, a convex learning algorithm built on a family of surrogate losses that are provably Bayes-consistent and $(\mathcal{R}, \mathcal{G})$-consistent. These guarantees hold across classification, regression, and multi-task settings. Empirical results demonstrate that SARD significantly improves robustness under adversarial attacks while maintaining strong clean performance, marking a critical step toward secure and trustworthy L2D deployment.","{""adversarial_core"": [""Adversarial Robustness in Two-Stage Learning-to-Defer: Algorithms and Guarant""]}",{},https://raw.githubusercontent.com/mlresearch/v267/main/assets/montreuil25a/montreuil25a.pdf,,True,icml2025_papers.json
icml2025_papers:1689,ICML,2025,Adversarial Robustness via Deformable Convolution with Stochasticity,5,C-Foundation,adversarial_core,"Random defense represents a promising strategy to protect neural networks from adversarial attacks. Most of these methods enhance robustness by injecting randomness into the data, increasing uncertainty for attackers. However, this randomness could reduce the generalization capacity of defense, as defense performance could be sensitive to the hyperparameters of noise added to the data, making it difficult to generalize across different datasets. Additionally, the involvement of randomness always comes with a reduction of natural accuracy, which leads to a delicate trade-off between them, which is seldom studied in random defense. In this work, we propose incorporating randomness into the network structure instead of data input by designing stochastic deformable convolution, where a random mask replaces the convolutional offset. This process promotes data independence, enhancing generalization across datasets. To study the trade-off, we conduct a theoretical analysis of both robust and clean accuracy, from a perspective of gradient cosine similarity and natural inference. Based on the analysis, we reformulate the adversarial training in our random defense framework. Extensive experiments show that our method achieves SOTA adversarial robustness and clean accuracy compared with other random defense methods.","{""adversarial_core"": [""Adversarial Robustness via Deformable Convolution with Stochasticity Random d""]}",{},https://raw.githubusercontent.com/mlresearch/v267/main/assets/ma25h/ma25h.pdf,,True,icml2025_papers.json
icml2025_papers:781,ICML,2025,Boosting Adversarial Robustness with CLAT: Criticality Leveraged Adversarial Training,5,C-Foundation,adversarial_core,"Adversarial training (AT) enhances neural network robustness. Typically, AT updates all trainable parameters, but can lead to overfitting and increased errors on clean data. Research suggests that fine-tuning specific parameters may be more effective; however, methods for identifying these essential parameters and establishing effective optimization objectives remain inadequately addressed. We present CLAT, an innovative adversarial fine-tuning algorithm that mitigates adversarial overfitting by integrating ""criticality"" into the training process. Instead of tuning the entire model, CLAT identifies and fine-tunes fewer parameters in robustness-critical layers—those predominantly learning non-robust features—while keeping the rest of the model fixed. Additionally, CLAT employs a dynamic layer selection process that adapts to changes in layer criticality during training. Empirical results demonstrate that CLAT can be seamlessly integrated with existing adversarial training methods, enhancing clean accuracy and adversarial robustness by over 2% compared to baseline approaches.","{""adversarial_core"": [""Boosting Adversarial Robustness with CLAT: Criticality Leveraged Adversarial Training""]}",{},https://raw.githubusercontent.com/mlresearch/v267/main/assets/gopal25a/gopal25a.pdf,,True,icml2025_papers.json
icml2025_papers:2765,ICML,2025,Concept-Based Unsupervised Domain Adaptation,5,C-Foundation,adversarial_core,"Concept Bottleneck Models (CBMs) enhance interpretability by explaining predictions through human-understandable concepts but typically assume that training and test data share the same distribution. This assumption often fails under domain shifts, leading to degraded performance and poor generalization. To address these limitations and improve the robustness of CBMs, we propose the Concept-based Unsupervised Domain Adaptation (CUDA) framework. CUDA is designed to: (1) align concept representations across domains using adversarial training, (2) introduce a relaxation threshold to allow minor domain-specific differences in concept distributions, thereby preventing performance drop due to over-constraints of these distributions, (3) infer concepts directly in the target domain without requiring labeled concept data, enabling CBMs to adapt to diverse domains, and (4) integrate concept learning into conventional domain adaptation (DA) with theoretical guarantees, improving interpretability and establishing new benchmarks for DA. Experiments demonstrate that our approach significantly outperforms the state-of-the-art CBM and DA methods on real-world datasets.","{""adversarial_core"": [""(1) align concept representations across domains using adversarial training, (2) introduce a relaxation threshold to allow minor d""]}",{},https://raw.githubusercontent.com/mlresearch/v267/main/assets/xu25i/xu25i.pdf,,True,icml2025_papers.json
icml2025_papers:604,ICML,2025,De-AntiFake: Rethinking the Protective Perturbations Against Voice Cloning Attacks,5,C-Foundation,adversarial_core,"The rapid advancement of speech generation models has heightened privacy and security concerns related to voice cloning (VC). Recent studies have investigated disrupting unauthorized voice cloning by introducing adversarial perturbations. However, determined attackers can mitigate these protective perturbations and successfully execute VC. In this study, we conduct the first systematic evaluation of these protective perturbations against VC under realistic threat models that include perturbation purification. Our findings reveal that while existing purification methods can neutralize a considerable portion of the protective perturbations, they still lead to distortions in the feature space of VC models, which degrades the performance of VC. From this perspective, we propose a novel two-stage purification method: (1) Purify the perturbed speech; (2) Refine it using phoneme guidance to align it with the clean speech distribution. Experimental results demonstrate that our method outperforms state-of-the-art purification methods in disrupting VC defenses. Our study reveals the limitations of adversarial perturbation-based VC defenses and underscores the urgent need for more robust solutions to mitigate the security and privacy risks posed by VC. The code and audio samples are available at https://de-antifake.github.io.","{""adversarial_core"": [""d disrupting unauthorized voice cloning by introducing adversarial perturbations. However, determined attackers can mitigate these prot""]}",{},https://raw.githubusercontent.com/mlresearch/v267/main/assets/fan25b/fan25b.pdf,,True,icml2025_papers.json
icml2025_papers:105,ICML,2025,Enhancing Adversarial Robustness with Conformal Prediction: A Framework for Guaranteed Model Reliability,5,C-Foundation,adversarial_core,"As deep learning models are increasingly deployed in high-risk applications, robust defenses against adversarial attacks and reliable performance guarantees become paramount. Moreover, accuracy alone does not provide sufficient assurance or reliable uncertainty estimates for these models. This study advances adversarial training by leveraging principles from Conformal Prediction. Specifically, we develop an adversarial attack method, termed OPSA (OPtimal Size Attack), designed to reduce the efficiency of conformal prediction at any significance level by maximizing model uncertainty without requiring coverage guarantees. Correspondingly, we introduce OPSA-AT (Adversarial Training), a defense strategy that integrates OPSA within a novel conformal training paradigm. Experimental evaluations demonstrate that our OPSA attack method induces greater uncertainty compared to baseline approaches for various defenses. Conversely, our OPSA-AT defensive model significantly enhances robustness not only against OPSA but also other adversarial attacks, and maintains reliable prediction. Our findings highlight the effectiveness of this integrated approach for developing trustworthy and resilient deep learning models for safety-critical domains. Our code is available at https://github.com/bjbbbb/Enhancing-Adversarial-Robustness-with-Conformal-Prediction.","{""adversarial_core"": [""Enhancing Adversarial Robustness with Conformal Prediction: A Framework for Guaranteed""]}",{},https://raw.githubusercontent.com/mlresearch/v267/main/assets/bao25a/bao25a.pdf,,True,icml2025_papers.json
icml2025_papers:3202,ICML,2025,"Flexible, Efficient, and Stable Adversarial Attacks on Machine Unlearning",5,C-Foundation,adversarial_core,"Machine unlearning (MU) aims to remove the influence of specific data points from trained models, enhancing compliance with privacy regulations. However, the vulnerability of basic MU models to malicious unlearning requests in adversarial learning environments has been largely overlooked. Existing adversarial MU attacks suffer from three key limitations: inflexibility due to pre-defined attack targets, inefficiency in handling multiple attack requests, and instability caused by non-convex loss functions. To address these challenges, we propose a Flexible, Efficient, and Stable Attack (DDPA). First, leveraging Carathéodory’s theorem, we introduce a convex polyhedral approximation to identify points in the loss landscape where convexity approximately holds, ensuring stable attack performance. Second, inspired by simplex theory and John’s theorem, we develop a regular simplex detection technique that maximizes coverage over the parameter space, improving attack flexibility and efficiency. We theoretically derive the proportion of the effective parameter space occupied by the constructed simplex. We evaluate the attack success rate of our DDPA method on real datasets against state-of-the-art machine unlearning attack methods. Our source code is available at https://github.com/zzz0134/DDPA.","{""adversarial_core"": [""Flexible, Efficient, and Stable Adversarial Attacks on Machine Unlearning Machine unlearning (MU) aims to""]}",{},https://raw.githubusercontent.com/mlresearch/v267/main/assets/zhou25al/zhou25al.pdf,,True,icml2025_papers.json
icml2025_papers:1778,ICML,2025,Gradient Flow Provably Learns Robust Classifiers for Orthonormal GMMs,5,C-Foundation,adversarial_core,"Deep learning-based classifiers are known to be vulnerable to adversarial attacks. Existing methods for defending against such attacks require adding a defense mechanism or modifying the learning procedure (e.g., by adding adversarial examples). This paper shows that for certain data distributions one can learn a provably robust classifier using standard learning methods and without adding a defense mechanism. More specifically, this paper addresses the problem of finding a robust classifier for a binary classification problem in which the data comes from an isotropic mixture of Gaussians with orthonormal cluster centers. First, we characterize the largest $\ell_2$-attack any classifier can defend against while maintaining high accuracy, and show the existence of optimal robust classifiers achieving this maximum $\ell_2$-robustness. Next, we show that given data from the orthonormal Gaussian mixture model, gradient flow on a two-layer network with a polynomial ReLU activation and without adversarial examples provably finds an optimal robust classifier.","{""adversarial_core"": [""arning-based classifiers are known to be vulnerable to adversarial attacks. Existing methods for defending against such attacks r""]}",{},https://raw.githubusercontent.com/mlresearch/v267/main/assets/min25c/min25c.pdf,,True,icml2025_papers.json
icml2025_papers:2131,ICML,2025,Learning Representations of Instruments for Partial Identification of Treatment Effects,5,C-Foundation,adversarial_core,"Reliable estimation of treatment effects from observational data is important in many disciplines such as medicine. However, estimation is challenging when unconfoundedness as a standard assumption in the causal inference literature is violated. In this work, we leverage arbitrary (potentially high-dimensional) instruments to estimate bounds on the conditional average treatment effect (CATE). Our contributions are three-fold: (1) We propose a novel approach for partial identification through a mapping of instruments to a discrete representation space so that we yield valid bounds on the CATE. This is crucial for reliable decision-making in real-world applications. (2) We derive a two-step procedure that learns tight bounds using a tailored neural partitioning of the latent instrument space. As a result, we avoid instability issues due to numerical approximations or adversarial training. Furthermore, our procedure aims to reduce the estimation variance in finite-sample settings to yield more reliable estimates. (3) We show theoretically that our procedure obtains valid bounds while reducing estimation variance. We further perform extensive experiments to demonstrate the effectiveness across various settings. Overall, our procedure offers a novel path for practitioners to make use of potentially high-dimensional instruments (e.g., as in Mendelian randomization).","{""adversarial_core"": [""instability issues due to numerical approximations or adversarial training. Furthermore, our procedure aims to reduce the estimat""]}",{},https://raw.githubusercontent.com/mlresearch/v267/main/assets/schweisthal25a/schweisthal25a.pdf,,True,icml2025_papers.json
icml2025_papers:2574,ICML,2025,Multi-Domain Graph Foundation Models: Robust Knowledge Transfer via Topology Alignment,5,C-Foundation,adversarial_core,"Recent advances in CV and NLP have inspired researchers to develop general-purpose graph foundation models through pre-training across diverse domains. However, a fundamental challenge arises from the substantial differences in graph topologies across domains. Additionally, real-world graphs are often sparse and prone to noisy connections and adversarial attacks. To address these issues, we propose the Multi-Domain Graph Foundation Model (MDGFM), a unified framework that aligns and leverages cross-domain topological information to facilitate robust knowledge transfer. MDGFM bridges different domains by adaptively balancing features and topology while refining original graphs to eliminate noise and align topological structures. To further enhance knowledge transfer, we introduce an efficient prompt-tuning approach. By aligning topologies, MDGFM not only improves multi-domain pre-training but also enables robust knowledge transfer to unseen domains. Theoretical analyses provide guarantees of MDGFM’s effectiveness and domain generalization capabilities. Extensive experiments on both homophilic and heterophilic graph datasets validate the robustness and efficacy of our method.","{""adversarial_core"": [""hs are often sparse and prone to noisy connections and adversarial attacks. To address these issues, we propose the Multi-Domain""]}",{},https://raw.githubusercontent.com/mlresearch/v267/main/assets/wang25dj/wang25dj.pdf,,True,icml2025_papers.json
icml2025_papers:2927,ICML,2025,On the Adversarial Robustness of Multi-Kernel Clustering,5,C-Foundation,adversarial_core,"Multi-kernel clustering (MKC) has emerged as a powerful method for capturing diverse data patterns, offering robust and generalized representations of data structures. However, the increasing deployment of MKC in real-world applications raises concerns about its vulnerability to adversarial perturbations. While adversarial robustness has been extensively studied in other domains, its impact on MKC remains largely unexplored. In this paper, we address the challenge of assessing the adversarial robustness of MKC methods in a black-box setting. Specifically, we proposeAdvMKC, a novel reinforcement-learning-based adversarial attack framework designed to inject imperceptible perturbations into data and mislead MKC methods. AdvMKC leverages proximal policy optimization with an advantage function to overcome the instability of clustering results during optimization. Additionally, it introduces a generator-clusterer framework, where a generator produces adversarial perturbations, and a clusterer approximates MKC behavior, significantly reducing computational overhead. We provide theoretical insights into the impact of adversarial perturbations on MKC and validate these findings through experiments. Evaluations across seven datasets and eleven MKC methods (seven traditional and four robust) demonstrate AdvMKC’s effectiveness, robustness, and transferability.","{""adversarial_core"": [""On the Adversarial Robustness of Multi-Kernel Clustering Multi-kernel clustering (MK""]}",{},https://raw.githubusercontent.com/mlresearch/v267/main/assets/yu25m/yu25m.pdf,,True,icml2025_papers.json
icml2025_papers:1930,ICML,2025,On the Local Complexity of Linear Regions in Deep ReLU Networks,5,C-Foundation,adversarial_core,"We define thelocal complexityof a neural network with continuous piecewise linear activations as a measure of the density of linear regions over an input data distribution. We show theoretically that ReLU networks that learn low-dimensional feature representations have a lower local complexity. This allows us to connect recent empirical observations on feature learning at the level of the weight matrices with concrete properties of the learned functions. In particular, we show that the local complexity serves as an upper bound on the total variation of the function over the input data distribution and thus that feature learning can be related to adversarial robustness. Lastly, we consider how optimization drives ReLU networks towards solutions with lower local complexity. Overall, this work contributes a theoretical framework towards relating geometric properties of ReLU networks to different aspects of learning such as feature learning and representation cost.","{""adversarial_core"": [""ution and thus that feature learning can be related to adversarial robustness. Lastly, we consider how optimization drives ReLU netw""]}",{},https://raw.githubusercontent.com/mlresearch/v267/main/assets/patel25a/patel25a.pdf,,True,icml2025_papers.json
icml2025_papers:19,ICML,2025,Optimal Fair Learning Robust to Adversarial Distribution Shift,5,C-Foundation,adversarial_core,"Previous work in fair machine learning has characterised the Fair Bayes Optimal Classifier (BOC) on a given distribution for both deterministic and randomized classifiers. We study the robustness of the Fair BOC to adversarial noise in the data distribution. Kearns & Li (1988) implies that the accuracy of the deterministic BOC without any fairness constraints is robust (Lipschitz) to malicious noise in the data distribution. We demonstrate that their robustness guarantee breaks down when we add fairness constraints. Hence, we consider the randomized Fair BOC, and our central result is that its accuracy is robust to malicious noise in the data distribution. Our robustness result applies to various fairness constraints—Demographic Parity, Equal Opportunity, Predictive Equality. Beyond robustness, we demonstrate that randomization leads to better accuracy and efficiency. We show that the randomized Fair BOC is nearly-deterministic, and gives randomized predictions on at most one data point, hence availing numerous benefits of randomness, while using very little of it.","{""adversarial_core"": [""Optimal Fair Learning Robust to Adversarial Distribution Shift Previous work in fair machine learn""]}",{},https://raw.githubusercontent.com/mlresearch/v267/main/assets/agarwal25b/agarwal25b.pdf,,True,icml2025_papers.json
icml2025_papers:3266,ICML,2025,Position: Certified Robustness Does Not (Yet) Imply Model Security,5,C-Foundation,adversarial_core,"While certified robustness is widely promoted as a solution to adversarial examples in Artificial Intelligence systems, significant challenges remain before these techniques can be meaningfully deployed in real-world applications. We identify critical gaps in current research, including the paradox of detection without distinction, the lack of clear criteria for practitioners to evaluate certification schemes, and the potential security risks arising from users’ expectations surrounding “guaranteed"" robustness claims. These create an alignment issue between how certifications are presented and perceived, relative to their actual capabilities. This position paper is a call to arms for the certification research community, proposing concrete steps to address these fundamental challenges and advance the field toward practical applicability.","{""adversarial_core"": [""rtified robustness is widely promoted as a solution to adversarial examples in Artificial Intelligence systems, significant challe""]}",{},https://raw.githubusercontent.com/mlresearch/v267/main/assets/cullen25a/cullen25a.pdf,,True,icml2025_papers.json
icml2025_papers:171,ICML,2025,Probably Approximately Global Robustness Certification,5,C-Foundation,adversarial_core,"We propose and investigate probabilistic guarantees for the adversarial robustness of classification algorithms. While traditional formal verification approaches for robustness are intractable and sampling-based approaches do not provide formal guarantees, our approach is able to efficiently certify a probabilistic relaxation of robustness. The key idea is to sample an $\epsilon$-net and invoke a local robustness oracle on the sample. Remarkably, the size of the sample needed to achieve probably approximately global robustness guarantees is independent of the input dimensionality, the number of classes, and the learning algorithm itself. Our approach can, therefore, be applied even to large neural networks that are beyond the scope of traditional formal verification. Experiments empirically confirm that it characterizes robustness better than state-of-the-art sampling-based approaches and scales better than formal methods.","{""adversarial_core"": [""opose and investigate probabilistic guarantees for the adversarial robustness of classification algorithms. While traditional formal""]}",{},https://raw.githubusercontent.com/mlresearch/v267/main/assets/blohm25a/blohm25a.pdf,,True,icml2025_papers.json
icml2025_papers:1694,ICML,2025,PTTA: Purifying Malicious Samples for Test-Time Model Adaptation,5,C-Foundation,adversarial_core,"Test-Time Adaptation (TTA) enables deep neural networks to adapt to arbitrary distributions during inference. Existing TTA algorithms generally tend to select benign samples that help achieve robust online prediction and stable self-training. Although malicious samples that would undermine the model’s optimization should be filtered out, it also leads to a waste of test data. To alleviate this issue, we focus on how to make full use of the malicious test samples for TTA by transforming them into benign ones, and propose a plug-and-play method, PTTA. The core of our solution lies in the purification strategy, which retrieves benign samples having opposite effects on the objective function to perform Mixup with malicious samples, based on a saliency indicator for encoding benign and malicious data. This strategy results in effective utilization of the information in malicious samples and an improvement of the models’ online test accuracy. In this way, we can directly apply the purification loss to existing TTA algorithms without the need to carefully adjust the sample selection threshold. Extensive experiments on four types of TTA tasks as well as classification, segmentation, and adversarial defense demonstrate the effectiveness of our method. Code is available at https://github.com/HAIV-Lab/PTTA.","{""adversarial_core"": [""TTA tasks as well as classification, segmentation, and adversarial defense demonstrate the effectiveness of our method. Code is a""]}",{},https://raw.githubusercontent.com/mlresearch/v267/main/assets/ma25m/ma25m.pdf,,True,icml2025_papers.json
icml2025_papers:2908,ICML,2025,Quadratic Upper Bound for Boosting Robustness,5,C-Foundation,adversarial_core,"Fast adversarial training (FAT) aims to enhance the robustness of models against adversarial attacks with reduced training time, however, FAT often suffers from compromised robustness due to insufficient exploration of adversarial space. In this paper, we develop a loss function to mitigate the problem of degraded robustness under FAT. Specifically, we derive a quadratic upper bound (QUB) on the adversarial training (AT) loss function and propose to utilize the bound with existing FAT methods. Our experimental results show that applying QUB loss to the existing methods yields significant improvement of robustness. Furthermore, using various metrics, we demonstrate that this improvement is likely to result from the smoothened loss landscape of the resulting model.","{""adversarial_core"": [""Quadratic Upper Bound for Boosting Robustness Fast adversarial training (FAT) aims to enhance the robustness of models against""]}",{},https://raw.githubusercontent.com/mlresearch/v267/main/assets/you25a/you25a.pdf,,True,icml2025_papers.json
icml2025_papers:2872,ICML,2025,Understanding Model Ensemble in Transferable Adversarial Attack,5,C-Foundation,adversarial_core,"Model ensemble adversarial attack has become a powerful method for generating transferable adversarial examples that can target even unknown models, but its theoretical foundation remains underexplored. To address this gap, we provide early theoretical insights that serve as a roadmap for advancing model ensemble adversarial attack. We first define transferability error to measure the error in adversarial transferability, alongside concepts of diversity and empirical model ensemble Rademacher complexity. We then decompose the transferability error into vulnerability, diversity, and a constant, which rigidly explains the origin of transferability error in model ensemble attack: the vulnerability of an adversarial example to ensemble components, and the diversity of ensemble components. Furthermore, we apply the latest mathematical tools in information theory to bound the transferability error using complexity and generalization terms, validating three practical guidelines for reducing transferability error: (1) incorporating more surrogate models, (2) increasing their diversity, and (3) reducing their complexity in cases of overfitting. Finally, extensive experiments with 54 models validate our theoretical framework, representing a significant step forward in understanding transferable model ensemble adversarial attacks.","{""adversarial_core"": [""Understanding Model Ensemble in Transferable Adversarial Attack Model ensemble adversarial attack has become a powerfu""]}",{},https://raw.githubusercontent.com/mlresearch/v267/main/assets/yao25f/yao25f.pdf,,True,icml2025_papers.json
icml2025_papers:923,ICML,2025,When Data-Free Knowledge Distillation Meets Non-Transferable Teacher: Escaping Out-of-Distribution Trap is All You Need,5,C-Foundation,adversarial_core,"Data-free knowledge distillation (DFKD) transfers knowledge from a teacher to a student without access the real in-distribution (ID) data. Its common solution is to use a generator to synthesize fake data and use them as a substitute for real ID data. However, existing works typically assume teachers are trustworthy, leaving the robustness and security of DFKD from untrusted teachers largely unexplored. In this work, we conduct the first investigation into distilling non-transferable learning (NTL) teachers using DFKD, where the transferability from an ID domain to an out-of-distribution (OOD) domain is prohibited. We find that NTL teachers fool DFKD through divert the generator’s attention from the useful ID knowledge to the misleading OOD knowledge. This hinders ID knowledge transfer but prioritizes OOD knowledge transfer. To mitigate this issue, we propose Adversarial Trap Escaping (ATEsc) to benefit DFKD by identifying and filtering out OOD-like synthetic samples. Specifically, inspired by the evidence that NTL teachers show stronger adversarial robustness on OOD samples than ID samples, we split synthetic samples into two groups according to their robustness. The fragile group is treated as ID-like data and used for normal knowledge distillation, while the robust group is seen as OOD-like data and utilized for forgetting OOD knowledge. Extensive experiments demonstrate the effectiveness of ATEsc for improving DFKD against NTL teachers.","{""adversarial_core"": [""spired by the evidence that NTL teachers show stronger adversarial robustness on OOD samples than ID samples, we split synthetic sam""]}",{},https://raw.githubusercontent.com/mlresearch/v267/main/assets/hong25a/hong25a.pdf,,True,icml2025_papers.json
